{
  "http://www.wikidata.org/entity/Q20718421": {},
  "http://www.wikidata.org/entity/Q19747380": {},
  "http://www.wikidata.org/entity/Q13165453": {},
  "http://www.wikidata.org/entity/Q31829329": {},
  "http://www.wikidata.org/entity/Q20081334": {},
  "http://www.wikidata.org/entity/Q25694299": {},
  "http://www.wikidata.org/entity/Q15978631": {},
  "http://www.wikidata.org/entity/Q5": {
    "http://www.wikidata.org/entity/Q7239": "4",
    "http://www.wikidata.org/entity/Q159344": "3",
    "http://www.wikidata.org/entity/Q1274979": "5",
    "http://www.wikidata.org/entity/Q3778211": "2",
    "http://www.wikidata.org/entity/Q72638": "2",
    "http://www.wikidata.org/entity/Q45983014": "2",
    "http://www.wikidata.org/entity/Q795052": "2",
    "http://www.wikidata.org/entity/Q154954": "1",
    "http://www.wikidata.org/entity/Q164509": "1",
    "http://www.wikidata.org/entity/Q215627": "1"
  },
  "http://www.wikidata.org/entity/Q12937355": {},
  "http://www.wikidata.org/entity/Q15622934": {},
  "http://www.wikidata.org/entity/Q60594690": {},
  "http://www.wikidata.org/entity/Q31149103": {},
  "http://www.wikidata.org/entity/Q486972": {
    "http://www.wikidata.org/entity/Q17334923": "3",
    "http://www.wikidata.org/entity/Q4330518": "4",
    "http://www.wikidata.org/entity/Q177634": "1",
    "http://www.wikidata.org/entity/Q27096235": "1"
  },
  "http://www.wikidata.org/entity/Q25653626": {},
  "http://www.wikidata.org/entity/Q16518023": {},
  "http://www.wikidata.org/entity/Q11773892": {},
  "http://www.wikidata.org/entity/Q29701762": {},
  "http://www.wikidata.org/entity/Q3257686": {
    "http://www.wikidata.org/entity/Q17334923": "4",
    "http://www.wikidata.org/entity/Q177634": "2",
    "http://www.wikidata.org/entity/Q27096235": "2",
    "http://www.wikidata.org/entity/Q4330518": "5",
    "http://www.wikidata.org/entity/Q486972": "1"
  },
  "http://www.wikidata.org/entity/Q11961900": {},
  "http://www.wikidata.org/entity/Q6646886": {},
  "http://www.wikidata.org/entity/Q25633448": {},
  "http://www.wikidata.org/entity/Q25630031": {},
  "http://www.wikidata.org/entity/Q3624078": {
    "http://www.wikidata.org/entity/Q43229": "6",
    "http://www.wikidata.org/entity/Q3778211": "4",
    "http://www.wikidata.org/entity/Q12047392": "3",
    "http://www.wikidata.org/entity/Q7210356": "4",
    "http://www.wikidata.org/entity/Q17334923": "9",
    "http://www.wikidata.org/entity/Q6256": "1",
    "http://www.wikidata.org/entity/Q7275": "1",
    "http://www.wikidata.org/entity/Q1048835": "3",
    "http://www.wikidata.org/entity/Q56061": "2",
    "http://www.wikidata.org/entity/Q155076": "2",
    "http://www.wikidata.org/entity/Q177634": "2",
    "http://www.wikidata.org/entity/Q1063239": "3",
    "http://www.wikidata.org/entity/Q1896989": "2",
    "http://www.wikidata.org/entity/Q96196009": "2",
    "http://www.wikidata.org/entity/Q4330518": "5"
  },
  "http://www.wikidata.org/entity/Q3591847": {},
  "http://www.wikidata.org/entity/Q29843001": {},
  "http://www.wikidata.org/entity/Q15324": {
    "http://www.wikidata.org/entity/Q17334923": "3"
  },
  "http://www.wikidata.org/entity/Q2757587": {},
  "http://www.wikidata.org/entity/Q9143816": {},
  "http://www.wikidata.org/entity/Q4114033": {},
  "http://www.wikidata.org/entity/Q12242934": {},
  "http://www.wikidata.org/entity/Q17334923": {},
  "http://www.wikidata.org/entity/Q28788134": {},
  "http://www.wikidata.org/entity/Q12826992": {},
  "http://www.wikidata.org/entity/Q11089084": {},
  "http://www.wikidata.org/entity/Q3745699": {},
  "http://www.wikidata.org/entity/Q3976623": {},
  "http://www.wikidata.org/entity/Q3502444": {},
  "http://www.wikidata.org/entity/Q56061": {
    "http://www.wikidata.org/entity/Q17334923": "5"
  },
  "http://www.wikidata.org/entity/Q25453823": {},
  "http://www.wikidata.org/entity/Q35657": {
    "http://www.wikidata.org/entity/Q56061": "8",
    "http://www.wikidata.org/entity/Q5164076": "2",
    "http://www.wikidata.org/entity/Q43229": "8",
    "http://www.wikidata.org/entity/Q3778211": "6",
    "http://www.wikidata.org/entity/Q12047392": "5",
    "http://www.wikidata.org/entity/Q12076836": "2",
    "http://www.wikidata.org/entity/Q7210356": "6",
    "http://www.wikidata.org/entity/Q17334923": "15",
    "http://www.wikidata.org/entity/Q7275": "3",
    "http://www.wikidata.org/entity/Q155076": "4",
    "http://www.wikidata.org/entity/Q177634": "4",
    "http://www.wikidata.org/entity/Q1048835": "5",
    "http://www.wikidata.org/entity/Q1063239": "5",
    "http://www.wikidata.org/entity/Q1896989": "4",
    "http://www.wikidata.org/entity/Q96196009": "4",
    "http://www.wikidata.org/entity/Q4330518": "7",
    "http://www.wikidata.org/entity/Q1799794": "2",
    "http://www.wikidata.org/entity/Q107390": "1",
    "http://www.wikidata.org/entity/Q192611": "1",
    "http://www.wikidata.org/entity/Q852446": "1",
    "http://www.wikidata.org/entity/Q10864048": "1"
  },
  "http://www.wikidata.org/entity/Q25591543": {},
  "http://www.wikidata.org/entity/Q47008": {},
  "http://www.wikidata.org/entity/Q21916828": {},
  "http://www.wikidata.org/entity/Q20074337": {
    "http://www.wikidata.org/entity/Q43229": "4",
    "http://www.wikidata.org/entity/Q327245": "2",
    "http://www.wikidata.org/entity/Q4438121": "2",
    "http://www.wikidata.org/entity/Q12973014": "1"
  },
  "http://www.wikidata.org/entity/Q3967382": {},
  "http://www.wikidata.org/entity/Q65742449": {
    "http://www.wikidata.org/entity/Q841654": "5",
    "http://www.wikidata.org/entity/Q21550582": "5",
    "http://www.wikidata.org/entity/Q16510064": "4",
    "http://www.wikidata.org/entity/Q22938576": "3",
    "http://www.wikidata.org/entity/Q87267404": "1",
    "http://www.wikidata.org/entity/Q24050099": "2"
  },
  "http://www.wikidata.org/entity/Q476028": {
    "http://www.wikidata.org/entity/Q163740": "6",
    "http://www.wikidata.org/entity/Q43229": "12",
    "http://www.wikidata.org/entity/Q155076": "8",
    "http://www.wikidata.org/entity/Q4830453": "7",
    "http://www.wikidata.org/entity/Q12047392": "9",
    "http://www.wikidata.org/entity/Q3778211": "9",
    "http://www.wikidata.org/entity/Q17270000": "1",
    "http://www.wikidata.org/entity/Q847017": "2",
    "http://www.wikidata.org/entity/Q988108": "3",
    "http://www.wikidata.org/entity/Q4438121": "3",
    "http://www.wikidata.org/entity/Q48204": "4",
    "http://www.wikidata.org/entity/Q79913": "5",
    "http://www.wikidata.org/entity/Q15911314": "5",
    "http://www.wikidata.org/entity/Q895526": "6"
  },
  "http://www.wikidata.org/entity/Q13121336": {},
  "http://www.wikidata.org/entity/Q21980538": {
    "http://www.wikidata.org/entity/Q43229": "6",
    "http://www.wikidata.org/entity/Q3778211": "4",
    "http://www.wikidata.org/entity/Q12047392": "4",
    "http://www.wikidata.org/entity/Q679206": "3",
    "http://www.wikidata.org/entity/Q1415187": "3",
    "http://www.wikidata.org/entity/Q155076": "3",
    "http://www.wikidata.org/entity/Q362482": "2",
    "http://www.wikidata.org/entity/Q4830453": "1",
    "http://www.wikidata.org/entity/Q6881511": "1"
  },
  "http://www.wikidata.org/entity/Q16479958": {},
  "http://www.wikidata.org/entity/Q783794": {
    "http://www.wikidata.org/entity/Q43229": "1",
    "http://www.wikidata.org/entity/Q3778211": "1"
  },
  "http://www.wikidata.org/entity/Q19735760": {},
  "http://www.wikidata.org/entity/Q19735784": {},
  "http://www.wikidata.org/entity/Q4830453": {
    "http://www.wikidata.org/entity/Q43229": "2",
    "http://www.wikidata.org/entity/Q3778211": "2",
    "http://www.wikidata.org/entity/Q12047392": "2",
    "http://www.wikidata.org/entity/Q155076": "1"
  },
  "http://www.wikidata.org/entity/Q13186241": {},
  "http://www.wikidata.org/entity/Q2407748": {},
  "http://www.wikidata.org/entity/Q19698893": {},
  "http://www.wikidata.org/entity/Q6881511": {
    "http://www.wikidata.org/entity/Q43229": "4",
    "http://www.wikidata.org/entity/Q3778211": "2",
    "http://www.wikidata.org/entity/Q12047392": "2",
    "http://www.wikidata.org/entity/Q679206": "2",
    "http://www.wikidata.org/entity/Q1415187": "2",
    "http://www.wikidata.org/entity/Q155076": "1",
    "http://www.wikidata.org/entity/Q362482": "1"
  },
  "http://www.wikidata.org/entity/Q16042847": {},
  "http://www.wikidata.org/entity/Q6969559": {},
  "http://www.wikidata.org/entity/Q20025109": {},
  "http://www.wikidata.org/entity/Q60577471": {},
  "http://www.wikidata.org/entity/Q12799266": {},
  "http://www.wikidata.org/entity/Q34770": {
    "http://www.wikidata.org/entity/Q17376908": "1"
  },
  "http://www.wikidata.org/entity/Q13192321": {},
  "http://www.wikidata.org/entity/Q13057640": {},
  "http://www.wikidata.org/entity/Q20162172": {
    "http://www.wikidata.org/entity/Q315": "1",
    "http://www.wikidata.org/entity/Q34770": "1",
    "http://www.wikidata.org/entity/Q4536530": "2",
    "http://www.wikidata.org/entity/Q17376908": "3"
  },
  "http://www.wikidata.org/entity/Q10485156": {},
  "http://www.wikidata.org/entity/Q337968": {
    "http://www.wikidata.org/entity/Q17376908": "1"
  },
  "http://www.wikidata.org/entity/Q29062707": {},
  "http://www.wikidata.org/entity/Q97272927": {},
  "http://www.wikidata.org/entity/Q8142": {
    "http://www.wikidata.org/entity/Q11028": "14",
    "http://www.wikidata.org/entity/Q246672": "9",
    "http://www.wikidata.org/entity/Q474328": "9",
    "http://www.wikidata.org/entity/Q16877783": "14",
    "http://www.wikidata.org/entity/Q15809678": "4",
    "http://www.wikidata.org/entity/Q28038717": "4",
    "http://www.wikidata.org/entity/Q211364": "5",
    "http://www.wikidata.org/entity/Q17736": "6",
    "http://www.wikidata.org/entity/Q1151067": "6",
    "http://www.wikidata.org/entity/Q108163": "8",
    "http://www.wikidata.org/entity/Q2684591": "7",
    "http://www.wikidata.org/entity/Q41796": "11",
    "http://www.wikidata.org/entity/Q1786828": "12",
    "http://www.wikidata.org/entity/Q9380010": "12",
    "http://www.wikidata.org/entity/Q15916540": "12",
    "http://www.wikidata.org/entity/Q7406919": "7",
    "http://www.wikidata.org/entity/Q25351891": "6",
    "http://www.wikidata.org/entity/Q190122": "3",
    "http://www.wikidata.org/entity/Q194112": "4",
    "http://www.wikidata.org/entity/Q628523": "13",
    "http://www.wikidata.org/entity/Q837171": "5",
    "http://www.wikidata.org/entity/Q2424752": "5",
    "http://www.wikidata.org/entity/Q183046": "13",
    "http://www.wikidata.org/entity/Q1789452": "3",
    "http://www.wikidata.org/entity/Q1643989": "2",
    "http://www.wikidata.org/entity/Q1659862": "2",
    "http://www.wikidata.org/entity/Q7598359": "2",
    "http://www.wikidata.org/entity/Q1368": "1",
    "http://www.wikidata.org/entity/Q47574": "1",
    "http://www.wikidata.org/entity/Q11105360": "1"
  },
  "http://www.wikidata.org/entity/Q2088357": {
    "http://www.wikidata.org/entity/Q32178211": "1",
    "http://www.wikidata.org/entity/Q43229": "2"
  },
  "http://www.wikidata.org/entity/Q215380": {
    "http://www.wikidata.org/entity/Q2088357": "1",
    "http://www.wikidata.org/entity/Q32178211": "2",
    "http://www.wikidata.org/entity/Q43229": "3"
  },
  "http://www.wikidata.org/entity/Q24170498": {},
  "http://www.wikidata.org/entity/Q9156063": {},
  "http://www.wikidata.org/entity/Q11990249": {},
  "http://www.wikidata.org/entity/Q10369792": {},
  "http://www.wikidata.org/entity/Q12826018": {},
  "http://www.wikidata.org/entity/Q65308096": {},
  "http://www.wikidata.org/entity/Q18127": {
    "http://www.wikidata.org/entity/Q8171": "4",
    "http://www.wikidata.org/entity/Q309314": "7",
    "http://www.wikidata.org/entity/Q4373292": "7",
    "http://www.wikidata.org/entity/Q71550118": "7",
    "http://www.wikidata.org/entity/Q12767945": "8",
    "http://www.wikidata.org/entity/Q42848": "6",
    "http://www.wikidata.org/entity/Q107715": "6",
    "http://www.wikidata.org/entity/Q2150504": "6",
    "http://www.wikidata.org/entity/Q1786828": "6",
    "http://www.wikidata.org/entity/Q246672": "8",
    "http://www.wikidata.org/entity/Q11795009": "4",
    "http://www.wikidata.org/entity/Q82799": "3",
    "http://www.wikidata.org/entity/Q478798": "3",
    "http://www.wikidata.org/entity/Q1886349": "3",
    "http://www.wikidata.org/entity/Q22272508": "8",
    "http://www.wikidata.org/entity/Q22294683": "8",
    "http://www.wikidata.org/entity/Q11024": "6",
    "http://www.wikidata.org/entity/Q837816": "2",
    "http://www.wikidata.org/entity/Q111352": "6",
    "http://www.wikidata.org/entity/Q2996394": "12",
    "http://www.wikidata.org/entity/Q3249551": "14",
    "http://www.wikidata.org/entity/Q13878858": "13",
    "http://www.wikidata.org/entity/Q64732777": "13",
    "http://www.wikidata.org/entity/Q1150070": "19",
    "http://www.wikidata.org/entity/Q11028": "10",
    "http://www.wikidata.org/entity/Q52948": "10",
    "http://www.wikidata.org/entity/Q23009552": "8",
    "http://www.wikidata.org/entity/Q174984": "5",
    "http://www.wikidata.org/entity/Q1166770": "5",
    "http://www.wikidata.org/entity/Q2990593": "9",
    "http://www.wikidata.org/entity/Q22269697": "10",
    "http://www.wikidata.org/entity/Q23009675": "9",
    "http://www.wikidata.org/entity/Q17988854": "10",
    "http://www.wikidata.org/entity/Q187931": "5",
    "http://www.wikidata.org/entity/Q2944660": "5",
    "http://www.wikidata.org/entity/Q921513": "7",
    "http://www.wikidata.org/entity/Q6031064": "7",
    "http://www.wikidata.org/entity/Q1417728": "1",
    "http://www.wikidata.org/entity/Q32178211": "1",
    "http://www.wikidata.org/entity/Q43229": "2",
    "http://www.wikidata.org/entity/Q15619164": "8"
  },
  "http://www.wikidata.org/entity/Q3406838": {},
  "http://www.wikidata.org/entity/Q20794844": {},
  "http://www.wikidata.org/entity/Q65418813": {},
  "http://www.wikidata.org/entity/Q28640": {
    "http://www.wikidata.org/entity/Q16532276": "2",
    "http://www.wikidata.org/entity/Q6958747": "3",
    "http://www.wikidata.org/entity/Q61788060": "4",
    "http://www.wikidata.org/entity/Q192581": "1",
    "http://www.wikidata.org/entity/Q12737077": "1"
  },
  "http://www.wikidata.org/entity/Q11827468": {},
  "http://www.wikidata.org/entity/Q13009763": {},
  "http://www.wikidata.org/entity/Q12877129": {},
  "http://www.wikidata.org/entity/Q16513585": {},
  "http://www.wikidata.org/entity/Q10639459": {},
  "http://www.wikidata.org/entity/Q1076486": {
    "http://www.wikidata.org/entity/Q17334923": "6",
    "http://www.wikidata.org/entity/Q35145743": "3",
    "http://www.wikidata.org/entity/Q27096235": "7",
    "http://www.wikidata.org/entity/Q811430": "2",
    "http://www.wikidata.org/entity/Q811979": "1",
    "http://www.wikidata.org/entity/Q13226383": "3",
    "http://www.wikidata.org/entity/Q23764314": "1",
    "http://www.wikidata.org/entity/Q17350442": "2"
  },
  "http://www.wikidata.org/entity/Q29968784": {},
  "http://www.wikidata.org/entity/Q47524426": {},
  "http://www.wikidata.org/entity/Q2840829": {},
  "http://www.wikidata.org/entity/Q5495245": {},
  "http://www.wikidata.org/entity/Q1919935": {},
  "http://www.wikidata.org/entity/Q4438141": {},
  "http://www.wikidata.org/entity/Q13186486": {},
  "http://www.wikidata.org/entity/Q13043768": {},
  "http://www.wikidata.org/entity/Q31821984": {},
  "http://www.wikidata.org/entity/Q65344794": {},
  "http://www.wikidata.org/entity/Q43229": {},
  "http://www.wikidata.org/entity/Q19653674": {},
  "http://www.wikidata.org/entity/Q13170800": {},
  "http://www.wikidata.org/entity/Q7348124": {},
  "http://www.wikidata.org/entity/Q23397": {
    "http://www.wikidata.org/entity/Q17334923": "7",
    "http://www.wikidata.org/entity/Q12766313": "2",
    "http://www.wikidata.org/entity/Q35145263": "3",
    "http://www.wikidata.org/entity/Q27096220": "4",
    "http://www.wikidata.org/entity/Q863944": "2",
    "http://www.wikidata.org/entity/Q2507626": "3",
    "http://www.wikidata.org/entity/Q15324": "4",
    "http://www.wikidata.org/entity/Q56296563": "2",
    "http://www.wikidata.org/entity/Q271669": "1",
    "http://www.wikidata.org/entity/Q337567": "1",
    "http://www.wikidata.org/entity/Q3391202": "1"
  },
  "http://www.wikidata.org/entity/Q2759900": {},
  "http://www.wikidata.org/entity/Q13417114": {
    "http://www.wikidata.org/entity/Q43229": "4",
    "http://www.wikidata.org/entity/Q4330518": "4",
    "http://www.wikidata.org/entity/Q8436": "1",
    "http://www.wikidata.org/entity/Q1642895": "1",
    "http://www.wikidata.org/entity/Q178706": "2",
    "http://www.wikidata.org/entity/Q1313923": "2"
  },
  "http://www.wikidata.org/entity/Q4156100": {},
  "http://www.wikidata.org/entity/Q13457565": {},
  "http://www.wikidata.org/entity/Q16402858": {},
  "http://www.wikidata.org/entity/Q59865901": {},
  "http://www.wikidata.org/entity/Q18511323": {},
  "http://www.wikidata.org/entity/Q15547078": {},
  "http://www.wikidata.org/entity/Q25499878": {},
  "http://www.wikidata.org/entity/Q6018684": {},
  "http://www.wikidata.org/entity/Q25693310": {},
  "http://www.wikidata.org/entity/Q25538453": {},
  "http://www.wikidata.org/entity/Q6501139": {},
  "http://www.wikidata.org/entity/Q1307214": {
    "http://www.wikidata.org/entity/Q28108": "2",
    "http://www.wikidata.org/entity/Q1639378": "3",
    "http://www.wikidata.org/entity/Q183039": "1",
    "http://www.wikidata.org/entity/Q2752458": "1"
  },
  "http://www.wikidata.org/entity/Q25647031": {},
  "http://www.wikidata.org/entity/Q155076": {
    "http://www.wikidata.org/entity/Q43229": "1",
    "http://www.wikidata.org/entity/Q3778211": "1",
    "http://www.wikidata.org/entity/Q12047392": "1"
  },
  "http://www.wikidata.org/entity/Q2780636": {},
  "http://www.wikidata.org/entity/Q25536652": {},
  "http://www.wikidata.org/entity/Q25631279": {},
  "http://www.wikidata.org/entity/Q13167650": {},
  "http://www.wikidata.org/entity/Q12140": {
    "http://www.wikidata.org/entity/Q28732711": "5",
    "http://www.wikidata.org/entity/Q43460564": "5",
    "http://www.wikidata.org/entity/Q79529": "4",
    "http://www.wikidata.org/entity/Q8386": "2",
    "http://www.wikidata.org/entity/Q86746756": "2",
    "http://www.wikidata.org/entity/Q409205": "3",
    "http://www.wikidata.org/entity/Q2424752": "3",
    "http://www.wikidata.org/entity/Q28885102": "1"
  },
  "http://www.wikidata.org/entity/Q86746756": {
    "http://www.wikidata.org/entity/Q2424752": "1"
  },
  "http://www.wikidata.org/entity/Q28885102": {
    "http://www.wikidata.org/entity/Q28732711": "4",
    "http://www.wikidata.org/entity/Q43460564": "4",
    "http://www.wikidata.org/entity/Q79529": "3",
    "http://www.wikidata.org/entity/Q8386": "1",
    "http://www.wikidata.org/entity/Q86746756": "1",
    "http://www.wikidata.org/entity/Q409205": "2",
    "http://www.wikidata.org/entity/Q2424752": "2"
  },
  "http://www.wikidata.org/entity/Q7537509": {},
  "http://www.wikidata.org/entity/Q13014526": {},
  "http://www.wikidata.org/entity/Q621636": {
    "http://www.wikidata.org/entity/Q2695280": "1",
    "http://www.wikidata.org/entity/Q3249551": "2",
    "http://www.wikidata.org/entity/Q1150070": "3"
  },
  "http://www.wikidata.org/entity/Q6000294": {},
  "http://www.wikidata.org/entity/Q11997676": {},
  "http://www.wikidata.org/entity/Q3778211": {},
  "http://www.wikidata.org/entity/Q11122520": {},
  "http://www.wikidata.org/entity/Q19817303": {},
  "http://www.wikidata.org/entity/Q12577241": {},
  "http://www.wikidata.org/entity/Q25529049": {},
  "http://www.wikidata.org/entity/Q3964035": {},
  "http://www.wikidata.org/entity/Q4181444": {},
  "http://www.wikidata.org/entity/Q52316892": {},
  "http://www.wikidata.org/entity/Q4376238": {},
  "http://www.wikidata.org/entity/Q2071904": {},
  "http://www.wikidata.org/entity/Q2883297": {},
  "http://www.wikidata.org/entity/Q15020885": {},
  "http://www.wikidata.org/entity/Q13393265": {
    "http://www.wikidata.org/entity/Q163740": "5",
    "http://www.wikidata.org/entity/Q43229": "13",
    "http://www.wikidata.org/entity/Q155076": "7",
    "http://www.wikidata.org/entity/Q4830453": "6",
    "http://www.wikidata.org/entity/Q12047392": "8",
    "http://www.wikidata.org/entity/Q3778211": "8",
    "http://www.wikidata.org/entity/Q988108": "2",
    "http://www.wikidata.org/entity/Q4438121": "3",
    "http://www.wikidata.org/entity/Q48204": "3",
    "http://www.wikidata.org/entity/Q79913": "4",
    "http://www.wikidata.org/entity/Q15911314": "4",
    "http://www.wikidata.org/entity/Q327245": "2",
    "http://www.wikidata.org/entity/Q847017": "1",
    "http://www.wikidata.org/entity/Q12973014": "1",
    "http://www.wikidata.org/entity/Q895526": "5"
  },
  "http://www.wikidata.org/entity/Q66456879": {},
  "http://www.wikidata.org/entity/Q23889328": {},
  "http://www.wikidata.org/entity/Q4897819": {},
  "http://www.wikidata.org/entity/Q747074": {
    "http://www.wikidata.org/entity/Q43229": "17",
    "http://www.wikidata.org/entity/Q3778211": "11",
    "http://www.wikidata.org/entity/Q12047392": "10",
    "http://www.wikidata.org/entity/Q155076": "9",
    "http://www.wikidata.org/entity/Q783794": "4",
    "http://www.wikidata.org/entity/Q7451779": "4",
    "http://www.wikidata.org/entity/Q177634": "3",
    "http://www.wikidata.org/entity/Q27096235": "3",
    "http://www.wikidata.org/entity/Q15284": "1",
    "http://www.wikidata.org/entity/Q2824645": "1",
    "http://www.wikidata.org/entity/Q13221722": "1",
    "http://www.wikidata.org/entity/Q2659904": "6",
    "http://www.wikidata.org/entity/Q56061": "6",
    "http://www.wikidata.org/entity/Q35798": "3",
    "http://www.wikidata.org/entity/Q167037": "3",
    "http://www.wikidata.org/entity/Q9305769": "3",
    "http://www.wikidata.org/entity/Q25107": "8",
    "http://www.wikidata.org/entity/Q17334923": "13",
    "http://www.wikidata.org/entity/Q2101636": "7",
    "http://www.wikidata.org/entity/Q895526": "8",
    "http://www.wikidata.org/entity/Q12076836": "2",
    "http://www.wikidata.org/entity/Q7188": "8",
    "http://www.wikidata.org/entity/Q4330518": "6",
    "http://www.wikidata.org/entity/Q6501447": "4",
    "http://www.wikidata.org/entity/Q1799794": "2",
    "http://www.wikidata.org/entity/Q1125239": "5",
    "http://www.wikidata.org/entity/Q12359039": "5",
    "http://www.wikidata.org/entity/Q7210356": "9",
    "http://www.wikidata.org/entity/Q486972": "2",
    "http://www.wikidata.org/entity/Q1048835": "2",
    "http://www.wikidata.org/entity/Q2097994": "2",
    "http://www.wikidata.org/entity/Q18340964": "9",
    "http://www.wikidata.org/entity/Q2324993": "4",
    "http://www.wikidata.org/entity/Q15708736": "4"
  },
  "http://www.wikidata.org/entity/Q483110": {
    "http://www.wikidata.org/entity/Q17334923": "9",
    "http://www.wikidata.org/entity/Q641226": "1",
    "http://www.wikidata.org/entity/Q1076486": "2",
    "http://www.wikidata.org/entity/Q18674739": "2",
    "http://www.wikidata.org/entity/Q811979": "5",
    "http://www.wikidata.org/entity/Q13226383": "7",
    "http://www.wikidata.org/entity/Q23764314": "3",
    "http://www.wikidata.org/entity/Q41176": "3",
    "http://www.wikidata.org/entity/Q17350442": "5",
    "http://www.wikidata.org/entity/Q35145743": "7",
    "http://www.wikidata.org/entity/Q811430": "6",
    "http://www.wikidata.org/entity/Q27096235": "11"
  },
  "http://www.wikidata.org/entity/Q4438121": {
    "http://www.wikidata.org/entity/Q43229": "1"
  },
  "http://www.wikidata.org/entity/Q644371": {
    "http://www.wikidata.org/entity/Q13226383": "9",
    "http://www.wikidata.org/entity/Q121359": "7",
    "http://www.wikidata.org/entity/Q27096235": "15",
    "http://www.wikidata.org/entity/Q228332": "4",
    "http://www.wikidata.org/entity/Q1248784": "1",
    "http://www.wikidata.org/entity/Q35145743": "7",
    "http://www.wikidata.org/entity/Q811430": "6",
    "http://www.wikidata.org/entity/Q62447": "2",
    "http://www.wikidata.org/entity/Q12819564": "2",
    "http://www.wikidata.org/entity/Q43229": "3",
    "http://www.wikidata.org/entity/Q811979": "5",
    "http://www.wikidata.org/entity/Q17350442": "3",
    "http://www.wikidata.org/entity/Q20977775": "3",
    "http://www.wikidata.org/entity/Q17334923": "7",
    "http://www.wikidata.org/entity/Q41176": "3",
    "http://www.wikidata.org/entity/Q548662": "3",
    "http://www.wikidata.org/entity/Q55006986": "3",
    "http://www.wikidata.org/entity/Q376799": "6"
  },
  "http://www.wikidata.org/entity/Q10434778": {},
  "http://www.wikidata.org/entity/Q12094122": {},
  "http://www.wikidata.org/entity/Q2090911": {},
  "http://www.wikidata.org/entity/Q4340034": {},
  "http://www.wikidata.org/entity/Q268592": {},
  "http://www.wikidata.org/entity/Q11412431": {
    "http://www.wikidata.org/entity/Q32178211": "2",
    "http://www.wikidata.org/entity/Q43229": "3",
    "http://www.wikidata.org/entity/Q2088357": "1"
  },
  "http://www.wikidata.org/entity/Q70203248": {},
  "http://www.wikidata.org/entity/Q12360478": {},
  "http://www.wikidata.org/entity/Q6677264": {},
  "http://www.wikidata.org/entity/Q188451": {
    "http://www.wikidata.org/entity/Q1792379": "1",
    "http://www.wikidata.org/entity/Q483394": "2"
  },
  "http://www.wikidata.org/entity/Q13137169": {},
  "http://www.wikidata.org/entity/Q25538931": {},
  "http://www.wikidata.org/entity/Q44936617": {},
  "http://www.wikidata.org/entity/Q1792379": {
    "http://www.wikidata.org/entity/Q483394": "1"
  },
  "http://www.wikidata.org/entity/Q2424752": {},
  "http://www.wikidata.org/entity/Q25556335": {},
  "http://www.wikidata.org/entity/Q22809652": {
    "http://www.wikidata.org/entity/Q2424752": "2",
    "http://www.wikidata.org/entity/Q1836700": "1"
  },
  "http://www.wikidata.org/entity/Q16470167": {},
  "http://www.wikidata.org/entity/Q24953387": {},
  "http://www.wikidata.org/entity/Q23766384": {},
  "http://www.wikidata.org/entity/Q18692092": {},
  "http://www.wikidata.org/entity/Q11942864": {},
  "http://www.wikidata.org/entity/Q847017": {
    "http://www.wikidata.org/entity/Q163740": "4",
    "http://www.wikidata.org/entity/Q43229": "10",
    "http://www.wikidata.org/entity/Q155076": "6",
    "http://www.wikidata.org/entity/Q4830453": "5",
    "http://www.wikidata.org/entity/Q12047392": "7",
    "http://www.wikidata.org/entity/Q3778211": "7",
    "http://www.wikidata.org/entity/Q988108": "1",
    "http://www.wikidata.org/entity/Q4438121": "1",
    "http://www.wikidata.org/entity/Q48204": "2",
    "http://www.wikidata.org/entity/Q79913": "3",
    "http://www.wikidata.org/entity/Q15911314": "3",
    "http://www.wikidata.org/entity/Q895526": "4"
  },
  "http://www.wikidata.org/entity/Q11313116": {},
  "http://www.wikidata.org/entity/Q31094193": {},
  "http://www.wikidata.org/entity/Q12470727": {},
  "http://www.wikidata.org/entity/Q25523582": {},
  "http://www.wikidata.org/entity/Q12911293": {},
  "http://www.wikidata.org/entity/Q5255892": {
    "http://www.wikidata.org/entity/Q28108": "5",
    "http://www.wikidata.org/entity/Q1639378": "6",
    "http://www.wikidata.org/entity/Q7174": "2",
    "http://www.wikidata.org/entity/Q7270": "1",
    "http://www.wikidata.org/entity/Q5589178": "2",
    "http://www.wikidata.org/entity/Q183039": "3"
  },
  "http://www.wikidata.org/entity/Q52594": {},
  "http://www.wikidata.org/entity/Q43702": {
    "http://www.wikidata.org/entity/Q28108": "2",
    "http://www.wikidata.org/entity/Q1639378": "3",
    "http://www.wikidata.org/entity/Q22676603": "1"
  },
  "http://www.wikidata.org/entity/Q1489259": {
    "http://www.wikidata.org/entity/Q6266": "1"
  },
  "http://www.wikidata.org/entity/Q1520223": {
    "http://www.wikidata.org/entity/Q28108": "5",
    "http://www.wikidata.org/entity/Q1639378": "6",
    "http://www.wikidata.org/entity/Q7270": "1",
    "http://www.wikidata.org/entity/Q7174": "2",
    "http://www.wikidata.org/entity/Q5589178": "2",
    "http://www.wikidata.org/entity/Q183039": "3"
  },
  "http://www.wikidata.org/entity/Q6971604": {},
  "http://www.wikidata.org/entity/Q112921": {},
  "http://www.wikidata.org/entity/Q4202342": {},
  "http://www.wikidata.org/entity/Q18192417": {},
  "http://www.wikidata.org/entity/Q25499993": {},
  "http://www.wikidata.org/entity/Q10811025": {
    "http://www.wikidata.org/entity/Q478798": "3",
    "http://www.wikidata.org/entity/Q9081": "17",
    "http://www.wikidata.org/entity/Q34749": "12",
    "http://www.wikidata.org/entity/Q309314": "7",
    "http://www.wikidata.org/entity/Q4373292": "7",
    "http://www.wikidata.org/entity/Q71550118": "7",
    "http://www.wikidata.org/entity/Q1150070": "54",
    "http://www.wikidata.org/entity/Q781413": "22",
    "http://www.wikidata.org/entity/Q2393196": "10",
    "http://www.wikidata.org/entity/Q8148": "6",
    "http://www.wikidata.org/entity/Q42848": "6",
    "http://www.wikidata.org/entity/Q107715": "6",
    "http://www.wikidata.org/entity/Q2150504": "6",
    "http://www.wikidata.org/entity/Q61788060": "10",
    "http://www.wikidata.org/entity/Q1047113": "16",
    "http://www.wikidata.org/entity/Q2188189": "4",
    "http://www.wikidata.org/entity/Q11862829": "15",
    "http://www.wikidata.org/entity/Q47407603": "4",
    "http://www.wikidata.org/entity/Q11028": "29",
    "http://www.wikidata.org/entity/Q184754": "5",
    "http://www.wikidata.org/entity/Q47461344": "5",
    "http://www.wikidata.org/entity/Q246672": "8",
    "http://www.wikidata.org/entity/Q11795009": "4",
    "http://www.wikidata.org/entity/Q7366": "2",
    "http://www.wikidata.org/entity/Q24055548": "2",
    "http://www.wikidata.org/entity/Q638": "4",
    "http://www.wikidata.org/entity/Q3689704": "4",
    "http://www.wikidata.org/entity/Q2996394": "41",
    "http://www.wikidata.org/entity/Q14912053": "23",
    "http://www.wikidata.org/entity/Q18593264": "6",
    "http://www.wikidata.org/entity/Q22272508": "15",
    "http://www.wikidata.org/entity/Q22294683": "15",
    "http://www.wikidata.org/entity/Q11024": "13",
    "http://www.wikidata.org/entity/Q3769299": "7",
    "http://www.wikidata.org/entity/Q80071": "2",
    "http://www.wikidata.org/entity/Q37172": "7",
    "http://www.wikidata.org/entity/Q80083": "11",
    "http://www.wikidata.org/entity/Q3958441": "11",
    "http://www.wikidata.org/entity/Q838948": "5",
    "http://www.wikidata.org/entity/Q3249551": "45",
    "http://www.wikidata.org/entity/Q13878858": "42",
    "http://www.wikidata.org/entity/Q64732777": "42",
    "http://www.wikidata.org/entity/Q2989679": "5",
    "http://www.wikidata.org/entity/Q11023058": "5",
    "http://www.wikidata.org/entity/Q14819853": "19",
    "http://www.wikidata.org/entity/Q735": "8",
    "http://www.wikidata.org/entity/Q11461": "5",
    "http://www.wikidata.org/entity/Q173799": "5",
    "http://www.wikidata.org/entity/Q170658": "9",
    "http://www.wikidata.org/entity/Q184872": "9",
    "http://www.wikidata.org/entity/Q2018526": "10",
    "http://www.wikidata.org/entity/Q207628": "3",
    "http://www.wikidata.org/entity/Q685884": "3",
    "http://www.wikidata.org/entity/Q7725634": "3",
    "http://www.wikidata.org/entity/Q6486703": "5",
    "http://www.wikidata.org/entity/Q492": "18",
    "http://www.wikidata.org/entity/Q336": "13",
    "http://www.wikidata.org/entity/Q921513": "14",
    "http://www.wikidata.org/entity/Q6031064": "14",
    "http://www.wikidata.org/entity/Q170475": "8",
    "http://www.wikidata.org/entity/Q52948": "17",
    "http://www.wikidata.org/entity/Q23009552": "15",
    "http://www.wikidata.org/entity/Q234460": "4",
    "http://www.wikidata.org/entity/Q484692": "1",
    "http://www.wikidata.org/entity/Q1128637": "1",
    "http://www.wikidata.org/entity/Q1066689": "6",
    "http://www.wikidata.org/entity/Q174984": "5",
    "http://www.wikidata.org/entity/Q1166770": "5",
    "http://www.wikidata.org/entity/Q2200417": "20",
    "http://www.wikidata.org/entity/Q2990593": "32",
    "http://www.wikidata.org/entity/Q22299483": "24",
    "http://www.wikidata.org/entity/Q8242": "4",
    "http://www.wikidata.org/entity/Q22269697": "17",
    "http://www.wikidata.org/entity/Q22299433": "25",
    "http://www.wikidata.org/entity/Q23009675": "16",
    "http://www.wikidata.org/entity/Q17988854": "17",
    "http://www.wikidata.org/entity/Q19562148": "3",
    "http://www.wikidata.org/entity/Q11398090": "5",
    "http://www.wikidata.org/entity/Q15619164": "8",
    "http://www.wikidata.org/entity/Q1132631": "6",
    "http://www.wikidata.org/entity/Q19829125": "6"
  },
  "http://www.wikidata.org/entity/Q19749957": {},
  "http://www.wikidata.org/entity/Q23691": {
    "http://www.wikidata.org/entity/Q478798": "3",
    "http://www.wikidata.org/entity/Q9081": "18",
    "http://www.wikidata.org/entity/Q34749": "13",
    "http://www.wikidata.org/entity/Q309314": "7",
    "http://www.wikidata.org/entity/Q4373292": "7",
    "http://www.wikidata.org/entity/Q71550118": "7",
    "http://www.wikidata.org/entity/Q1150070": "55",
    "http://www.wikidata.org/entity/Q781413": "23",
    "http://www.wikidata.org/entity/Q2393196": "11",
    "http://www.wikidata.org/entity/Q8148": "7",
    "http://www.wikidata.org/entity/Q42848": "6",
    "http://www.wikidata.org/entity/Q107715": "6",
    "http://www.wikidata.org/entity/Q2150504": "6",
    "http://www.wikidata.org/entity/Q61788060": "11",
    "http://www.wikidata.org/entity/Q1047113": "17",
    "http://www.wikidata.org/entity/Q2188189": "6",
    "http://www.wikidata.org/entity/Q11862829": "16",
    "http://www.wikidata.org/entity/Q47407603": "5",
    "http://www.wikidata.org/entity/Q11028": "30",
    "http://www.wikidata.org/entity/Q184754": "6",
    "http://www.wikidata.org/entity/Q47461344": "6",
    "http://www.wikidata.org/entity/Q246672": "8",
    "http://www.wikidata.org/entity/Q11795009": "4",
    "http://www.wikidata.org/entity/Q7366": "3",
    "http://www.wikidata.org/entity/Q24055548": "2",
    "http://www.wikidata.org/entity/Q638": "5",
    "http://www.wikidata.org/entity/Q3689704": "5",
    "http://www.wikidata.org/entity/Q2996394": "42",
    "http://www.wikidata.org/entity/Q14912053": "24",
    "http://www.wikidata.org/entity/Q18593264": "8",
    "http://www.wikidata.org/entity/Q22272508": "16",
    "http://www.wikidata.org/entity/Q22294683": "16",
    "http://www.wikidata.org/entity/Q11024": "14",
    "http://www.wikidata.org/entity/Q3769299": "8",
    "http://www.wikidata.org/entity/Q80071": "2",
    "http://www.wikidata.org/entity/Q37172": "8",
    "http://www.wikidata.org/entity/Q80083": "12",
    "http://www.wikidata.org/entity/Q3958441": "12",
    "http://www.wikidata.org/entity/Q838948": "7",
    "http://www.wikidata.org/entity/Q3249551": "46",
    "http://www.wikidata.org/entity/Q13878858": "43",
    "http://www.wikidata.org/entity/Q64732777": "43",
    "http://www.wikidata.org/entity/Q2989679": "6",
    "http://www.wikidata.org/entity/Q11023058": "6",
    "http://www.wikidata.org/entity/Q14819853": "20",
    "http://www.wikidata.org/entity/Q735": "9",
    "http://www.wikidata.org/entity/Q11461": "6",
    "http://www.wikidata.org/entity/Q173799": "6",
    "http://www.wikidata.org/entity/Q170658": "10",
    "http://www.wikidata.org/entity/Q184872": "10",
    "http://www.wikidata.org/entity/Q2018526": "11",
    "http://www.wikidata.org/entity/Q207628": "4",
    "http://www.wikidata.org/entity/Q685884": "4",
    "http://www.wikidata.org/entity/Q7725634": "4",
    "http://www.wikidata.org/entity/Q492": "19",
    "http://www.wikidata.org/entity/Q336": "14",
    "http://www.wikidata.org/entity/Q921513": "15",
    "http://www.wikidata.org/entity/Q6031064": "15",
    "http://www.wikidata.org/entity/Q170475": "9",
    "http://www.wikidata.org/entity/Q52948": "18",
    "http://www.wikidata.org/entity/Q23009552": "16",
    "http://www.wikidata.org/entity/Q9300624": "2",
    "http://www.wikidata.org/entity/Q234460": "5",
    "http://www.wikidata.org/entity/Q1066689": "7",
    "http://www.wikidata.org/entity/Q174984": "5",
    "http://www.wikidata.org/entity/Q1166770": "5",
    "http://www.wikidata.org/entity/Q2200417": "21",
    "http://www.wikidata.org/entity/Q2990593": "33",
    "http://www.wikidata.org/entity/Q22299483": "25",
    "http://www.wikidata.org/entity/Q8242": "4",
    "http://www.wikidata.org/entity/Q6486703": "5",
    "http://www.wikidata.org/entity/Q22269697": "18",
    "http://www.wikidata.org/entity/Q22299433": "26",
    "http://www.wikidata.org/entity/Q23009675": "17",
    "http://www.wikidata.org/entity/Q17988854": "18",
    "http://www.wikidata.org/entity/Q19562148": "3",
    "http://www.wikidata.org/entity/Q11398090": "6",
    "http://www.wikidata.org/entity/Q15619164": "8",
    "http://www.wikidata.org/entity/Q1132631": "7",
    "http://www.wikidata.org/entity/Q19829125": "7",
    "http://www.wikidata.org/entity/Q484692": "1",
    "http://www.wikidata.org/entity/Q1128637": "1",
    "http://www.wikidata.org/entity/Q7148059": "1"
  },
  "http://www.wikidata.org/entity/Q32175255": {},
  "http://www.wikidata.org/entity/Q97272885": {},
  "http://www.wikidata.org/entity/Q25535145": {},
  "http://www.wikidata.org/entity/Q16042483": {},
  "http://www.wikidata.org/entity/Q16512782": {},
  "http://www.wikidata.org/entity/Q16546808": {},
  "http://www.wikidata.org/entity/Q7278": {
    "http://www.wikidata.org/entity/Q163740": "2",
    "http://www.wikidata.org/entity/Q43229": "6",
    "http://www.wikidata.org/entity/Q155076": "4",
    "http://www.wikidata.org/entity/Q4830453": "3",
    "http://www.wikidata.org/entity/Q12047392": "5",
    "http://www.wikidata.org/entity/Q3778211": "5",
    "http://www.wikidata.org/entity/Q79913": "1",
    "http://www.wikidata.org/entity/Q7210356": "1"
  },
  "http://www.wikidata.org/entity/Q25593340": {},
  "http://www.wikidata.org/entity/Q13172836": {},
  "http://www.wikidata.org/entity/Q12359036": {},
  "http://www.wikidata.org/entity/Q4164871": {
    "http://www.wikidata.org/entity/Q4897819": "2",
    "http://www.wikidata.org/entity/Q214339": "1"
  },
  "http://www.wikidata.org/entity/Q13170320": {},
  "http://www.wikidata.org/entity/Q11488158": {
    "http://www.wikidata.org/entity/Q8171": "4",
    "http://www.wikidata.org/entity/Q187931": "5",
    "http://www.wikidata.org/entity/Q2944660": "5",
    "http://www.wikidata.org/entity/Q12767945": "8",
    "http://www.wikidata.org/entity/Q1786828": "6",
    "http://www.wikidata.org/entity/Q16532276": "3",
    "http://www.wikidata.org/entity/Q4897819": "3",
    "http://www.wikidata.org/entity/Q82799": "3",
    "http://www.wikidata.org/entity/Q618779": "3",
    "http://www.wikidata.org/entity/Q21142755": "4",
    "http://www.wikidata.org/entity/Q781413": "7",
    "http://www.wikidata.org/entity/Q54989186": "7",
    "http://www.wikidata.org/entity/Q2996394": "11",
    "http://www.wikidata.org/entity/Q14912053": "8",
    "http://www.wikidata.org/entity/Q3505845": "9",
    "http://www.wikidata.org/entity/Q216353": "2",
    "http://www.wikidata.org/entity/Q111352": "6",
    "http://www.wikidata.org/entity/Q3249551": "13",
    "http://www.wikidata.org/entity/Q13878858": "12",
    "http://www.wikidata.org/entity/Q64732777": "12",
    "http://www.wikidata.org/entity/Q1150070": "14",
    "http://www.wikidata.org/entity/Q744778": "6",
    "http://www.wikidata.org/entity/Q23009459": "6",
    "http://www.wikidata.org/entity/Q11028": "5",
    "http://www.wikidata.org/entity/Q214339": "2",
    "http://www.wikidata.org/entity/Q28640": "1",
    "http://www.wikidata.org/entity/Q828803": "1",
    "http://www.wikidata.org/entity/Q4164871": "1",
    "http://www.wikidata.org/entity/Q192581": "2",
    "http://www.wikidata.org/entity/Q12737077": "2",
    "http://www.wikidata.org/entity/Q61788060": "5",
    "http://www.wikidata.org/entity/Q22299483": "9",
    "http://www.wikidata.org/entity/Q6958747": "4",
    "http://www.wikidata.org/entity/Q3265221": "5",
    "http://www.wikidata.org/entity/Q22299433": "10",
    "http://www.wikidata.org/entity/Q813912": "8"
  },
  "http://www.wikidata.org/entity/Q25455004": {},
  "http://www.wikidata.org/entity/Q25514703": {},
  "http://www.wikidata.org/entity/Q20455334": {},
  "http://www.wikidata.org/entity/Q47566": {
    "http://www.wikidata.org/entity/Q11028": "16",
    "http://www.wikidata.org/entity/Q246672": "11",
    "http://www.wikidata.org/entity/Q474328": "11",
    "http://www.wikidata.org/entity/Q16877783": "15",
    "http://www.wikidata.org/entity/Q42848": "9",
    "http://www.wikidata.org/entity/Q2684591": "9",
    "http://www.wikidata.org/entity/Q388791": "6",
    "http://www.wikidata.org/entity/Q1864008": "6",
    "http://www.wikidata.org/entity/Q39971877": "9",
    "http://www.wikidata.org/entity/Q1331926": "7",
    "http://www.wikidata.org/entity/Q3249551": "20",
    "http://www.wikidata.org/entity/Q3769299": "13",
    "http://www.wikidata.org/entity/Q61788060": "13",
    "http://www.wikidata.org/entity/Q41796": "12",
    "http://www.wikidata.org/entity/Q2996394": "12",
    "http://www.wikidata.org/entity/Q14912053": "9",
    "http://www.wikidata.org/entity/Q40231": "4",
    "http://www.wikidata.org/entity/Q781413": "8",
    "http://www.wikidata.org/entity/Q1775867": "8",
    "http://www.wikidata.org/entity/Q451967": "12",
    "http://www.wikidata.org/entity/Q188572": "8",
    "http://www.wikidata.org/entity/Q1856757": "7",
    "http://www.wikidata.org/entity/Q2135540": "7",
    "http://www.wikidata.org/entity/Q108163": "10",
    "http://www.wikidata.org/entity/Q13878858": "13",
    "http://www.wikidata.org/entity/Q64732777": "13",
    "http://www.wikidata.org/entity/Q1150070": "21",
    "http://www.wikidata.org/entity/Q628523": "14",
    "http://www.wikidata.org/entity/Q22299483": "10",
    "http://www.wikidata.org/entity/Q183046": "14",
    "http://www.wikidata.org/entity/Q22299433": "11",
    "http://www.wikidata.org/entity/Q10843872": "10",
    "http://www.wikidata.org/entity/Q189760": "5",
    "http://www.wikidata.org/entity/Q841654": "5",
    "http://www.wikidata.org/entity/Q1786828": "13",
    "http://www.wikidata.org/entity/Q9380010": "13",
    "http://www.wikidata.org/entity/Q15916540": "13",
    "http://www.wikidata.org/entity/Q858439": "1",
    "http://www.wikidata.org/entity/Q877353": "1",
    "http://www.wikidata.org/entity/Q5452198": "1"
  },
  "http://www.wikidata.org/entity/Q15916867": {},
  "http://www.wikidata.org/entity/Q10864048": {
    "http://www.wikidata.org/entity/Q17334923": "8",
    "http://www.wikidata.org/entity/Q56061": "2",
    "http://www.wikidata.org/entity/Q1048835": "1",
    "http://www.wikidata.org/entity/Q1799794": "1"
  },
  "http://www.wikidata.org/entity/Q12076836": {
    "http://www.wikidata.org/entity/Q17334923": "6",
    "http://www.wikidata.org/entity/Q56061": "1"
  },
  "http://www.wikidata.org/entity/Q12357651": {},
  "http://www.wikidata.org/entity/Q13220202": {},
  "http://www.wikidata.org/entity/Q23892491": {},
  "http://www.wikidata.org/entity/Q84636560": {},
  "http://www.wikidata.org/entity/Q10985687": {},
  "http://www.wikidata.org/entity/Q14752": {},
  "http://www.wikidata.org/entity/Q7889": {
    "http://www.wikidata.org/entity/Q8148": "4",
    "http://www.wikidata.org/entity/Q61788060": "5",
    "http://www.wikidata.org/entity/Q184872": "4",
    "http://www.wikidata.org/entity/Q11410": "2",
    "http://www.wikidata.org/entity/Q173799": "3",
    "http://www.wikidata.org/entity/Q1150958": "3",
    "http://www.wikidata.org/entity/Q17538258": "3",
    "http://www.wikidata.org/entity/Q2249149": "1"
  },
  "http://www.wikidata.org/entity/Q31495553": {},
  "http://www.wikidata.org/entity/Q659563": {
    "http://www.wikidata.org/entity/Q483394": "1"
  },
  "http://www.wikidata.org/entity/Q25536987": {},
  "http://www.wikidata.org/entity/Q19842540": {},
  "http://www.wikidata.org/entity/Q19842546": {},
  "http://www.wikidata.org/entity/Q10929058": {
    "http://www.wikidata.org/entity/Q22811462": "1",
    "http://www.wikidata.org/entity/Q21146257": "2"
  },
  "http://www.wikidata.org/entity/Q17444171": {},
  "http://www.wikidata.org/entity/Q45235497": {},
  "http://www.wikidata.org/entity/Q7210356": {
    "http://www.wikidata.org/entity/Q43229": "1"
  },
  "http://www.wikidata.org/entity/Q11499154": {},
  "http://www.wikidata.org/entity/Q10636253": {},
  "http://www.wikidata.org/entity/Q12909644": {
    "http://www.wikidata.org/entity/Q7257": "1",
    "http://www.wikidata.org/entity/Q48324": "2",
    "http://www.wikidata.org/entity/Q55979391": "3"
  },
  "http://www.wikidata.org/entity/Q14934048": {},
  "http://www.wikidata.org/entity/Q65300766": {},
  "http://www.wikidata.org/entity/Q3326872": {},
  "http://www.wikidata.org/entity/Q12561441": {},
  "http://www.wikidata.org/entity/Q12379674": {},
  "http://www.wikidata.org/entity/Q483394": {},
  "http://www.wikidata.org/entity/Q5643269": {},
  "http://www.wikidata.org/entity/Q3231690": {
    "http://www.wikidata.org/entity/Q29048322": "1",
    "http://www.wikidata.org/entity/Q10929058": "2",
    "http://www.wikidata.org/entity/Q22811462": "3",
    "http://www.wikidata.org/entity/Q21146257": "4"
  },
  "http://www.wikidata.org/entity/Q13432010": {},
  "http://www.wikidata.org/entity/Q25037911": {},
  "http://www.wikidata.org/entity/Q3780269": {},
  "http://www.wikidata.org/entity/Q12973014": {
    "http://www.wikidata.org/entity/Q43229": "3",
    "http://www.wikidata.org/entity/Q327245": "1",
    "http://www.wikidata.org/entity/Q4438121": "1"
  },
  "http://www.wikidata.org/entity/Q18146134": {},
  "http://www.wikidata.org/entity/Q12571502": {},
  "http://www.wikidata.org/entity/Q11962105": {},
  "http://www.wikidata.org/entity/Q11283126": {},
  "http://www.wikidata.org/entity/Q3958441": {},
  "http://www.wikidata.org/entity/Q3962248": {},
  "http://www.wikidata.org/entity/Q12515495": {},
  "http://www.wikidata.org/entity/Q28108": {
    "http://www.wikidata.org/entity/Q1639378": "1"
  },
  "http://www.wikidata.org/entity/Q12047392": {},
  "http://www.wikidata.org/entity/Q29054624": {},
  "http://www.wikidata.org/entity/Q56404579": {},
  "http://www.wikidata.org/entity/Q702492": {
    "http://www.wikidata.org/entity/Q15989253": "1"
  },
  "http://www.wikidata.org/entity/Q7930989": {},
  "http://www.wikidata.org/entity/Q12372505": {},
  "http://www.wikidata.org/entity/Q3391202": {
    "http://www.wikidata.org/entity/Q56296563": "1"
  },
  "http://www.wikidata.org/entity/Q56296563": {},
  "http://www.wikidata.org/entity/Q16511002": {},
  "http://www.wikidata.org/entity/Q2773812": {},
  "http://www.wikidata.org/entity/Q2774769": {},
  "http://www.wikidata.org/entity/Q515": {
    "http://www.wikidata.org/entity/Q15989253": "2",
    "http://www.wikidata.org/entity/Q702492": "1",
    "http://www.wikidata.org/entity/Q7930989": "1"
  },
  "http://www.wikidata.org/entity/Q13170998": {},
  "http://www.wikidata.org/entity/Q1886349": {},
  "http://www.wikidata.org/entity/Q57248625": {
    "http://www.wikidata.org/entity/Q478798": "2",
    "http://www.wikidata.org/entity/Q309314": "6",
    "http://www.wikidata.org/entity/Q4373292": "6",
    "http://www.wikidata.org/entity/Q71550118": "6",
    "http://www.wikidata.org/entity/Q42848": "5",
    "http://www.wikidata.org/entity/Q107715": "5",
    "http://www.wikidata.org/entity/Q2150504": "5",
    "http://www.wikidata.org/entity/Q11028": "10",
    "http://www.wikidata.org/entity/Q184754": "3",
    "http://www.wikidata.org/entity/Q47461344": "3",
    "http://www.wikidata.org/entity/Q246672": "7",
    "http://www.wikidata.org/entity/Q286583": "3",
    "http://www.wikidata.org/entity/Q11795009": "3",
    "http://www.wikidata.org/entity/Q22272508": "7",
    "http://www.wikidata.org/entity/Q22294683": "7",
    "http://www.wikidata.org/entity/Q11024": "5",
    "http://www.wikidata.org/entity/Q31464082": "4",
    "http://www.wikidata.org/entity/Q2996394": "11",
    "http://www.wikidata.org/entity/Q3249551": "13",
    "http://www.wikidata.org/entity/Q13878858": "12",
    "http://www.wikidata.org/entity/Q64732777": "12",
    "http://www.wikidata.org/entity/Q1150070": "18",
    "http://www.wikidata.org/entity/Q52948": "9",
    "http://www.wikidata.org/entity/Q23009552": "7",
    "http://www.wikidata.org/entity/Q174984": "4",
    "http://www.wikidata.org/entity/Q1166770": "4",
    "http://www.wikidata.org/entity/Q2990593": "8",
    "http://www.wikidata.org/entity/Q22269697": "9",
    "http://www.wikidata.org/entity/Q23009675": "8",
    "http://www.wikidata.org/entity/Q17988854": "9",
    "http://www.wikidata.org/entity/Q1554231": "3",
    "http://www.wikidata.org/entity/Q49848": "1",
    "http://www.wikidata.org/entity/Q80071": "1",
    "http://www.wikidata.org/entity/Q15619164": "7",
    "http://www.wikidata.org/entity/Q921513": "6",
    "http://www.wikidata.org/entity/Q6031064": "6",
    "http://www.wikidata.org/entity/Q234460": "2",
    "http://www.wikidata.org/entity/Q340169": "2",
    "http://www.wikidata.org/entity/Q37866906": "2"
  },
  "http://www.wikidata.org/entity/Q62062698": {},
  "http://www.wikidata.org/entity/Q66630976": {},
  "http://www.wikidata.org/entity/Q97727767": {},
  "http://www.wikidata.org/entity/Q1048835": {},
  "http://www.wikidata.org/entity/Q12890514": {},
  "http://www.wikidata.org/entity/Q13141691": {},
  "http://www.wikidata.org/entity/Q19752209": {},
  "http://www.wikidata.org/entity/Q30923740": {},
  "http://www.wikidata.org/entity/Q34385882": {},
  "http://www.wikidata.org/entity/Q6256": {
    "http://www.wikidata.org/entity/Q1048835": "1"
  },
  "http://www.wikidata.org/entity/Q7275": {
    "http://www.wikidata.org/entity/Q12047392": "2",
    "http://www.wikidata.org/entity/Q7210356": "3",
    "http://www.wikidata.org/entity/Q1063239": "2",
    "http://www.wikidata.org/entity/Q56061": "1",
    "http://www.wikidata.org/entity/Q155076": "1",
    "http://www.wikidata.org/entity/Q1048835": "1",
    "http://www.wikidata.org/entity/Q1896989": "1",
    "http://www.wikidata.org/entity/Q96196009": "1"
  },
  "http://www.wikidata.org/entity/Q12328422": {},
  "http://www.wikidata.org/entity/Q12645632": {},
  "http://www.wikidata.org/entity/Q13186518": {},
  "http://www.wikidata.org/entity/Q19384542": {},
  "http://www.wikidata.org/entity/Q473972": {},
  "http://www.wikidata.org/entity/Q61640950": {},
  "http://www.wikidata.org/entity/Q62005847": {},
  "http://www.wikidata.org/entity/Q63059017": {},
  "http://www.wikidata.org/entity/Q63121521": {},
  "http://www.wikidata.org/entity/Q65045202": {},
  "http://www.wikidata.org/entity/Q65234677": {},
  "http://www.wikidata.org/entity/Q65329054": {},
  "http://www.wikidata.org/entity/Q12213189": {},
  "http://www.wikidata.org/entity/Q12774136": {},
  "http://www.wikidata.org/entity/Q21825050": {},
  "http://www.wikidata.org/entity/Q25498225": {},
  "http://www.wikidata.org/entity/Q29034009": {},
  "http://www.wikidata.org/entity/Q5589178": {
    "http://www.wikidata.org/entity/Q28108": "2",
    "http://www.wikidata.org/entity/Q1639378": "3",
    "http://www.wikidata.org/entity/Q183039": "1"
  },
  "http://www.wikidata.org/entity/Q6501130": {},
  "http://www.wikidata.org/entity/Q97379371": {},
  "http://www.wikidata.org/entity/Q15989253": {},
  "http://www.wikidata.org/entity/Q12530740": {},
  "http://www.wikidata.org/entity/Q18005699": {},
  "http://www.wikidata.org/entity/Q19736059": {},
  "http://www.wikidata.org/entity/Q25533913": {},
  "http://www.wikidata.org/entity/Q35798": {
    "http://www.wikidata.org/entity/Q12047392": "5",
    "http://www.wikidata.org/entity/Q2659904": "3",
    "http://www.wikidata.org/entity/Q155076": "4",
    "http://www.wikidata.org/entity/Q895526": "5",
    "http://www.wikidata.org/entity/Q25107": "5",
    "http://www.wikidata.org/entity/Q18340964": "6",
    "http://www.wikidata.org/entity/Q2101636": "4",
    "http://www.wikidata.org/entity/Q7188": "3",
    "http://www.wikidata.org/entity/Q7210356": "4",
    "http://www.wikidata.org/entity/Q1125239": "2",
    "http://www.wikidata.org/entity/Q12359039": "2",
    "http://www.wikidata.org/entity/Q2324993": "1",
    "http://www.wikidata.org/entity/Q15708736": "1"
  },
  "http://www.wikidata.org/entity/Q11371203": {},
  "http://www.wikidata.org/entity/Q11828393": {},
  "http://www.wikidata.org/entity/Q12297661": {},
  "http://www.wikidata.org/entity/Q12825066": {},
  "http://www.wikidata.org/entity/Q16514898": {},
  "http://www.wikidata.org/entity/Q19742792": {},
  "http://www.wikidata.org/entity/Q2072430": {},
  "http://www.wikidata.org/entity/Q31769429": {},
  "http://www.wikidata.org/entity/Q50414284": {},
  "http://www.wikidata.org/entity/Q12585913": {},
  "http://www.wikidata.org/entity/Q15634184": {},
  "http://www.wikidata.org/entity/Q183039": {
    "http://www.wikidata.org/entity/Q28108": "1",
    "http://www.wikidata.org/entity/Q1639378": "2"
  },
  "http://www.wikidata.org/entity/Q4491855": {},
  "http://www.wikidata.org/entity/Q1183543": {
    "http://www.wikidata.org/entity/Q39546": "1",
    "http://www.wikidata.org/entity/Q16798631": "2",
    "http://www.wikidata.org/entity/Q2424752": "3",
    "http://www.wikidata.org/entity/Q35825432": "2"
  },
  "http://www.wikidata.org/entity/Q11874459": {},
  "http://www.wikidata.org/entity/Q19754617": {},
  "http://www.wikidata.org/entity/Q2253788": {},
  "http://www.wikidata.org/entity/Q23007450": {},
  "http://www.wikidata.org/entity/Q26836809": {},
  "http://www.wikidata.org/entity/Q4377678": {},
  "http://www.wikidata.org/entity/Q32178211": {},
  "http://www.wikidata.org/entity/Q1093829": {
    "http://www.wikidata.org/entity/Q12047392": "12",
    "http://www.wikidata.org/entity/Q155076": "11",
    "http://www.wikidata.org/entity/Q783794": "6",
    "http://www.wikidata.org/entity/Q7451779": "6",
    "http://www.wikidata.org/entity/Q12076836": "3",
    "http://www.wikidata.org/entity/Q515": "1",
    "http://www.wikidata.org/entity/Q3327870": "1",
    "http://www.wikidata.org/entity/Q15253706": "1",
    "http://www.wikidata.org/entity/Q2659904": "8",
    "http://www.wikidata.org/entity/Q35798": "5",
    "http://www.wikidata.org/entity/Q167037": "5",
    "http://www.wikidata.org/entity/Q9305769": "5",
    "http://www.wikidata.org/entity/Q25107": "10",
    "http://www.wikidata.org/entity/Q2101636": "9",
    "http://www.wikidata.org/entity/Q895526": "10",
    "http://www.wikidata.org/entity/Q15284": "3",
    "http://www.wikidata.org/entity/Q852446": "2",
    "http://www.wikidata.org/entity/Q2097994": "4",
    "http://www.wikidata.org/entity/Q7188": "10",
    "http://www.wikidata.org/entity/Q6501447": "6",
    "http://www.wikidata.org/entity/Q56061": "6",
    "http://www.wikidata.org/entity/Q7930989": "3",
    "http://www.wikidata.org/entity/Q1125239": "7",
    "http://www.wikidata.org/entity/Q12359039": "7",
    "http://www.wikidata.org/entity/Q702492": "2",
    "http://www.wikidata.org/entity/Q7210356": "11",
    "http://www.wikidata.org/entity/Q1048835": "4",
    "http://www.wikidata.org/entity/Q18340964": "11",
    "http://www.wikidata.org/entity/Q2324993": "6",
    "http://www.wikidata.org/entity/Q15708736": "6"
  },
  "http://www.wikidata.org/entity/Q20514736": {},
  "http://www.wikidata.org/entity/Q852446": {
    "http://www.wikidata.org/entity/Q12076836": "1"
  },
  "http://www.wikidata.org/entity/Q1799794": {},
  "http://www.wikidata.org/entity/Q1063239": {
    "http://www.wikidata.org/entity/Q7210356": "1"
  },
  "http://www.wikidata.org/entity/Q12056890": {},
  "http://www.wikidata.org/entity/Q16515014": {},
  "http://www.wikidata.org/entity/Q25531151": {},
  "http://www.wikidata.org/entity/Q25663528": {},
  "http://www.wikidata.org/entity/Q58878498": {},
  "http://www.wikidata.org/entity/Q13220204": {},
  "http://www.wikidata.org/entity/Q10533553": {},
  "http://www.wikidata.org/entity/Q11799101": {},
  "http://www.wikidata.org/entity/Q4430243": {},
  "http://www.wikidata.org/entity/Q61359122": {},
  "http://www.wikidata.org/entity/Q79913": {
    "http://www.wikidata.org/entity/Q163740": "1",
    "http://www.wikidata.org/entity/Q4830453": "2",
    "http://www.wikidata.org/entity/Q12047392": "4"
  },
  "http://www.wikidata.org/entity/Q1148974": {},
  "http://www.wikidata.org/entity/Q25379643": {},
  "http://www.wikidata.org/entity/Q19749890": {},
  "http://www.wikidata.org/entity/Q20621759": {},
  "http://www.wikidata.org/entity/Q25653559": {},
  "http://www.wikidata.org/entity/Q25689131": {},
  "http://www.wikidata.org/entity/Q25691706": {},
  "http://www.wikidata.org/entity/Q25704456": {},
  "http://www.wikidata.org/entity/Q5119": {
    "http://www.wikidata.org/entity/Q486972": "1"
  },
  "http://www.wikidata.org/entity/Q11916016": {},
  "http://www.wikidata.org/entity/Q210167": {
    "http://www.wikidata.org/entity/Q1058914": "1",
    "http://www.wikidata.org/entity/Q783794": "2",
    "http://www.wikidata.org/entity/Q4830453": "2",
    "http://www.wikidata.org/entity/Q18388277": "2",
    "http://www.wikidata.org/entity/Q679206": "5",
    "http://www.wikidata.org/entity/Q1415187": "5",
    "http://www.wikidata.org/entity/Q362482": "4",
    "http://www.wikidata.org/entity/Q6881511": "3"
  },
  "http://www.wikidata.org/entity/Q13027888": {
    "http://www.wikidata.org/entity/Q163740": "5",
    "http://www.wikidata.org/entity/Q4830453": "6",
    "http://www.wikidata.org/entity/Q988108": "2",
    "http://www.wikidata.org/entity/Q4438121": "3",
    "http://www.wikidata.org/entity/Q48204": "3",
    "http://www.wikidata.org/entity/Q79913": "4",
    "http://www.wikidata.org/entity/Q15911314": "4",
    "http://www.wikidata.org/entity/Q327245": "2",
    "http://www.wikidata.org/entity/Q847017": "1",
    "http://www.wikidata.org/entity/Q12973014": "1",
    "http://www.wikidata.org/entity/Q895526": "5"
  },
  "http://www.wikidata.org/entity/Q12837980": {},
  "http://www.wikidata.org/entity/Q13112778": {},
  "http://www.wikidata.org/entity/Q15284": {
    "http://www.wikidata.org/entity/Q783794": "3",
    "http://www.wikidata.org/entity/Q7451779": "3",
    "http://www.wikidata.org/entity/Q2659904": "5",
    "http://www.wikidata.org/entity/Q35798": "2",
    "http://www.wikidata.org/entity/Q167037": "2",
    "http://www.wikidata.org/entity/Q9305769": "2",
    "http://www.wikidata.org/entity/Q2324993": "3",
    "http://www.wikidata.org/entity/Q15708736": "3",
    "http://www.wikidata.org/entity/Q25107": "7",
    "http://www.wikidata.org/entity/Q18340964": "8",
    "http://www.wikidata.org/entity/Q2101636": "6",
    "http://www.wikidata.org/entity/Q895526": "7",
    "http://www.wikidata.org/entity/Q7188": "7",
    "http://www.wikidata.org/entity/Q6501447": "3",
    "http://www.wikidata.org/entity/Q1125239": "4",
    "http://www.wikidata.org/entity/Q12359039": "4",
    "http://www.wikidata.org/entity/Q2097994": "1"
  },
  "http://www.wikidata.org/entity/Q1633408": {
    "http://www.wikidata.org/entity/Q783794": "4",
    "http://www.wikidata.org/entity/Q7451779": "4",
    "http://www.wikidata.org/entity/Q2659904": "6",
    "http://www.wikidata.org/entity/Q15284": "1",
    "http://www.wikidata.org/entity/Q35798": "3",
    "http://www.wikidata.org/entity/Q167037": "3",
    "http://www.wikidata.org/entity/Q9305769": "3",
    "http://www.wikidata.org/entity/Q25107": "8",
    "http://www.wikidata.org/entity/Q2101636": "7",
    "http://www.wikidata.org/entity/Q895526": "8",
    "http://www.wikidata.org/entity/Q7188": "8",
    "http://www.wikidata.org/entity/Q6501447": "4",
    "http://www.wikidata.org/entity/Q1125239": "5",
    "http://www.wikidata.org/entity/Q12359039": "5",
    "http://www.wikidata.org/entity/Q2097994": "2",
    "http://www.wikidata.org/entity/Q18340964": "9",
    "http://www.wikidata.org/entity/Q2324993": "4",
    "http://www.wikidata.org/entity/Q15708736": "4"
  },
  "http://www.wikidata.org/entity/Q16412580": {},
  "http://www.wikidata.org/entity/Q17067486": {},
  "http://www.wikidata.org/entity/Q17518523": {},
  "http://www.wikidata.org/entity/Q2074737": {
    "http://www.wikidata.org/entity/Q783794": "5",
    "http://www.wikidata.org/entity/Q7451779": "5",
    "http://www.wikidata.org/entity/Q2659904": "7",
    "http://www.wikidata.org/entity/Q15284": "2",
    "http://www.wikidata.org/entity/Q1763214": "1",
    "http://www.wikidata.org/entity/Q3183364": "1",
    "http://www.wikidata.org/entity/Q11618417": "1",
    "http://www.wikidata.org/entity/Q48909258": "1",
    "http://www.wikidata.org/entity/Q35798": "4",
    "http://www.wikidata.org/entity/Q167037": "4",
    "http://www.wikidata.org/entity/Q9305769": "4",
    "http://www.wikidata.org/entity/Q25107": "9",
    "http://www.wikidata.org/entity/Q2101636": "8",
    "http://www.wikidata.org/entity/Q895526": "9",
    "http://www.wikidata.org/entity/Q7188": "9",
    "http://www.wikidata.org/entity/Q6501447": "5",
    "http://www.wikidata.org/entity/Q163359": "3",
    "http://www.wikidata.org/entity/Q1125239": "6",
    "http://www.wikidata.org/entity/Q12359039": "6",
    "http://www.wikidata.org/entity/Q2097994": "3",
    "http://www.wikidata.org/entity/Q18340964": "10",
    "http://www.wikidata.org/entity/Q2324993": "5",
    "http://www.wikidata.org/entity/Q15708736": "5",
    "http://www.wikidata.org/entity/Q13221722": "2"
  },
  "http://www.wikidata.org/entity/Q21923514": {},
  "http://www.wikidata.org/entity/Q22988669": {
    "http://www.wikidata.org/entity/Q2659904": "3",
    "http://www.wikidata.org/entity/Q895526": "5",
    "http://www.wikidata.org/entity/Q25107": "4",
    "http://www.wikidata.org/entity/Q18340964": "5",
    "http://www.wikidata.org/entity/Q7188": "3",
    "http://www.wikidata.org/entity/Q2101636": "3",
    "http://www.wikidata.org/entity/Q1125239": "2",
    "http://www.wikidata.org/entity/Q12359039": "2",
    "http://www.wikidata.org/entity/Q15708736": "1"
  },
  "http://www.wikidata.org/entity/Q25689031": {},
  "http://www.wikidata.org/entity/Q3266850": {},
  "http://www.wikidata.org/entity/Q572975": {},
  "http://www.wikidata.org/entity/Q65423670": {},
  "http://www.wikidata.org/entity/Q1154710": {
    "http://www.wikidata.org/entity/Q641226": "3",
    "http://www.wikidata.org/entity/Q1076486": "4",
    "http://www.wikidata.org/entity/Q18674739": "4",
    "http://www.wikidata.org/entity/Q811979": "7",
    "http://www.wikidata.org/entity/Q13226383": "9",
    "http://www.wikidata.org/entity/Q23764314": "5",
    "http://www.wikidata.org/entity/Q35145743": "9",
    "http://www.wikidata.org/entity/Q811430": "8",
    "http://www.wikidata.org/entity/Q483110": "2",
    "http://www.wikidata.org/entity/Q4728370": "1",
    "http://www.wikidata.org/entity/Q41176": "5",
    "http://www.wikidata.org/entity/Q17350442": "7"
  },
  "http://www.wikidata.org/entity/Q34918903": {
    "http://www.wikidata.org/entity/Q107425": "6",
    "http://www.wikidata.org/entity/Q7551384": "4",
    "http://www.wikidata.org/entity/Q35145743": "5",
    "http://www.wikidata.org/entity/Q811430": "4",
    "http://www.wikidata.org/entity/Q205895": "5",
    "http://www.wikidata.org/entity/Q65148973": "2",
    "http://www.wikidata.org/entity/Q46169": "1",
    "http://www.wikidata.org/entity/Q30304302": "1",
    "http://www.wikidata.org/entity/Q22698": "2",
    "http://www.wikidata.org/entity/Q473972": "4",
    "http://www.wikidata.org/entity/Q62059246": "2",
    "http://www.wikidata.org/entity/Q852446": "3",
    "http://www.wikidata.org/entity/Q1454188": "4",
    "http://www.wikidata.org/entity/Q11081619": "4",
    "http://www.wikidata.org/entity/Q22652": "3",
    "http://www.wikidata.org/entity/Q294440": "3",
    "http://www.wikidata.org/entity/Q811979": "3"
  },
  "http://www.wikidata.org/entity/Q12554544": {},
  "http://www.wikidata.org/entity/Q13010872": {},
  "http://www.wikidata.org/entity/Q13171691": {},
  "http://www.wikidata.org/entity/Q16042694": {},
  "http://www.wikidata.org/entity/Q25634065": {},
  "http://www.wikidata.org/entity/Q34379": {
    "http://www.wikidata.org/entity/Q1183543": "2",
    "http://www.wikidata.org/entity/Q39546": "3",
    "http://www.wikidata.org/entity/Q16798631": "4",
    "http://www.wikidata.org/entity/Q2424752": "5",
    "http://www.wikidata.org/entity/Q35825432": "4",
    "http://www.wikidata.org/entity/Q267228": "1"
  }
}