{
  "OHGI1JNY": "TOUGH_WEB_MISC_wiki_list_of_lakes_by_area",
  "T7RPWH6N": "CTRL_WIKI_BUS_largest_companies_by_revenue",
  "NYFX4M8T": "CTRL_WIKI_MUS_List_of_national_anthems_NOISE2",
  "HQCEC5NO": "TOUGH_WEB_MISSP_1000_us_cities_NOISE1_0.9",
  "8QA9EYPI": "CTRL_DBP_POL_european_prime_ministers",
  "1C9LFOKN": "TOUGH_WEB_MISSP_1000_us_cities_NOISE1_0.8",
  "3X6QY8Q0": "TOUGH_WEB_MISSP_us_states_NOISE1_0.5",
  "9BGE5Y4L": "TOUGH_WEB_HOMO_cities_us_NOISE2",
  "CHZGO92A": "CTRL_WIKI_POL_presidents_of_the_us",
  "9Y8MPU2Q": "CTRL_WIKI_POL_List_of_current_monarchs_of_sovereign_states",
  "64OJP4G3": "TOUGH_WEB_MISSP_celebrities_NOISE1_0.4",
  "IYZYF533": "CTRL_DBP_BUS_automobile_manufacturer",
  "SNUO09BH": "TOUGH_WEB_MISC_wiki_list_of_current_monarchs_of_sovereign_states_NOISE2",
  "S8UOQYBG": "TOUGH_WEB_MISC_banklist_NOISE2",
  "E3ZK744Q": "TOUGH_WEB_MISSP_drugs",
  "DRSJ0SOG": "TOUGH_WEB_MISC_wiki_presidents_of_the_us",
  "VGUZX5R3": "CTRL_WIKI_GEO_member_states_united_nations_NOISE2",
  "A5TITKIN": "TOUGH_WEB_MISSP_us_states_NOISE1_0.4",
  "8MKQXO18": "TOUGH_WEB_MISC_wiki_list_of_national_anthems",
  "GY7KNULP": "CTRL_DBP_BUS_videogame_publishers",
  "HBKGJQEY": "CTRL_WIKI_BUS_largest_private_and_semiprivate_employers_NOISE2",
  "8YINKYDR": "TOUGH_WEB_MISSP_celebrities_NOISE1_0.9",
  "IZF82AX9": "TOUGH_T2D_GEO_21245481_0_8730460088443117515___lakes",
  "IP6ZRIGH": "TOUGH_WEB_HOMO_cities_world_NOISE2",
  "CXBCCWXI": "TOUGH_WEB_HOMO_cities",
  "O0BECB72": "TOUGH_WEB_MISC_wiki_countries_capital_largest_cities_NOISE2",
  "TW1HGRFI": "TOUGH_WEB_MISC_wiki_list_of_lakes_by_area_NOISE2",
  "HB00DX4L": "TOUGH_DBP_HOMO_players_in_clubs",
  "WH6JINCM": "CTRL_WIKI_MUS_best_selling_girl_groups_worldwide_NOISE2",
  "QPFX5Z8J": "TOUGH_T2D_POL_24036779_0_5608105867560183058___country_governments_NOISE2",
  "K2VEUQT0": "CTRL_WIKI_POL_List_of_political_parties_in_the_United_States_Third_Parties",
  "3N6S2FCX": "TOUGH_WEB_MISSP_celebrities_NOISE1_0.6",
  "0H1C2CNE": "TOUGH_WEB_MISSP_us_states_NOISE1_0.9",
  "SPPNJXB2": "TOUGH_WEB_MISC_wiki_list_of_political_parties_in_the_United_States_Third_Parties",
  "TNI3UKH2": "CTRL_WIKI_POL_presidents_of_the_us_NOISE2",
  "3LG8J4MX": "CTRL_DBP_MUS_rock_bands_labels_NOISE2",
  "00E2H310": "TOUGH_WEB_MISSP_celebrities_NOISE1_0.8",
  "Z4M8AT89": "TOUGH_WEB_MISSP_us_states_NOISE1_0.0",
  "B7ILPH0Y": "TOUGH_WEB_MISSP_drugs_NOISE1_0.0",
  "LV5N8XDB": "TOUGH_T2D_SPO_66009064_0_9148652238372261251___baseball_players_and_teams_NOISE2",
  "7VVP9YIF": "TOUGH_WEB_HOMO_soccer_players",
  "5HD27KI3": "CTRL_DBP_GEO_protected_areas_NOISE2",
  "7EVLH0DV": "CTRL_WIKI_MUS_best_selling_girl_groups_worldwide",
  "B20WIQKU": "TOUGH_WEB_MISSP_celebrities_NOISE1_0.2",
  "RYTFLT5K": "TOUGH_WEB_MISSP_drugs_NOISE2",
  "JMNRCW4E": "TOUGH_WEB_HOMO_music_artists_NOISE2",
  "B38A9Q5R": "CTRL_WIKI_BUS_largest_employers",
  "F98SUVJH": "TOUGH_WEB_MISSP_drugs_NOISE1_0.4",
  "QOAVEFGY": "TOUGH_WEB_MISC_wiki_largest_companies_by_revenue_NOISE2",
  "HCLZSPEJ": "TOUGH_WEB_MISSP_1000_us_cities_NOISE1_0.1",
  "BDH3WFGJ": "CTRL_WIKI_SPO_2019_20_premier_league_stadiums_and_locations",
  "XBHX2VRT": "TOUGH_WEB_MISSP_us_states_NOISE1_0.1",
  "M56G7E6D": "TOUGH_WEB_MISSP_drugs_NOISE1_0.7",
  "0D70DN48": "CTRL_DBP_GEO_us_lakes_NOISE2",
  "QNP7O8L5": "CTRL_DBP_MUS_german_musician_NOISE2",
  "2EZKB5RU": "TOUGH_WEB_MISSP_celebrities_NOISE1_0.1",
  "PWNRGOJ5": "CTRL_WIKI_MUS_best_selling_music_artists_250_million_or_more_records",
  "FF00TEZG": "TOUGH_T2D_GEO_21245481_0_8730460088443117515___lakes_NOISE2",
  "SFGT3EDA": "TOUGH_WEB_MISSP_us_states_NOISE2",
  "CQH26T15": "CTRL_WIKI_GEO_member_states_united_nations",
  "WRPAQPNC": "TOUGH_WEB_MISSP_1000_us_cities_NOISE1_0.2",
  "SRVLBA90": "TOUGH_WEB_MISSP_drugs_NOISE1_0.9",
  "QW492LGU": "CTRL_DBP_MUS_us_musician_aliases_NOISE2",
  "WRGS0WCX": "CTRL_WIKI_SPO_2019_20_premier_league_personnel_and_kits_NOISE2",
  "MSCT8MJD": "CTRL_DBP_GEO_european_countries_capital_populated_cities_NOISE2",
  "OD9USH5H": "CTRL_DBP_POL_roman_emperors_NOISE2",
  "YCOUS57M": "TOUGH_WEB_MISSP_us_states_NOISE1_0.8",
  "SHV3ZSSV": "TOUGH_WEB_MISSP_drugs_NOISE1_0.6",
  "I6BBMPNU": "TOUGH_WEB_MISC_banklist",
  "IPTLCCCU": "CTRL_DBP_BUS_videogame_publishers_NOISE2",
  "P86ZJFXK": "CTRL_DBP_POL_italian_merged_parties_NOISE2",
  "OUL0NHS5": "CTRL_WIKI_BUS_largest_private_and_semiprivate_employers",
  "HGIUTSCG": "TOUGH_DBP_HOMO_people_in_places_world_NOISE2",
  "AUU9A6KL": "TOUGH_T2D_GEO_14067031_0_559833072073397908___african_state_capital_currency",
  "X23TMJ3R": "CTRL_DBP_MUS_german_musician",
  "ASNHTAOS": "TOUGH_T2D_GEO_39107734_2_2329160387535788734___airports_NOISE2",
  "60G94POT": "TOUGH_WEB_MISC_wiki_list_of_current_monarchs_of_sovereign_states",
  "NV4GY44T": "TOUGH_WEB_MISC_wiki_largest_employers",
  "0IR0XIUW": "CTRL_DBP_SPO_F1_drivers_NOISE2",
  "2BEBH437": "CTRL_DBP_POL_european_prime_ministers_NOISE2",
  "GINQPZQC": "TOUGH_DBP_HOMO_athletes_in_clubs",
  "HLJ9HHEE": "CTRL_DBP_BUS_automobile_manufacturer_NOISE2",
  "JZ22O0DD": "TOUGH_T2D_SPO_66009064_0_9148652238372261251___baseball_players_and_teams",
  "1C7N45JA": "TOUGH_WEB_MISC_wiki_2019_20_premier_league_personnel_and_kits",
  "9CSNI7FS": "TOUGH_DBP_HOMO_SORTED_people_in_places",
  "ET9REW9Y": "TOUGH_WEB_MISSP_drugs_NOISE1_0.3",
  "AN306FAH": "TOUGH_DBP_HOMO_people_in_places",
  "Y85GTOSS": "TOUGH_WEB_MISSP_celebrities_NOISE1_0.3",
  "HGYG2DVU": "TOUGH_WEB_MISSP_1000_us_cities_NOISE1_0.6",
  "BLBITS6S": "CTRL_DBP_SPO_NBA_players_NOISE2",
  "E45F8QW2": "CTRL_DBP_SPO_goalkeepers",
  "2VRS31OV": "TOUGH_WEB_MISSP_1000_us_cities",
  "K3X3L22Y": "CTRL_DBP_BUS_european_company_high_revenues_NOISE2",
  "N9SJK368": "TOUGH_WEB_MISSP_us_states_NOISE1_0.6",
  "KOQM4YU9": "TOUGH_WEB_MISSP_drugs_NOISE1_0.5",
  "WZL61XYS": "TOUGH_WEB_MISSP_1000_us_cities_NOISE1_0.7",
  "I847EKDH": "TOUGH_WEB_MISSP_drugs_NOISE1_0.2",
  "9XAJBIJV": "TOUGH_DBP_HOMO_SORTED_people_in_places_NOISE2",
  "FWSGRDQ3": "CTRL_DBP_POL_italian_merged_parties",
  "5RV7WRO1": "TOUGH_T2D_GEO_39107734_2_2329160387535788734___airports",
  "UURPYBGQ": "TOUGH_WEB_MISSP_us_states",
  "S7DQFOD4": "TOUGH_WEB_MISSP_drugs_NOISE1_0.8",
  "24W5SSRB": "CTRL_DBP_MUS_rock_bands_labels",
  "4EGV2QNO": "TOUGH_WEB_MISSP_drugs_NOISE1_0.1",
  "4FW66XNV": "TOUGH_T2D_SPO_1438042989018_40_20150728002309-00067-ip-10-236-191-2_57714692_2___bowling_NOISE2",
  "3JXMPC7N": "TOUGH_WEB_MISC_wiki_largest_employers_NOISE2",
  "U30NUSS7": "TOUGH_T2D_SPO_45073662_0_3179937335063201739___baseball_players_NOISE2",
  "OP0PZIXY": "TOUGH_T2D_BUS_14380604_4_3329235705746762392___company_revenue",
  "DXTA1MV8": "TOUGH_WEB_MISC_wiki_list_of_national_anthems_NOISE2",
  "4WMC1B70": "TOUGH_WEB_MISSP_us_states_NOISE1_0.3",
  "VLUAWPBO": "TOUGH_WEB_MISC_wiki_best_selling_music_artists_250_million_or_more_records",
  "UN0JPGPF": "TOUGH_T2D_BUS_14380604_4_3329235705746762392___company_revenue_NOISE2",
  "U1FDHL7N": "CTRL_DBP_GEO_protected_areas",
  "5OLOTSKC": "CTRL_WIKI_SPO_2019_20_premier_league_personnel_and_kits",
  "OZYCQ769": "CTRL_WIKI_GEO_list_of_lakes_by_area",
  "4FFI99VQ": "CTRL_WIKI_BUS_largest_employers_NOISE2",
  "OKW6UUW5": "TOUGH_WEB_HOMO_soccer_players_NOISE2",
  "KUGCH9I3": "TOUGH_DBP_HOMO_people_in_places_us",
  "3C3INQLM": "TOUGH_WEB_MISSP_celebrities_NOISE2",
  "4HP08FY9": "CTRL_DBP_POL_roman_emperors",
  "P8JQV93S": "TOUGH_T2D_SPO_45073662_0_3179937335063201739___baseball_players",
  "CNQ5Z0BG": "TOUGH_DBP_HOMO_people_in_places_world",
  "8D8CVBT0": "TOUGH_WEB_HOMO_cities_us",
  "EQZ21058": "CTRL_DBP_GEO_us_lakes",
  "JZLRN9PL": "TOUGH_T2D_BUS_29414811_2_4773219892816395776___videogames_developers_NOISE2",
  "WWBIR8H6": "CTRL_DBP_SPO_F1_drivers",
  "PZXDACJ9": "TOUGH_WEB_MISSP_celebrities_NOISE1_0.7",
  "1MQL5T7F": "TOUGH_T2D_GEO_14067031_0_559833072073397908___african_state_capital_currency_NOISE2",
  "6I7ET24J": "TOUGH_WEB_MISSP_1000_us_cities_NOISE2",
  "EV6LDIB8": "TOUGH_DBP_HOMO_SORTED_athletes_in_clubs_NOISE2",
  "QIW5EC2H": "TOUGH_WEB_MISSP_1000_us_cities_NOISE1_0.4",
  "GNDO9OXJ": "TOUGH_WEB_MISC_wiki_2019_20_premier_league_personnel_and_kits_NOISE2",
  "U5L6L4Q4": "TOUGH_T2D_POL_24036779_0_5608105867560183058___country_governments",
  "P8B3IAOY": "TOUGH_WEB_MISSP_celebrities_NOISE1_0.0",
  "FVKKTA8O": "TOUGH_T2D_BUS_29414811_2_4773219892816395776___videogames_developers",
  "I0ENR9U5": "TOUGH_WEB_MISC_wiki_countries_capital_largest_cities",
  "MM6ZALRS": "CTRL_WIKI_POL_List_of_political_parties_in_the_United_States_Third_Parties_NOISE2",
  "HTF6MVY9": "TOUGH_WEB_MISSP_1000_us_cities_NOISE1_0.0",
  "4J75OL3W": "CTRL_DBP_SPO_NBA_players",
  "MZ0BI8NN": "CTRL_WIKI_SPO_2019_20_premier_league_stadiums_and_locations_NOISE2",
  "9JA43FJL": "CTRL_WIKI_BUS_largest_companies_by_revenue_NOISE2",
  "N6QAC84T": "TOUGH_WEB_MISC_wiki_largest_companies_by_revenue",
  "9HIRS45A": "TOUGH_WEB_HOMO_basketball_players_NOISE2",
  "54S3KOBO": "TOUGH_WEB_HOMO_cities_world",
  "HQRATPBV": "TOUGH_WEB_MISSP_us_states_NOISE1_0.7",
  "NPNYM0BA": "TOUGH_WEB_MISSP_celebrities",
  "K71YYDXO": "CTRL_WIKI_MUS_List_of_national_anthems",
  "5DKX42VB": "TOUGH_DBP_HOMO_SORTED_athletes_in_clubs",
  "7GOG4IKF": "TOUGH_WEB_MISSP_us_states_NOISE1_0.2",
  "JA4L7KWX": "TOUGH_T2D_BUS_39650055_5_7135804139753401681___brands",
  "QOL4ZIHL": "TOUGH_WEB_MISC_wiki_best_selling_girl_groups_worldwide_NOISE2",
  "VKWTT7F7": "CTRL_WIKI_SPO_serie_a_2019_20_members",
  "2XHMV76G": "CTRL_WIKI_GEO_list_of_lakes_by_area_NOISE2",
  "29BNEL1Q": "CTRL_DBP_SPO_goalkeepers_NOISE2",
  "NDSTZH1I": "TOUGH_WEB_MISC_wiki_list_of_political_parties_in_the_United_States_Third_Parties_NOISE2",
  "MLRJYJ5K": "TOUGH_WEB_MISC_wiki_best_selling_music_artists_250_million_or_more_records_NOISE2",
  "WI5LYQ0H": "TOUGH_WEB_HOMO_basketball_players",
  "X3RACWMT": "TOUGH_WEB_MISC_wiki_best_selling_girl_groups_worldwide",
  "71SY0Z5S": "TOUGH_T2D_BUS_39650055_5_7135804139753401681___brands_NOISE2",
  "ND6V1CBE": "TOUGH_WEB_HOMO_music_artists",
  "XZRRL5AE": "TOUGH_T2D_POL_1438042986423_95_20150728002306-00125-ip-10-236-191-2_88435628_5___parties_NOISE2",
  "UEJEB27H": "TOUGH_DBP_HOMO_people_in_places_us_NOISE2",
  "CAF0E2JH": "TOUGH_WEB_MISC_wiki_presidents_of_the_us_NOISE2",
  "ZZNW93IV": "TOUGH_WEB_MISSP_1000_us_cities_NOISE1_0.3",
  "0AJSJYAL": "TOUGH_T2D_SPO_1438042989018_40_20150728002309-00067-ip-10-236-191-2_57714692_2___bowling",
  "BN8FOG7F": "TOUGH_T2D_POL_1438042986423_95_20150728002306-00125-ip-10-236-191-2_88435628_5___parties",
  "O0UJJVBR": "TOUGH_DBP_HOMO_people_in_places_NOISE2",
  "BID0NRU0": "TOUGH_DBP_HOMO_athletes_in_clubs_NOISE2",
  "8R6ZM8HE": "CTRL_DBP_GEO_european_countries_capital_populated_cities",
  "51MYHYDF": "CTRL_WIKI_SPO_serie_a_2019_20_members_NOISE2",
  "MANO2PKR": "CTRL_WIKI_GEO_countries_capital_largest_cities",
  "7QNYGYI7": "CTRL_DBP_MUS_us_musician_aliases",
  "3DOM5NIW": "CTRL_WIKI_POL_List_of_current_monarchs_of_sovereign_states_NOISE2",
  "ORPKCFRL": "CTRL_DBP_BUS_european_company_high_revenues",
  "L2MCKOWX": "CTRL_WIKI_MUS_best_selling_music_artists_250_million_or_more_records_NOISE2",
  "E22XXKVQ": "CTRL_WIKI_GEO_countries_capital_largest_cities_NOISE2",
  "J9EJV2S3": "TOUGH_DBP_HOMO_players_in_clubs_NOISE2",
  "OIDIXPNZ": "TOUGH_WEB_HOMO_cities_NOISE2",
  "X1LRVWSR": "TOUGH_WEB_MISSP_celebrities_NOISE1_0.5",
  "JN0T2O5I": "TOUGH_WEB_MISSP_1000_us_cities_NOISE1_0.5"
}