"K0PM5GMK","1","0"
"K0PM5GMK","1","1"
"K0PM5GMK","1","2"
"K0PM5GMK","1","3"
"K0PM5GMK","2","0"
"K0PM5GMK","2","1"
"K0PM5GMK","2","2"
"K0PM5GMK","2","3"
"K0PM5GMK","3","0"
"K0PM5GMK","3","1"
"K0PM5GMK","3","2"
"K0PM5GMK","3","3"
"K0PM5GMK","4","0"
"K0PM5GMK","4","1"
"K0PM5GMK","4","2"
"K0PM5GMK","4","3"
"K0PM5GMK","5","0"
"K0PM5GMK","5","1"
"K0PM5GMK","5","2"
"K0PM5GMK","5","3"
"K0PM5GMK","6","0"
"K0PM5GMK","6","1"
"K0PM5GMK","6","2"
"K0PM5GMK","6","3"
"K0PM5GMK","7","0"
"K0PM5GMK","7","1"
"K0PM5GMK","7","2"
"K0PM5GMK","7","3"
"K0PM5GMK","8","0"
"K0PM5GMK","8","1"
"K0PM5GMK","8","2"
"K0PM5GMK","8","3"
"K0PM5GMK","9","0"
"K0PM5GMK","9","1"
"K0PM5GMK","9","2"
"K0PM5GMK","9","3"
"K0PM5GMK","10","0"
"K0PM5GMK","10","1"
"K0PM5GMK","10","2"
"K0PM5GMK","10","3"
"K0PM5GMK","11","0"
"K0PM5GMK","11","1"
"K0PM5GMK","11","2"
"K0PM5GMK","11","3"
"K0PM5GMK","12","0"
"K0PM5GMK","12","1"
"K0PM5GMK","12","2"
"K0PM5GMK","12","3"
"K0PM5GMK","13","0"
"K0PM5GMK","13","1"
"K0PM5GMK","13","2"
"K0PM5GMK","13","3"
"K0PM5GMK","14","0"
"K0PM5GMK","14","1"
"K0PM5GMK","14","2"
"K0PM5GMK","14","3"
"K0PM5GMK","15","0"
"K0PM5GMK","15","1"
"K0PM5GMK","15","2"
"K0PM5GMK","15","3"
"K0PM5GMK","16","0"
"K0PM5GMK","16","1"
"K0PM5GMK","16","2"
"K0PM5GMK","16","3"
"K0PM5GMK","17","0"
"K0PM5GMK","17","1"
"K0PM5GMK","17","2"
"K0PM5GMK","17","3"
"K0PM5GMK","18","0"
"K0PM5GMK","18","1"
"K0PM5GMK","18","2"
"K0PM5GMK","18","3"
"K0PM5GMK","19","0"
"K0PM5GMK","19","1"
"K0PM5GMK","19","2"
"K0PM5GMK","19","3"
"K0PM5GMK","20","0"
"K0PM5GMK","20","1"
"K0PM5GMK","20","2"
"K0PM5GMK","20","3"