"0AJSJYAL","1","0"
"0AJSJYAL","2","0"
"0AJSJYAL","3","0"
"0AJSJYAL","4","0"
"0AJSJYAL","5","0"
"0AJSJYAL","6","0"
"4EGV2QNO","1","0"
"4EGV2QNO","2","0"
"4EGV2QNO","3","0"
"4EGV2QNO","4","0"
"4EGV2QNO","5","0"
"4EGV2QNO","6","0"
"4EGV2QNO","7","0"
"4EGV2QNO","8","0"
"4EGV2QNO","1","1"
"4EGV2QNO","2","1"
"4EGV2QNO","3","1"
"4EGV2QNO","4","1"
"4EGV2QNO","5","1"
"4EGV2QNO","6","1"
"4EGV2QNO","7","1"
"4EGV2QNO","8","1"
"4EGV2QNO","1","3"
"4EGV2QNO","2","3"
"4EGV2QNO","3","3"
"4EGV2QNO","4","3"
"4EGV2QNO","5","3"
"4EGV2QNO","6","3"
"4EGV2QNO","7","3"
"4EGV2QNO","8","3"
"4FW66XNV","1","0"
"4FW66XNV","2","0"
"4FW66XNV","3","0"
"4FW66XNV","4","0"
"4FW66XNV","5","0"
"4FW66XNV","6","0"
"B7ILPH0Y","1","0"
"B7ILPH0Y","2","0"
"B7ILPH0Y","3","0"
"B7ILPH0Y","4","0"
"B7ILPH0Y","5","0"
"B7ILPH0Y","1","1"
"B7ILPH0Y","2","1"
"B7ILPH0Y","3","1"
"B7ILPH0Y","4","1"
"B7ILPH0Y","5","1"
"B7ILPH0Y","1","3"
"B7ILPH0Y","2","3"
"B7ILPH0Y","3","3"
"B7ILPH0Y","4","3"
"B7ILPH0Y","5","3"
"BN8FOG7F","1","0"
"BN8FOG7F","2","0"
"BN8FOG7F","3","0"
"BN8FOG7F","4","0"
"BN8FOG7F","5","0"
"BN8FOG7F","6","0"
"BN8FOG7F","7","0"
"BN8FOG7F","8","0"
"HBKGJQEY","1","1"
"HBKGJQEY","2","1"
"HBKGJQEY","3","1"
"HBKGJQEY","4","1"
"HBKGJQEY","5","1"
"HBKGJQEY","6","1"
"HBKGJQEY","7","1"
"HBKGJQEY","8","1"
"HBKGJQEY","9","1"
"HBKGJQEY","10","1"
"HBKGJQEY","1","2"
"HBKGJQEY","2","2"
"HBKGJQEY","3","2"
"HBKGJQEY","4","2"
"HBKGJQEY","5","2"
"HBKGJQEY","6","2"
"HBKGJQEY","7","2"
"HBKGJQEY","8","2"
"HBKGJQEY","9","2"
"HBKGJQEY","10","2"
"ND6V1CBE","1","0"
"ND6V1CBE","2","0"
"ND6V1CBE","3","0"
"ND6V1CBE","4","0"
"ND6V1CBE","5","0"
"ND6V1CBE","6","0"
"ND6V1CBE","7","0"
"ND6V1CBE","8","0"
"ND6V1CBE","9","0"
"ND6V1CBE","10","0"
"ND6V1CBE","11","0"
"ND6V1CBE","12","0"
"ND6V1CBE","13","0"
"ND6V1CBE","1","1"
"ND6V1CBE","2","1"
"ND6V1CBE","3","1"
"ND6V1CBE","4","1"
"ND6V1CBE","5","1"
"ND6V1CBE","6","1"
"ND6V1CBE","7","1"
"ND6V1CBE","8","1"
"ND6V1CBE","9","1"
"ND6V1CBE","10","1"
"ND6V1CBE","11","1"
"ND6V1CBE","12","1"
"ND6V1CBE","13","1"
"OUL0NHS5","1","1"
"OUL0NHS5","2","1"
"OUL0NHS5","3","1"
"OUL0NHS5","4","1"
"OUL0NHS5","5","1"
"OUL0NHS5","6","1"
"OUL0NHS5","7","1"
"OUL0NHS5","8","1"
"OUL0NHS5","9","1"
"OUL0NHS5","10","1"
"OUL0NHS5","1","2"
"OUL0NHS5","2","2"
"OUL0NHS5","3","2"
"OUL0NHS5","4","2"
"OUL0NHS5","5","2"
"OUL0NHS5","6","2"
"OUL0NHS5","7","2"
"OUL0NHS5","8","2"
"OUL0NHS5","9","2"
"OUL0NHS5","10","2"
"XZRRL5AE","1","0"
"XZRRL5AE","2","0"
"XZRRL5AE","3","0"
"XZRRL5AE","4","0"
"XZRRL5AE","5","0"
"XZRRL5AE","6","0"
"XZRRL5AE","7","0"
"XZRRL5AE","8","0"
"Z4M8AT89","1","0"
"Z4M8AT89","2","0"
"Z4M8AT89","3","0"
"Z4M8AT89","4","0"
"Z4M8AT89","5","0"
"Z4M8AT89","6","0"
"Z4M8AT89","7","0"
"Z4M8AT89","8","0"
"Z4M8AT89","9","0"
"Z4M8AT89","10","0"
"Z4M8AT89","11","0"
"Z4M8AT89","12","0"
"Z4M8AT89","13","0"
"Z4M8AT89","14","0"
"Z4M8AT89","15","0"
"Z4M8AT89","16","0"
"Z4M8AT89","17","0"
"Z4M8AT89","18","0"
"Z4M8AT89","19","0"
"Z4M8AT89","20","0"
"Z4M8AT89","21","0"
"Z4M8AT89","22","0"
"Z4M8AT89","23","0"
"Z4M8AT89","24","0"
"Z4M8AT89","25","0"
"Z4M8AT89","26","0"
"Z4M8AT89","27","0"
"Z4M8AT89","28","0"
"Z4M8AT89","29","0"
"Z4M8AT89","30","0"
"Z4M8AT89","31","0"
"Z4M8AT89","32","0"
"Z4M8AT89","33","0"
"Z4M8AT89","34","0"
"Z4M8AT89","35","0"
"Z4M8AT89","36","0"
"Z4M8AT89","37","0"
"Z4M8AT89","38","0"
"Z4M8AT89","39","0"
"Z4M8AT89","40","0"
"Z4M8AT89","41","0"