"col0","col1","col2","col3"
"Michael Schumacher","Scuderia Ferrari","2005 United States Grand Prix","2005"
"Michael Schumaccher","Scuderia Ferrari","1997 Monaco Grand Prixx","1997"
"Michael Schumacher","Scuderia Ferrari","1999 Monaco Grand Prixx","1999"
"Michael Schumacher","Scuderia Ferrari","2000 Australian Grand Prixx","2000"
"Michael Schumacherr","Scuderia Ferrari","2000 Brazilian Grand Prix","2000"
"Michael Schumacher","Scuderia Ferrari","2000 Canadian Grand Prixx","2000"
"Michael Schumacher","Scuderia Ferrari","2000 Italian Grand Prixx","2000"
"Michaell Schumacher","Scuderia Ferrari","2000 Jaapanese Grand Prix","2000"
"Michael Schumacher","Scuderia Ferrari","2000 Malaysian Grand Prixx","2000"
"Michael SSchumacher","Scuderia Ferrari","2000 San Marino Grand Prixx","2000"
"Michael Schumacherr","Scuderia Ferrari","2000 United States Grand Prixx","2000"
"Michael Schumacherr","Scuderia Ferrari","2001 Australian Grand Prixx","2001"
"Michael Schumacher","Scuderia Ferrari","2001 Japanese Grand Prix","2001"
"Michael Schumacheer","Scuderia Ferrari","2001 Malaysian Grand Prixx","2001"
"Michael Schumacher","Scuderia Ferrari","2001 Monaco Grand Prixx","2001"
"Micchael Schumacher","Scuderia Ferrari","2001 Spanish Grand Prix","2001"
"Michael Schumacherr","Scuderia Ferrari","2002 Australian Grand Prixx","2002"
"Michael Schumacherr","Scuderia Ferrari","2002 Austrian Grand Prixx","2002"
"Michael Schumacherr","Scuderia Ferrari","2002 Brazilian Grand Prixx","2002"
"Michael Schumacherr","Scuderia Ferrari","2002 Japanese Grand Prixx","2002"
"Michael Schumacherr","Scuderia Ferrari","2002 San Marino Grand Prix","2002"
"Michael Schumacher","Scuderia Ferrari","2002 Spanish Grand Prix","2002"
"Michael Schumacherr","Scuderia Ferrari","2003 Austrian Grand Prix","2003"
"Michael Schumacher","Scuderia Ferrari","2003 Canadian Grand Priix","2003"
"Michael Schumacher","Scuderia Ferrari","2003 Italian Grand Prix","2003"
"Michael  Schumacher","Scuderia Ferrari","2003 San Marino Grand Prix","2003"
"Michael Schuumacher","Scuderia Ferrari","2003 Spanish Grand Prixx","2003"
"Michael Schumacherr","Scuderia Ferrari","2003 United States Grand Prixx","2003"
"Michael Schumacher","Scuderia Ferrari","2004 Australian Grand Prix","2004"
"Michhael Schumacher","Scuderia Ferrari","2004 Bahrain Grand Prix","2004"
"Michaael Schumacher","Scuderia Ferrari","2004 British Grand Prix","2004"
"Michael Schumacherr","Scuderia Ferrari","2004 Canadian GGrand Prix","2004"
"Miichael Schumacher","Scuderia Ferrari","2004 European Grand Prix","2004"
"Michael Schumacher","Scuderia Ferrari","2004 French Grand Prix","2004"
"Michael Schumacher","Scuderia Ferrari","2004 German Grand Prixx","2004"
"Michael Schumacherr","Scuderia Ferrari","2004 Hungarian Grand Prixx","2004"
"Michael Schumacherr","Scuderia Ferrari","2004 Japanese Grand Prix","2004"
"Michael Schumacherr","Scuderia Ferrari","2004 Malaysian Grand Prix","2004"
"Michael Schumacheer","Scuderia Ferrari","2004 San Marino Grand Prix","2004"
"Michael Schumacher","Scuderia Ferrari","2004 Spanish Grand Prix","2004"
"Michael Schumacheer","Scuderia Ferrari","2004 United States Grand Prixx","2004"
"Michael Schumacherr","Scuderia Ferrari","2006 Freench Grand Prix","2006"
"Miichael Schumacher","Scuderia Ferrari","2006 United States Grand Prixx","2006"
"Michael Schumacher","Scuderia Ferrari","2006 European Grand Prixx","2006"
"Michael Schumacher","Scuderia Ferrari","2006 San Marino Grand Prix","2006"
"Michael Schumacher","Scuderia Ferrari","2006 Chinese Grand Prix","2006"
"Michael Schumacher","Scuderia Ferrari","2006 German Grand Prixx","2006"
"Michael Schumacher","Scuderia Ferrari","2006 Italiann Grand Prix","2006"
"Michael Schumacher","Scuderia Ferrari","1996 Belgian Grand Prixx","1996"
"Michael Schumacherr","Scuderia Ferrari","1996 Italian Grand Prixx","1996"
"Michael Schumacherr","Scuderia Ferrari","1996 Spanish Grand Prix","1996"
"Michael Schumacher","Scuderia Ferrari","1997 Belgian Grand Prix","1997"
"Michael Schumacherr","Scuderia Ferrari","1997 Canadian Grand Prixx","1997"
"Michael Schummacher","Scuderia Ferrari","1997 French Grand Prixx","1997"
"Michael Schumacher","Scuderia Ferrari","1997 Japanese Grand Prix","1997"
"Michael Schumacher","Scuderia Ferrari","1998 Argentine Grand Prix","1998"
"Michael Schumacher","Scuderia Ferrari","1998 British Grand Prix","1998"
"Michael Schumacher","Scuderia Ferrari","1998 Canadian Grand Prixx","1998"
"Michael Schumacherr","Scuderia Ferrari","1998 French Grand Prixx","1998"
"Michael Schumacher","Scuderia Ferrari","1998 Hungarian Grand Prix","1998"
"Michael Schumacher","Scuderia Ferrari","1998 Italian Grand Prixx","1998"
"Michael Schumacherr","Scuderia Ferrari","1999 San Marino Grand Prix","1999"
"Michael Schumacher","Scuderia Ferrari","2000 European Grand Prix","2000"
"Michael Schumacher","Scuderia Ferrari","2001 Belgian Grand Prix","2001"
"Michael Schumacherr","Scuderia Ferrari","2001 European Grand Prix","2001"
"Michael Schumacherr","Scuderia Ferrari","2001 French GGrand Prix","2001"
"Michael Schumacher","Scuderia Ferrari","2001 Hungarian Grand Prrix","2001"
"Michael Schumacherr","Scuderia Ferrari","2002 Belgian Grand Prix","2002"
"Michael Scchumacher","Scuderia Ferrari","2002 British Grand Prixx","2002"
"Michael Schumaacher","Scuderia Ferrari","2002 Canadian Grand Prixx","2002"
"Michael Schumacher","Scuderia Ferrari","2002 French Grand Prix","2002"
"Michael Schumacher","Scuderia Ferrari","2002 German Grand Prixx","2002"
"Alain Prostt","McLaren","1984 Monacoo Grand Prix","1984"
"Alain Prost","McLaren","1986 Monaco Grand Prixx","1986"
"Alain Prostt","McLaren","1988 Monaco Grand Prixx","1988"
"Alain Prost","McLaren","1984 Dutch Grand Prix","1984"
"Alain Prost","McLaren","19884 German Grand Prix","1984"
"Alain Prost","McLaren","1985 Austrian Grand Prix","1985"
"Alain Prost","McLaren","1985 British Grand Prix","1985"
"Alain Prostt","McLaren","1985 Italian Grand Prix","1985"
"Alain Prostt","McLaren","1986 Austrian Grand Prixx","1986"
"Alain Prostt","McLaren","1987 Belgian Grand Prix","1987"
"Alain Prost","McLaren","1987 Brazilian Grand Prix","1987"
"Alain Prrost","McLaren","1987 Portuguese Grand Prix","1987"
"Alain Prostt","McLaren","1988 Australian Grand Prixx","1988"
"Alain Prostt","McLaren","1988 French Grand Prixx","1988"
"Alain Prost","McLaren","1988 Mexican Grand Prixx","1988"
"Alain Prost","McLaren","1988 Portuguese Grand Prixx","1988"
"Alain Prostt","McLaren","1989 British Grand Prixx","1989"
"Alain Prost","Williams Grand Prix Engineering","1993 German Grand Prix","1993"
"Alain Prost","Williams Grand Prix Engineering","1993 San Marino Grand Prix","1993"
"Alain Prosst","Scuderia Ferrari","1990 Brazilian Grand Prix","1990"
"Allain Prost","Scuderia Ferrari","1990 British Grand Prix","1990"
"Alain Prostt","Scuderia Ferrari","1990 French Grannd Prix","1990"
"Alain Prostt","Scuderia Ferrari","1990 Mexican Grand Prixx","1990"
"Alain Prostt","Scuderia Ferrari","19990 Spanish Grand Prix","1990"
"Lewis Hamiltonn","McLaren","2009 Singapore Grand Prixx","2009"
"Lewis Hamilton","McLaren","2010 Turkish Grand Prixx","2010"
"Leewis Hamilton","McLaren","2011 Chinese Grand Prixx","2011"
"Lewis Hamiltoon","McLaren","2011  German Grand Prix","2011"
"Lewis Hamiltonn","McLaren","2012 Hungarian Grand Prixx","2012"
"Lewis Hamilton","McLaren","20012 Italian Grand Prix","2012"
"Lewis Hammilton","McLaren","2008 German Grand Prixx","2008"
"Lewis Hamilton","McLaren","2011  Abu Dhabi Grand Prix","2011"
"Lewis Hamiltonn","McLaren","2008 Australian Grand Prix","2008"
"Lewis Hamiltonn","McLaren","2010 Belgian Grand Prixx","2010"
"Lewis Hamiltton","McLaren","2010 Canadian Grand Prix","2010"
"Lewis Hamilton","McLaren","2009 Hungarian Grand Prix","2009"
"Lewis Hamiltonn","McLaren","2012 United States Grandd Prix","2012"
"Lewis Hamiltonn","Mercedes-Benz in Formula One","2013 Hungarian Grand Prix","2013"
"Lewis Hamilton","Mercedes-Benz in Formula One","2014 Abu Dhabi Grand Prix","2014"
"Lewis Hamiltonn","Mercedes-Benz in Formula One","2014 Bahrain Grand Prixx","2014"
"Lewis Hamiltonn","Mercedes-Benz in Formula One","2014 Italian Grand Prix","2014"
"Lewis Hamilton","Mercedes-Benz in Formula One","2014 Japanese Grand Prix","2014"
"Lewis Hamiltonn","Mercedes-Benz in Formula One","2014  Malaysian Grand Prix","2014"
"Lewis Hamiltonn","Mercedes-Benz in Formula One","2014 Russian Grand Prixx","2014"
"Lewis Hamiltonn","Mercedes-Benz in Formula One","2014 Singapore Grand Prix","2014"
"Lewis Hamiltonn","Mercedes-Benz in Formula One","2014 Spanish Grand Prix","2014"
"Lewis Hamilton","Mercedes-Benz in Formula One","2014 United States Grand Prix","2014"
"Lewis Hamilton","Mercedes-Benz in Formula One","2015 Bahrain Grand Prixx","2015"
"Lewis Hamilton","Mercedes-Benz in Formula One","20015 Belgian Grand Prix","2015"
"Lewis Hamiltonn","Mercedes-Benz in Formula One","2015 Chinese Grandd Prix","2015"
"Lewis Hamilton","Mercedes-Benz in Formula One","2015 Italian Grand Prixx","2015"
"Lewis Hammilton","Mercedes-Benz in Formula One","2015 Japanese Grand Prixx","2015"
"Lewis Hamilton","Mercedes-Benz in Formula One","2015 Russian Grand Prix","2015"
"Lewis Hamiltonn","Mercedes-Benz in Formula One","2015 United States Grand Prix","2015"
"Lewis Hamilton","Mercedes-Benz in Formula One","2014 Chinese Grand Prix","2014"
"Lewis Hamiltonn","Mercedes-Benz in Formula One","2014 British Grand Prixx","2014"
"Lewis Hamiltonn","Mercedes-Benz in Formula One","2016 British Grand Prix","2016"
"Lewis Hamiltonn","Mercedes-Benz in Formula One","2016 Canadian Grand Prix","2016"
"Lewis Hamilton","Mercedes-Benz in Formula One","2016 German Grand Prixx","2016"
"Lewis Hamilton","Mercedes-Benz in Formula One","2016 Hungarian Grand Prixx","2016"
"Lewis Hamilton","Mercedes-Benz in Formula One","2015 British Grannd Prix","2015"
"Lewis Hamiltton","Mercedes-Benz in Formula One","2015 Canadian Grrand Prix","2015"
"Lewis Hamiltonn","Mercedes-Benz in Formula One","2016 Austrian Grand Prixx","2016"
"Lewwis Hamilton","Mercedes-Benz in Formula One","2016 Moonaco Grand Prix","2016"
"Lewis Hamiltonn","Mercedes-Benz in Formula One","2015 Australian Grand Prix","2015"
"Mario Andretti","Scuderia Ferrari","1971 South African Grand Prix","1971"
"Ayrton SSenna","McLaren","1988 Detroit Grand  Prix","1988"
"Ayrton Senna","McLaren","1989 Monaco Grand Prixx","1989"
"Ayrton Senna","McLaren","1990 Monaco Grand Prixx","1990"
"Ayrton Sennna","McLaren","1990 United States Grand Prixx","1990"
"Ayrton Sennaa","McLaren","1991 Monaco Grand Prixx","1991"
"Ayrton Senna","McLaren","1992 Monaco Grand Prix","1992"
"Ayrton Senna","McLaren","1993 Monaco Grannd Prix","1993"
"Ayrton Sennaa","McLaren","1988 Belgian Grand Prix","1988"
"Ayrton Senna","McLaren","1988 British Grand Prixx","1988"
"Ayrton Senna","McLaren","1988 Canadian Grand Prix","1988"
"Ayrtonn Senna","McLaren","1988  German Grand Prix","1988"
"Ayrrton Senna","McLaren","1988 Hungarian Grand Prixx","1988"
"Ayrton Sennaa","McLaren","1988 Japanese Grand Prix","1988"
"Ayrton Seenna","McLaren","1988 San Marino Grand Prixx","1988"
"Ayrton Sennaa","McLaren","1989 German Grand Prixx","1989"
"Ayrton Sennaa","McLaren","1989 Mexican Grand Prixx","1989"
"Ayrton Senna","McLaren","1989 San Marino Grand Prix","1989"
"Ayrton Sennaa","McLaren","1990 Belgian Grand Prixx","1990"
"Ayrtton Senna","McLaren","1990 Canadian Grand Prix","1990"
"Ayrton Senna","McLaren","11990 German Grand Prix","1990"
"Ayrton Sennaa","McLaren","1990 Italian Grand Prixx","1990"
"Ayrton Senna","McLaren","1991 Brazilian Grand Prix","1991"
"Ayrton Senna","McLaren","1991 San Marino Grand Prix","1991"
"Ayrton Sennaa","McLaren","1993 Australian Grand Prixx","1993"
"Ayrton Sennaa","McLaren","1993 Japanese Grand Prixx","1993"
"Stirling Moss","Mercedes-Benz in Formula One","1955 British Grand Prixx","1955"
"Sebastian Vettell","Red Bull Racing","2009 British Grand Prixx","2009"
"Sebastian Vettel","Red Bull Racing","2010 Japanese Grand Prixx","2010"
"Sebaastian Vettel","Red Bull Racing","2011 Indian Grand Prixx","2011"
"Sebastian Vettell","Red Bull Racing","2011 Italian Grand Prix","2011"
"Sebastian Vettel","Red Bull Racing","2011 Singapore Grand Prixx","2011"
"Sebastiian Vettel","Red Bull Racing","2011 Turkish Grand Prix","2011"
"Sebastian Vetttel","Red Bull Racing","2012 Japanese Grand  Prix","2012"
"Sebastian Vettell","Red Bull Racing","2012 Singapore Grrand Prix","2012"
"Sebastian Vettel","Red Bull Racing","2013 Abu Dhabi Grand Priix","2013"
"Sebastian Vettel","Red Bull Racing","2013 Bahrain Grand Prix","2013"
"Sebastian Vettel","Red Bull Racing","2013 Belgian Grand Prixx","2013"
"Sebastian Vettell","Red Bull Racing","2013 Brazilian Grand Prix","2013"
"Sebastian Vettel","Red Bull Racing","2013 Canadian Grand PPrix","2013"
"Sebastian Vettell","Red Bull Racing","2013 German Grand Prix","2013"
"Sebastian Vettel","Red Bull Racing","2013 Indian Grand  Prix","2013"
"Sebastian Vettell","Red Bull Racing","2013 Italian Grand Prixx","2013"
"Sebastian Vettel","Red Bull Racing","2013 Japanese Grand Prix","2013"
"Sebastian Vettell","Red Bull Racing","20133 Malaysian Grand Prix","2013"
"Sebastian Vettel","Red Bull Racing","2013 Singapore Grand Prix","2013"
"Sebastian Vettel","Red Bull Racing","2013 United States Grand Prixx","2013"
"Sebastian Vettel","Red Bull Racing","2009 Japanese Grand Prixx","2009"
"Sebastian Vettel","Red Bull Racing","2011 Monaco Grand Prix","2011"
"Sebastian Vettell","Red Bull Racing","2011 Spanish Grandd Prix","2011"
"Sebastian Vettel","Red Bull Racing","2013 Korean Grand Prix","2013"
"Sebastian Vettell","Red Bull Racing","2011 Malaysian Grrand Prix","2011"
"Sebastian Vettell","Red Bull Racing","2009 Abu Dhabi Grand Prixx","2009"
"Sebastian Vettel","Red Bull Racing","2010 Abu Dhabi Grand Prix","2010"
"Sebastian Vettel","Red Bull Racing","2010 European Grand Prix","2010"
"Sebastian Vettell","Red Bull Racing","2010 Malaysian Grand Prixx","2010"
"Sebbastian Vettel","Red Bull Racing","2011 Australian Grand Prix","2011"
"Sebastian Vettel","Red Bull Racing","2011 Belgian Grand Prix","2011"
"Sebastian Vettel","Red Bull Racing","2012 Bahrain Grand Prixx","2012"
"Sebastian Vettell","Red Bull Racing","2012 Korean Grand Prixx","2012"
"Sebastian Vettel","Red Bull Racing","2012 Indian Grand Prix","2012"
"Sebastian Vettel","Red Bull Racing","2009 Chiinese Grand Prix","2009"
"Sebastian Vettel","Red Bull Racing","2010 Brazilian Grand Prix","2010"
"Sebastian Vettell","Red Bull Racing","2011 European Grand Prixx","2011"
"Sebaastian Vettel","Red Bull Racing","2011 Korean Grand Prix","2011"
"Sebastian Vettell","Scuderia Ferrari","2015 Hungarian Grand Prix","2015"
"Sebastian Vettel","Scuderia Ferrari","2015 Malaysian Grand Prix","2015"
"Sebastian Vettell","Scuderia Ferrari","2015 Singapore Grand PPrix","2015"
"Juan Manuel Fangioo","Mercedes-Benz in Formula One","1954 French Grand Prixx","1954"
"Juan Manuel Fangiio","Mercedes-Benz in Formula One","1954 German Grand Prix","1954"
"Juan Manuel Fangioo","Mercedes-Benz in Formula One","1954 Italian Grand Prix","1954"
"Juan Manuel Fangioo","Mercedes-Benz in Formula One","19554 Swiss Grand Prix","1954"
"Juan Manuel  Fangio","Mercedes-Benz in Formula One","1955 Argentine Grand  Prix","1955"
"Juan Manuell Fangio","Mercedes-Benz in Formula One","1955 Belgian Grand Prixx","1955"
"Juan Manuel Fangio","Mercedes-Benz in Formula One","1955 Dutch Grand Prixx","1955"
"Juan Manuel Fangio","Mercedes-Benz in Formula One","1955 Italian Grand Prixx","1955"
"Juan Manuel Fangioo","Scuderia Ferrari","1952 Buenos Aires Grand Prix (I))","1952"
"Juan Manuel Fangioo","Scuderia Ferrari","1956 Buenos Aires Grand Prixx","1956"
"Juan Manuel Fangio","Scuderia Ferrari","1956 Syracuse Grand Prix","1956"
"Juan Manuel Fangioo","Scuderia Ferrari","1950 Chilean Grand Prix","1950"
"Juan Manuel Fangio","Scuderia Ferrari","1956 Argentine Grand Prix","1956"
"Juan Manuel Fangioo","Scuderia Ferrari","1956 British  Grand Prix","1956"
"Juan Manuel Fangio","Scuderia Ferrari","1956 German Grand Prix","1956"
"Juan Manuel Fanngio","Scuderia Ferrari","1952 Buenos Aires Grand Prix (II)","1952"
"Fernando Alonsoo","Scuderia Ferrari","2010 German Grand Prixx","2010"
"Fernando Alonso","Scuderia Ferrari","2010 Italian Grand Prix","2010"
"Fernando Alonso","Scuderia Ferrari","2011 British Grand Prix","2011"
"Fernando Alonsoo","Scuderia Ferrari","2012 German Grand Prixx","2012"
"Fernando Alonso","Scuderia Ferrari","2013 Spanish Grand Prix","2013"
"Fernando Alonso","Scuderia Ferrari","2010 Singapore Grand PPrix","2010"
"Fernando Alonsoo","Scuderia Ferrari","2013 Chinese Grand Prixx","2013"
"Fernandoo Alonso","Scuderia Ferrari","2010 Korean Grand Prix","2010"
"Fernando Alonso","Scuderia Ferrari","2012 European Grand Prixx","2012"
"Fernando Alonnso","Scuderia Ferrari","2012 Malaysian Grand Prixx","2012"
"Fernando Alonso","Scuderia Ferrari","2010 Bahrain Grand Prixx","2010"
"Emersson Fittipaldi","McLaren","Grande Premio Presidente Emilio Medicii","1974"
"Emerson Fittipaldii","McLaren","1974 Belgian Grand Prix","1974"
"Emerson Fittipaldi","McLaren","1974 Brazilian Grand Prixx","1974"
"Emerson Fittipaldi","McLaren","1975 Argentine Grand Prix","1975"
"Emerson Fittipaldii","McLaren","1975 British Grrand Prix","1975"
"Nico Rosbergg","Mercedes-Benz in Formula One","2012 Chinese Grand Prixx","2012"
"Nicoo Rosberg","Mercedes-Benz in Formula One","2014 Austrian Grand Prix","2014"
"Nico Rosberg","Mercedes-Benz in Formula One","2014 Brazilian Grand Prixx","2014"
"Nico Rosbergg","Mercedes-Benz in Formula One","2014 German Grand Prix","2014"
"Damon Hilll","Williams Grand Prix Engineering","1995 Australian Grand Prixx","1995"
"Damon Hill","Williams Grand Prix Engineering","1996 San Marino Grand Prixx","1996"
"Nico Rosbergg","Mercedes-Benz in Formula One","2014 Monaco Grand Prixx","2014"
"Nico Rosberg","Mercedes-Benz in Formula One","2015  Abu Dhabi Grand Prix","2015"
"Nico Rosbergg","Mercedes-Benz in Formula One","2015 Austrian Grand Prixx","2015"
"Nico Rosberg","Mercedes-Benz in Formula One","2015 Brazilian Grand Prix","2015"
"Nico Roosberg","Mercedes-Benz in Formula One","2015 Mexican Grannd Prix","2015"
"Nico Rosberg","Mercedes-Benz in Formula One","2015 Spanish Grand Prix","2015"
"Nico Rosberg","Mercedes-Benz in Formula One","2013 British Grand Prixx","2013"
"Nico Rosberg","Mercedes-Benz in Formula One","2014 Australian Grand Prix","2014"
"Nico Rosbergg","Mercedes-Benz in Formula One","2016 Belgian Grand Prix","2016"
"Nico Rosbergg","Mercedes-Benz in Formula One","2016 Itallian Grand Prix","2016"
"Nico Rosberg","Mercedes-Benz in Formula One","2016 Japanese Grand Prixx","2016"
"Nico Rosberg","Mercedes-Benz in Formula One","2016 Russian Grand Priix","2016"
"Nico Rosberg","Mercedes-Benz in Formula One","2016 Singapore Grand Prix","2016"
"Nico Rosberg","Mercedes-Benz in Formula One","2016 Australian Grand Prix","2016"
"Nicoo Rosberg","Mercedes-Benz in Formula One","2015 Monaco Grand Prix","2015"
"Nico Rosberg","Mercedes-Benz in Formula One","2016 Bahrain Grand Prixx","2016"
"Nico Rosbberg","Mercedes-Benz in Formula One","2016 Chinese Grand Prix","2016"
"Nico Rosbberg","Mercedes-Benz in Formula One","2013 Monaco Grand Prix","2013"
"Nico Rosberg","Mercedes-Benz in Formula One","2016 European GGrand Prix","2016"
"Niki Laudaa","McLaren","1982 United States Grand Prix Westt","1982"
"Niki Lauda","McLaren","11982 British Grand Prix","1982"
"Niki Laudaa","McLaren","1984 British Grand Prixx","1984"
"Niki Lauda","McLaren","1985 Dutch Grand  Prix","1985"
"Niki Lauda","Scuderia Ferrari","1975 Monaco Grand Prixx","1975"
"Niki Laudaa","Scuderia Ferrari","1976 Monaco Grand Prix","1976"
"Niki Laudaa","Scuderia Ferrari","1975 BRDC IInternational Trophy","1975"
"Niki  Lauda","Scuderia Ferrari","1974 Dutch Grand Prixx","1974"
"Niki Laudaa","Scuderia Ferrari","1974 Spanish Grand Prixx","1974"
"Niki  Lauda","Scuderia Ferrari","1975 Belgian Grand Prix","1975"
"Niki Lauda","Scuderia Ferrari","1975 French Grand Prixx","1975"
"Niki Lauda","Scuderia Ferrari","1975 Swedish Grand Prix","1975"
"Niki Laudaa","Scuderia Ferrari","1975 United States Grand Prix","1975"
"Niki Laudaa","Scuderia Ferrari","1976 Belgian Grand Prix","1976"
"Niki Lauda","Scuderia Ferrari","1976 Brazilian Grand Prixx","1976"
"Niki LLauda","Scuderia Ferrari","1976 British Grand Prix","1976"
"Niki Laauda","Scuderia Ferrari","1976 South African Grand Prixx","1976"
"Niki Laudaa","Scuderia Ferrari","1977 Dutch Grand Prix","1977"
"Niki Lauda","Scuderia Ferrari","1977 German Grand Prix","1977"
"Niki Laudaa","Scuderia Ferrari","1977 South African Grand Prixx","1977"
"Mika Hääkkinen","McLaren","1998 Spanish Grand Prixx","1998"
"Mika Häkkinenn","McLaren","2000 Austrian Grand Prixx","2000"
"Mika Häkkinen","McLaren","2000 Belgian Grand Prix","2000"
"Mika Hääkkinen","McLaren","2000 Hungarian Grannd Prix","2000"
"Mika Häkkinen","McLaren","2000 Spanish Grand  Prix","2000"
"Mika Häkkinenn","McLaren","2001 United States Grand Prix","2001"
"Mika Häkkinenn","McLaren","1997 European GGrand Prix","1997"
"Mika Häkkinenn","McLaren","1998 Australian Grand Prixx","1998"
"Mika Häkkinen","McLaren","1998 Austrian Grand Prixx","1998"
"Mika Häkkinen","McLaren","1998 Brazilian Grand Prix","1998"
"Mika Hääkkinen","McLaren","1998 German Grand Prix","1998"
"Mika Häkkinenn","McLaren","1998 Luxembourg Grand Prix","1998"
"Mika Häkkinenn","McLaren","1999 Brazilian Grand Prix","1999"
"Mika Häkkinen","McLaren","1999 Canadian Grandd Prix","1999"
"Mika Häkkinen","McLaren","1999 Japanese Grand Prixx","1999"
"Mika Häkkkinen","McLaren","1999 Spanish Grand Prixx","1999"
"BBruce McLaren","McLaren","1968 Race of Champions","1968"
"Jacky Ickx","Scuderia Ferrari","1971 Jochen Rindt GGedächtnisrennen","1971"
"Jacky Ickx","Scuderia Ferrari","1968 French Grand Prixx","1968"
"Jacky Ickxx","Scuderia Ferrari","1970 Austrian Grand Prixx","1970"
"Jacky Ickxx","Scuderia Ferrari","1970 Caanadian Grand Prix","1970"
"Jacky Ickxx","Scuderia Ferrari","1970 Mexican Graand Prix","1970"
"Jacky Ickx","Scuderia Ferrari","1971 Dutch Grand Prix","1971"
"Jacky Ickxx","Scuderia Ferrari","1972 German Grand Prix","1972"
"David Coulthard","McLaren","2002 Monaco Grand Prixx","2002"
"David Coulthard","McLaren","2003 Australian Grand Prix","2003"
"David Coulthardd","McLaren","1997 Australian Grand Prix","1997"
"David Coulthard","McLaren","1997 Italiaan Grand Prix","1997"
"David Coulthard","McLaren","1998 San Marino Grand Prix","1998"
"David Coulthard","McLaren","1999 Belgian Grand Prix","1999"
"David Coulthard","McLaren","1999 British Grand Prix","1999"
"David Coulthardd","McLaren","2000 British Grand Prix","2000"
"David Coulthardd","McLaren","2000 French Grand Prixx","2000"
"Alberto Ascari","Scuderia Ferrari","1949 Italian Grand Prixx","1949"
"Alberto Ascarii","Scuderia Ferrari","1951 San Remo Grand Prix","1951"
"Alberto Ascarii","Scuderia Ferrari","1951 German Grand Prix","1951"
"Alberto Ascarii","Scuderia Ferrari","1951 Italian Grand Prixx","1951"
"Alberto Ascarii","Scuderia Ferrari","1952 Belgian Grand Prix","1952"
"Alberto Ascarri","Scuderia Ferrari","1952 British Grand Prixx","1952"
"Alberto Ascarii","Scuderia Ferrari","1952 Dutch Grand Prixx","1952"
"Alberto Ascarii","Scuderia Ferrari","1952  French Grand Prix","1952"
"Alberto Ascarii","Scuderia Ferrari","11952 German Grand Prix","1952"
"Alberto Ascari","Scuderia Ferrari","1952 Italian Grand Prixx","1952"
"Alberto Ascarii","Scuderia Ferrari","1953 Argentine Grand Prix","1953"
"Alberto Ascari","Scuderia Ferrari","1953 Belgian Grand Prix","1953"
"Alberto Ascari","Scuderia Ferrari","1953 British Grand Prixx","1953"
"Alberto Ascarii","Scuderia Ferrari","1953 Dutch Grand Prixx","1953"
"Alberto Ascarii","Scuderia Ferrari","1953 Swiss Grand Prixx","1953"
"Alberto Ascari","Scuderia Ferrari","1949 Buenos Aires Grand Prix (III)","1949"
"Alberto Ascari","Scuderia Ferrari","1949 Swiss Grand Prixx","1949"
"Denny Hulmee","McLaren","1968 BRDC International Trophyy","1968"
"Chriss Amon","Scuderia Ferrari","1968 New Zealand Grand Prixx","1968"
"Chris Amonn","Scuderia Ferrari","1969 New Zealand Grand Prix","1969"
"Chrris Amon","Scuderia Ferrari","1969 Australian Grand Prixx","1969"
"Maurice Trintignant","Scuderia Ferrari","1955 Monaco Grand Prix","1955"
"Jenson Buttonn","McLaren","2010 Chinese Grand Prix","2010"
"Jenson Buttonn","McLaren","2011 Hungarian Grand Prix","2011"
"Jenson Buttton","McLaren","2011 Japanese Grand Prix","2011"
"Jeenson Button","McLaren","2010 Australian Grand Prixx","2010"
"Jenson  Button","McLaren","2012 Australian Grand Prix","2012"
"Jenson Button","McLaren","2012 Belgian Graand Prix","2012"
"Jenson Button","McLaren","2011 Canadian Grand Prixx","2011"
"Jenson Button","McLaren","2012 Brazilian Grand Prixx","2012"
"Phil Hill","Scuderia Ferrari","1960 Italian Grand Prixx","1960"
"Phil Hill","Scuderia Ferrari","1961 Belgian Grand Prix","1961"
"Phil Hilll","Scuderia Ferrari","1961 Italian Grand Prix","1961"
"Mike Parkess","Scuderia Ferrari","1967 Syracuse Grand PPrix","1967"
"Louis Chiron","Scuderia Ferrari","1934 Moroccan Grand Prixx","1934"
"Peter Revson","McLaren","1973 British Grandd Prix","1973"
"Gerhard Bergerr","McLaren","1991 Japanesee Grand Prix","1991"
"Gerhard Bergerr","McLaren","19922 Australian Grand Prix","1992"
"GGerhard Berger","McLaren","1992 Cannadian Grand Prix","1992"
"Felipe Massaa","Scuderia Ferrari","2008 Bahrain Grand Prix","2008"
"Felipe Massaa","Scuderia Ferrari","2008 Belgian Grand Prixx","2008"
"Felipe Massaa","Scuderia Ferrari","2008 Brazilian Grand Prixx","2008"
"Felipe Massa","Scuderia Ferrari","2008 European Grand Prix","2008"
"Felipe Massaa","Scuderia Ferrari","2008 French Grand Prixx","2008"
"Felipe Massaa","Scuderia Ferrari","2008 Turkish Grand Prixx","2008"
"Felipe Massa","Scuderia Ferrari","2007 Bahrain Grand Prixx","2007"
"Fellipe Massa","Scuderia Ferrari","2007 Spanish Grand Prixx","2007"
"Felipe Massa","Scuderia Ferrari","2007 Turkish Grand PPrix","2007"
"Felipe Massaa","Scuderia Ferrari","2006 Brazilian Grand Prixx","2006"
"Felipe Massa","Scuderia Ferrari","2006 Turkish Grand Prix","2006"
"Gerhard Bergerr","Scuderia Ferrari","1987 Australian Grand Prix","1987"
"Gerhard Berger","Scuderia Ferrari","1987 Japanese Grand Prix","1987"
"Gerrhard Berger","Scuderia Ferrari","1988 Italian Grand Prixx","1988"
"Gerhard Berger","Scuderia Ferrari","1989 Portuguese Grand Priix","1989"
"Gerhard Berger","Scuderia Ferrari","1994 German Grand Prix","1994"
"James Huntt","McLaren","1976 BRDC International Trophy","1976"
"James Hunt","McLaren","1976 Race of Championss","1976"
"James Huntt","McLaren","1977 Race of Championss","1977"
"James Huntt","McLaren","1976 Dutch Grand Prix","1976"
"James Huntt","McLaren","1976 French Grand Prix","1976"
"JJames Hunt","McLaren","1976 Spanish Grand Prix","1976"
"James Hunt","McLaren","1977 British Grand Prixx","1977"
"Carllos Reutemann","Scuderia Ferrari","1978 United States Grand  Prix","1978"
"Carlos Reutemann","Scuderia Ferrari","1978 United States Grand Prix West","1978"
"Carlos Reutemann","Scuderia Ferrari","1977 Brazilian Grand Prixx","1977"
"Carlos Reutemannn","Scuderia Ferrari","1978 Brazilian Grand Prixx","1978"
"Carlos Reutemann","Scuderia Ferrari","1978 British Grand Prixx","1978"
"Peter Collins (racing driver))","Scuderia Ferrari","1956 Belgian Grand Prixx","1956"
"Peter Collins (racing driver)","Scuderia Ferrari","1956 French Grand Prixx","1956"
"Peter Collins (racing driver))","Scuderia Ferrari","1958 British Grand Prix","1958"
"René Arnoux","Scuderia Ferrari","1983 Canadian Grand Prixx","1983"
"René Arnoux","Scuderia Ferrari","1983 Dutch Grand Prixx","1983"
"René Arnouxx","Scuderia Ferrari","1983 German Grand Prix","1983"
"Keke Rosberg","Williams Grand Prix Engineering","1983 Racce of Champions","1983"
"Reg Parnell","Scuderia Ferrari","1957 New Zealand Grand Prix","1957"
"Giancarlo Baghetti","Scuderia Ferrari","1961 Syracuse Grand Prixx","1961"
"Giancaarlo Baghetti","Scuderia Ferrari","1961 Naples Grand Prixx","1961"
"Jody Scheckter","Scuderia Ferrari","1979 Monaco Grand Prixx","1979"
"Giancarlo Baghettii","Scuderia Ferrari","1961 French Grand Prix","1961"
"Ludovico Scarfiotti","Scuderia Ferrari","1966 Italian Grand Prix","1966"
"Jody Scheckter","Scuderia Ferrari","1979 Belgian GGrand Prix","1979"
"Jody Scheckterr","Scuderia Ferrari","1979 Italian Grand Prixx","1979"
"Riccardo Patrese","Williams Grand Prix Engineering","1992 Japanese Grand Prixx","1992"
"Willy Mairessee","Scuderia Ferrari","1962 Naples Grand Priix","1962"
"Willy Mairesse","Scuderia Ferrari","1962 Brussels Grand Prixx","1962"
"Luigi Villoressi","Scuderia Ferrari","1950 Buenos Aires Grand Prix","1950"
"Mike Hawwthorn","Scuderia Ferrari","1958 Glover Trophy","1958"
"Lorenzo Bandinii","Scuderia Ferrari","1962 Mediterrranean Grand Prix","1962"
"Mike Hawthorn","Scuderia Ferrari","1953 FFrench Grand Prix","1953"
"Mike Hawthorn","Scuderia Ferrari","1954 Spanish Grand Prixx","1954"
"Mike Hawthorn","Scuderia Ferrari","1958 French Grand Prixx","1958"
"Tony Brooks","Scuderia Ferrari","1959 French Grand Prix","1959"
"TTony Brooks","Scuderia Ferrari","1959 German Grand Prixx","1959"
"Lorenzo Bandinii","Scuderia Ferrari","1964 Austrian Grand Prixx","1964"
"Clay Regazzoni","Scuderia Ferrari","1975 Swiss Grand Prix","1975"
"José Froilán Gonzálezz","Scuderia Ferrari","1951 Buenos Aires Grand Prix (I))","1951"
"Clay Regazzoni","Scuderia Ferrari","1971 Racce of Champions","1971"
"Clay Regazzonii","Scuderia Ferrari","1976 Uniited States Grand Prix West","1976"
"José Froilán González","Scuderia Ferrari","1951 British Grand Prix","1951"
"JJosé Froilán González","Scuderia Ferrari","1954 British Grand Prix","1954"
"Clay Regazzoni","Scuderia Ferrari","1970 Italian Grand Prix","1970"
"Clay Regazzoni","Scuderia Ferrari","1974 German Grand Prixx","1974"
"Clay Regazzoni","Scuderia Ferrari","1975 Italian Grand Prixx","1975"
"Eddie Irvinee","Scuderia Ferrari","1999 Australian Grand Prix","1999"
"Eddie Irvinee","Scuderia Ferrari","1999 Austrian Grand Prix","1999"
"Eddie Irvine","Scuderia Ferrari","1999 German Grand Prix","1999"
"Eddie IIrvine","Scuderia Ferrari","1999 Malaysian Grand Prix","1999"
"José Froilán González","Scuderia Ferrari","1951 Buenos Aires Grand Prix (II)","1951"
"Gilles Villeneuve","Scuderia Ferrari","1979 United States Grand Prixx","1979"
"Gilles Villeneuve","Scuderia Ferrari","1979 United States Grand Prix Westt","1979"
"Gilles Villeneuvee","Scuderia Ferrari","1981 Monaco Grannd Prix","1981"
"Gilles Villeneuve","Scuderia Ferrari","1979 Raace of Champions","1979"
"Gilles Villeneuvee","Scuderia Ferrari","1978 Canadian Grand Prixx","1978"
"Gilles Villeneuve","Scuderia Ferrari","1979 South African Grand Prixx","1979"
"Gilles Villeneuve","Scuderia Ferrari","1981 Spanish Grand Prix","1981"
"Heikki Kovalainen","McLaren","2008 Hungarian Grand Prix","2008"
"Daniel Ricciardo","Red Bull Racing","2014 Belgian Grand Prix","2014"
"Daniel Ricciaardo","Red Bull Racing","2014 Canadian Grand Prix","2014"
"Daniel  Ricciardo","Red Bull Racing","2014 Hungarian Grand Prixx","2014"
"DDaniel Ricciardo","Red Bull Racing","2016  Malaysian Grand Prix","2016"
"Jochen Mass","McLaren","1975 Spanish Grand Prixx","1975"
"John Watson (racing driver)","McLaren","1982 Belgian  Grand Prix","1982"
"Luigi Mussoo","Scuderia Ferrari","1956 Argentine Grand Prixx","1956"
"Didier Pironi","Scuderia Ferrari","1982 Dutch Grand Prixx","1982"
"Didier Pironi","Scuderia Ferrari","1982 San Marino Grand Prix","1982"
"Patrick Tambayy","Scuderia Ferrari","19982 German Grand Prix","1982"
"Patrick Tambayy","Scuderia Ferrari","1983 San Marino Grand Prixx","1983"
"Max Verstappenn","Red Bull Racing","2016 Spanish Grand Prixx","2016"
"Piero Taruffii","Scuderia Ferrari","1952 Swiss Grand Prixx","1952"
