"col0","col1"
"Abbevile","Georgia, GA"
"Abeville","Georgia, GA"
"Abiline","Texas, TX"
"Alabastre","Alabama, AL"
"Alamedda","California, CA"
"Alamusa","Colorado, CO"
"Albanee","Oregon, OR"
"Albny","Oregon, OR"
"Allbany","New York, NY"
"Albertvile","Alabama, AL"
"Abaquerque","New Mexico, NM"
"Albequerque","New Mexico, NM"
"Albuqerque","New Mexico, NM"
"Albuquerqe","New Mexico, NM"
"Allgona","Washington, WA"
"Allgona","Iowa, IA"
"Algonkwen","Illinois, IL"
"Algonkwin","Illinois, IL"
"Andarson","South Carolina, SC"
"An Arbor","Michigan, MI"
"Anapolis","Maryland, MD"
"Aniston","Alabama, AL"
"Annoka","Minnesota, MN"
"Anthoy","New Mexico, NM"
"Apach Junction","Arizona, AZ"
"Apache Junktion","Arizona, AZ"
"Apecks","North Carolina, NC"
"Artesea","Mississippi, MS"
"Avrada","Colorado, CO"
"Ashtown","Idaho, ID"
"Athins","Georgia, GA"
"Aburn","Alabama, AL"
"Aubern","Washington, WA"
"Uaburn","Washington, WA"
"Alt","Colorado, CO"
"Uarora","Illinois, IL"
"Austen","Texas, TX"
"Bakersfeild","California, CA"
"Baltimor","Maryland, MD"
"Bandira","Texas, TX"
"Banger","Maine, ME"
"Bardston","Kentucky, KY"
"Weo-craft","Vermont, VT"
"Bakster Springs","Kansas, KS"
"Bayo La Batre","Alabama, AL"
"Bayou La Bater","Alabama, AL"
"Bayuo La Batre","Alabama, AL"
"Boyu La Bater","Alabama, AL"
"Baerdstown","Illinois, IL"
"Baettie","Kansas, KS"
"Beatie","Kansas, KS"
"Beever","Oklahoma, OK"
"Beleevue","Washington, WA"
"Belingham","Washington, WA"
"Belsoni","Mississippi, MS"
"Bemedji","Minnesota, MN"
"Bemidje","Minnesota, MN"
"Bemidjee","Minnesota, MN"
"Berkley","California, CA"
"Berklui","California, CA"
"Berkly","California, CA"
"Berlen","New Hampshire, NH"
"Burlin","New Hampshire, NH"
"Berian Springs","Michigan, MI"
"Brerrian Springs","Michigan, MI"
"Berryvile","Arkansas, AR"
"Berthood","Colorado, CO"
"Burthoud","Colorado, CO"
"Bertrim","Texas, TX"
"Betheny Beach","Delaware, DE"
"Bethleham","Connecticut, CT"
"Bethleham","Pennsylvania, PA"
"Bilcksi","Mississippi, MS"
"Bilocksi","Mississippi, MS"
"Bimghamton","New York, NY"
"Bermingham","Alabama, AL"
"Berminghum","Alabama, AL"
"Birminghum","Alabama, AL"
"Brimingham","Alabama, AL"
"Bisshop","California, CA"
"Bluefeild","West Virginia, WV"
"Bonne","North Carolina, NC"
"Bostun","Massachusetts, MA"
"Bothel","Washington, WA"
"Bolder","Colorado, CO"
"Bozman","Montana, MT"
"Braeux Bridge","Louisiana, LA"
"Brekenridge","Colorado, CO"
"Breverd","North Carolina, NC"
"Brigdeport","Connecticut, CT"
"Bristal","Connecticut, CT"
"Bristel","Connecticut, CT"
"Bristel","Virginia, VA"
"Bristil","Tennessee, TN"
"Brocktun","Massachusetts, MA"
"Brocton","Massachusetts, MA"
"Brokton","Massachusetts, MA"
"Brooklen","New York, NY"
"Brunswik","Missouri, MO"
"Benua","California, CA"
"Beuna","California, CA"
"Bunena","California, CA"
"Buhll","Idaho, ID"
"Bulh","Idaho, ID"
"Bull","Idaho, ID"
"Bute","Montana, MT"
"Butt","Montana, MT"
"Biram Township","New Jersey, NJ"
"Kalabash","North Carolina, NC"
"Callwel","Texas, TX"
"Callwell","Texas, TX"
"Calwel","Texas, TX"
"Campbel","California, CA"
"Cannon","Georgia, GA"
"Carbundale","Colorado, CO"
"Carboro","North Carolina, NC"
"Castro Ville","California, CA"
"Castrovile","California, CA"
"Carker City","Kansas, KS"
"Cederedge","Colorado, CO"
"Centrel City","Colorado, CO"
"Chadborn","North Carolina, NC"
"Champaign -Urbana","Illinois, IL"
"Champaign Urbana","Illinois, IL"
"Champain -Urbana","Illinois, IL"
"Chandlur","Arizona, AZ"
"Charleton","South Carolina, SC"
"Charlote","North Carolina, NC"
"Chatswoorth","California, CA"
"Chatswourth","California, CA"
"Chatanoga","Tennessee, TN"
"Chatanooga","Tennessee, TN"
"Chattanoga","Tennessee, TN"
"Cherryfeild","Maine, ME"
"Chicargo","Illinois, IL"
"Checo","California, CA"
"Cheico","California, CA"
"Cheiko","California, CA"
"Chiko","California, CA"
"Chewla Vista","California, CA"
"Chola Vista","California, CA"
"Churobusco","Indiana, IN"
"Churubesco","Indiana, IN"
"Cinsinati","Ohio, OH"
"Cinsinnati","Ohio, OH"
"Circlevile","Ohio, OH"
"Clerk","South Dakota, SD"
"Clarksvile","Tennessee, TN"
"Clevland","Ohio, OH"
"Clefton","Texas, TX"
"Cliften","Texas, TX"
"Cliftin","Texas, TX"
"Cloves","California, CA"
"Coahcela","California, CA"
"Cochela","California, CA"
"Cochella","California, CA"
"Cocanut","Florida, FL"
"Codee","Wyoming, WY"
"Codi","Wyoming, WY"
"Collinsvile","Illinois, IL"
"Collonial Beach","Virginia, VA"
"Colquit","Georgia, GA"
"Culquitt","Georgia, GA"
"Clumbia","Maryland, MD"
"Colubia","Maryland, MD"
"Calumbus","Indiana, IN"
"Colvile","Washington, WA"
"Comptan","California, CA"
"Compten","California, CA"
"Connway","Arkansas, AR"
"Cooperston","New York, NY"
"Coperstown","New York, NY"
"Corel Springs","Florida, FL"
"Cornning","California, CA"
"Cornning","New York, NY"
"Carona","California, CA"
"Coricana","Texas, TX"
"Corsikana","Texas, TX"
"Cotonwood Heights","Utah, UT"
"Cottonwod Heights","Utah, UT"
"Cozzad","Nebraska, NE"
"Cranferd","New Jersey, NJ"
"Crawferd","Nebraska, NE"
"Creed","Colorado, CO"
"Crested Bute","Colorado, CO"
"Crested Butt","Colorado, CO"
"Crsytal Lake","Illinois, IL"
"Ceuro","Texas, TX"
"Dawlten","Georgia, GA"
"Dawlton","Georgia, GA"
"Dally City","California, CA"
"Danbery","Connecticut, CT"
"Danebrog","Nebraska, NE"
"Dannesborg","Nebraska, NE"
"Danvile","Kentucky, KY"
"Daveis","California, CA"
"Dayvis","California, CA"
"Dawsen","Georgia, GA"
"Dawsin","Georgia, GA"
"Daeton","Ohio, OH"
"Daytown","Ohio, OH"
"Decalb","Illinois, IL"
"Decauter","Alabama, AL"
"Dear Trail","Colorado, CO"
"Daland","Florida, FL"
"Delphis","Ohio, OH"
"Delphus","Ohio, OH"
"Demopalis","Alabama, AL"
"Denvar","Colorado, CO"
"Denvile","New Jersey, NJ"
"Darby","Connecticut, CT"
"Dery","New Hampshire, NH"
"Des Alemands","Louisiana, LA"
"Des Monies","Iowa, IA"
"Detriot","Michigan, MI"
"Dinuuba","California, CA"
"Dogde City","Kansas, KS"
"Doglas","Wyoming, WY"
"Dove Creak","Colorado, CO"
"Draytown","North Dakota, ND"
"Drumrite","Oklahoma, OK"
"Debach","Louisiana, LA"
"Deluth","Minnesota, MN"
"Domas","Arkansas, AR"
"Duncanvile","Texas, TX"
"Dyersvile","Iowa, IA"
"Dyerville","Iowa, IA"
"Aegle Lake","Texas, TX"
"Eeton","Colorado, CO"
"Eu Claire","Michigan, MI"
"Egdewater","Colorado, CO"
"Eil Paso","Texas, TX"
"L'Paso","Texas, TX"
"El Rino","Oklahoma, OK"
"L Rino","Oklahoma, OK"
"Elberten","Georgia, GA"
"Elbertun","Georgia, GA"
"Prua clesk-sla pu","South Carolina, SC"
"Elgen","Texas, TX"
"Adbeiagd loo mo","South Carolina, SC"
"Iatll is drost-bli","South Carolina, SC"
"Elizabetham","Tennessee, TN"
"Ellkhart","Indiana, IN"
"Emetsburg","Iowa, IA"
"Emmitsburg","Iowa, IA"
"Imunclaw","Washington, WA"
"Eerie","Pennsylvania, PA"
"Erei","Pennsylvania, PA"
"Irwin","North Carolina, NC"
"Ufaula","Alabama, AL"
"Ugene","Oregon, OR"
"Eutes","Florida, FL"
"Ustis","Florida, FL"
"Fairfeild","Iowa, IA"
"Fallbroock","California, CA"
"Falon","Nevada, NV"
"Faeteville","Arkansas, AR"
"Faetteville","Arkansas, AR"
"Fayetevile","North Carolina, NC"
"Fayeteville","Arkansas, AR"
"Fayettevile","North Carolina, NC"
"Fayettville","Arkansas, AR"
"Fayetvile","North Carolina, NC"
"Fayetville","Arkansas, AR"
"Fayetville","North Carolina, NC"
"Fernadina Beach","Florida, FL"
"Fernandena Beach","Florida, FL"
"Flagstaf","Arizona, AZ"
"Forestvile","California, CA"
"Forrestville","California, CA"
"Fort Dogde","Iowa, IA"
"Fort Laderdale","Florida, FL"
"Fort Le","New Jersey, NJ"
"Fort Tompson","South Dakota, SD"
"Fort Waine","Indiana, IN"
"Fort Wort","Texas, TX"
"Fortesceu","New Jersey, NJ"
"Fortescu","New Jersey, NJ"
"Gainsvile","Florida, FL"
"Gainsvile","Georgia, GA"
"Galalee","Rhode Island, RI"
"Gallilee","Rhode Island, RI"
"Gallop","New Mexico, NM"
"Galvestin","Texas, TX"
"Garry","Indiana, IN"
"Genao","Nevada, NV"
"Girad","Kansas, KS"
"Glendele","California, CA"
"Glendeve","Montana, MT"
"Glocester","Massachusetts, MA"
"Glochester","Massachusetts, MA"
"Goeleta","California, CA"
"Golleta","California, CA"
"Gonzals","Louisiana, LA"
"Granvile","New York, NY"
"Greley","Colorado, CO"
"Green Forrest","Arkansas, AR"
"Greenvile","Alabama, AL"
"Greenvile","South Carolina, SC"
"Greenwod","South Carolina, SC"
"Grideley","California, CA"
"Grifin","Georgia, GA"
"Griggsvile","Illinois, IL"
"Grinell","Iowa, IA"
"Groten","Connecticut, CT"
"Growton","Connecticut, CT"
"Haisenda Heights","California, CA"
"Hasenda Heights","California, CA"
"Hadly","Massachusetts, MA"
"Hagerton","Maryland, MD"
"Hayns","Alaska, AK"
"Hanies City","Florida, FL"
"Haynes City","Florida, FL"
"Haleyvile","Alabama, AL"
"Hamdin","Connecticut, CT"
"Hamelton","Texas, TX"
"Hamiltown","Texas, TX"
"Hamondsport","New York, NY"
"Hartferd","Connecticut, CT"
"Hartsele","Alabama, AL"
"Hatiesburg","Mississippi, MS"
"Hattesburg","Mississippi, MS"
"Haysvile","Kansas, KS"
"Heracles","California, CA"
"Hercales","California, CA"
"Hershy","Pennsylvania, PA"
"Hurshy","Pennsylvania, PA"
"Hialaeh","Florida, FL"
"Hialeh","Florida, FL"
"Hileah","Florida, FL"
"Holtvile","California, CA"
"Hollyoak","Massachusetts, MA"
"Hollyoke","Massachusetts, MA"
"Holyoak","Massachusetts, MA"
"Hunaker","Virginia, VA"
"Honnolulu","Hawaii, HI"
"Honololu","Hawaii, HI"
"Hot Spring","Arkansas, AR"
"Hoston","Texas, TX"
"Houstin","Texas, TX"
"Huoston","Texas, TX"
"Huston","Texas, TX"
"Heuytown","Alabama, AL"
"Huntingdon Beach","California, CA"
"Huntly","Illinois, IL"
"Huntsvile","Alabama, AL"
"Huntsvile","Texas, TX"
"Llwaco","Washington, WA"
"Indepandence","Missouri, MO"
"Independance","Missouri, MO"
"Indianna","Pennsylvania, PA"
"Indianaopolis","Indiana, IN"
"Inianapolis","Indiana, IN"
"Indeo","California, CA"
"Enola","Oklahoma, OK"
"Inolah","Oklahoma, OK"
"Iselton","California, CA"
"Isletun","California, CA"
"Istelon","California, CA"
"Jakson","Mississippi, MS"
"Jacksonvile","Alabama, AL"
"Jacksonvile","Florida, FL"
"Jersy City","New Jersey, NJ"
"Johnsson City","Tennessee, TN"
"Johnston","Pennsylvania, PA"
"Joeliet","Illinois, IL"
"Jolliet","Illinois, IL"
"Jonesburo","Arkansas, AR"
"Jonesboro","Tennessee, TN"
"Jenau","Alaska, AK"
"Junaeu","Alaska, AK"
"Calamazoo","Michigan, MI"
"Kalispel","Montana, MT"
"Kalisspell","Montana, MT"
"Kanapolis","North Carolina, NC"
"Kanses City","Missouri, MO"
"Caufman","Texas, TX"
"Kufman","Texas, TX"
"Kene","New Hampshire, NH"
"Kaiser","Oregon, OR"
"Kaizer","Oregon, OR"
"Keiser","Oregon, OR"
"Keizar","Oregon, OR"
"Kellso","Washington, WA"
"Keani","Alaska, AK"
"Kenei","Alaska, AK"
"Kinai","Alaska, AK"
"Kenesaw","Georgia, GA"
"Kennisaw","Georgia, GA"
"Keokuck","Iowa, IA"
"Kiokuck","Iowa, IA"
"Kecthikan","Alaska, AK"
"Ketchekan","Alaska, AK"
"Kewane","Illinois, IL"
"Kewanne","Illinois, IL"
"Kirikland","Washington, WA"
"Kircwood","Missouri, MO"
"Kerwin","Kansas, KS"
"Kirwen","Kansas, KS"
"Blyati sla fbeisw fli","Alaska, AK"
"Editwh avison-pluefoo swysk","Alaska, AK"
"Wother naoss strient","Alaska, AK"
"Codiak","Alaska, AK"
"Kodiac","Alaska, AK"
"Cocomo","Indiana, IN"
"Kocomo","Indiana, IN"
"La Crose","Kansas, KS"
"Lafayate","Louisiana, LA"
"Lafayatt","Louisiana, LA"
"Lafayatte","Louisiana, LA"
"Lake Binton","Minnesota, MN"
"Laramy","Wyoming, WY"
"Las Vagas","Nevada, NV"
"Lebanonn","Tennessee, TN"
"Lecompt","Louisiana, LA"
"Leneksa","Kansas, KS"
"Lenor","Tennessee, TN"
"Leeola","South Dakota, SD"
"Loela","South Dakota, SD"
"Leuus","Delaware, DE"
"Lewis","Delaware, DE"
"Lexingtown","Kentucky, KY"
"Lemon","Colorado, CO"
"Linclon","Alabama, AL"
"Linclon","Nebraska, NE"
"Linculn","Alabama, AL"
"Lindin","California, CA"
"Lindborg","Kansas, KS"
"Littel Rock","Arkansas, AR"
"Lokport","New York, NY"
"Lody","California, CA"
"Lowdy","California, CA"
"Lomberd","Illinois, IL"
"Lompac","California, CA"
"Lompack","California, CA"
"Lumpac","California, CA"
"Lumpack","California, CA"
"Long Baech","California, CA"
"Long Beech","California, CA"
"Los Angels","California, CA"
"Los Angleles","California, CA"
"Los Angles","California, CA"
"Louisvile","Kentucky, KY"
"Loop City","Nebraska, NE"
"Lowel","Arkansas, AR"
"Lowel","Massachusetts, MA"
"Lynchberg","Virginia, VA"
"Madisen","Wisconsin, WI"
"Magie Valley","North Carolina, NC"
"Mallvern","Arkansas, AR"
"Machester","New Hampshire, NH"
"Mancester","New Hampshire, NH"
"Manchestar","Connecticut, CT"
"Manhatan","New York, NY"
"Manferd","Oklahoma, OK"
"Manford","Oklahoma, OK"
"Mannferd","Oklahoma, OK"
"Maryon","Indiana, IN"
"Merseiles","Illinois, IL"
"Merseilles","Illinois, IL"
"Merselles","Illinois, IL"
"Marrysvile","California, CA"
"Marrysville","California, CA"
"Marysvile","Kansas, KS"
"McAlen","Texas, TX"
"MCloud","California, CA"
"MacCloud","California, CA"
"McMinvile","Tennessee, TN"
"McMinville","Tennessee, TN"
"Medfeild","Massachusetts, MA"
"Melborn","Florida, FL"
"Melborne","Florida, FL"
"Melburne","Florida, FL"
"Memfis","Tennessee, TN"
"Merked","California, CA"
"Murced","California, CA"
"Meridith","New Hampshire, NH"
"Merriden","Connecticut, CT"
"Meryden","Connecticut, CT"
"Misick","Michigan, MI"
"Metropalis","Illinois, IL"
"Maimi","Florida, FL"
"Miame","Florida, FL"
"Myame","Florida, FL"
"Midletown","Connecticut, CT"
"Midlothien","Texas, TX"
"Mildthoian","Texas, TX"
"Milinocket","Maine, ME"
"Milepeters","California, CA"
"Milepitas","California, CA"
"Milipitas","California, CA"
"Milipiters","California, CA"
"Millipeters","California, CA"
"Milwake","Wisconsin, WI"
"Mineapolis","Minnesota, MN"
"Minnapolis","Minnesota, MN"
"Minneaoplis","Minnesota, MN"
"Misoula","Montana, MT"
"Missola","Montana, MT"
"Missula","Montana, MT"
"Modisto","California, CA"
"Montery","California, CA"
"Mountgomery","Minnesota, MN"
"Monticelo","Minnesota, MN"
"Morten","Illinois, IL"
"Mount Idah","Arkansas, AR"
"Mount Plaesent","Texas, TX"
"Mount Pleasent","Texas, TX"
"Mountain Veiw","Arkansas, AR"
"Muskigon","Michigan, MI"
"Mertle Beach","South Carolina, SC"
"Nashuwa","New Hampshire, NH"
"Nashvile","Arkansas, AR"
"Nashvile","Georgia, GA"
"Nashvile","Tennessee, TN"
"Naguatuck","Connecticut, CT"
"Nagutuck","Connecticut, CT"
"Naugatack","Connecticut, CT"
"Naugatauk","Connecticut, CT"
"Nedarland","Colorado, CO"
"Noesho","Missouri, MO"
"Brenswick","New Jersey, NJ"
"New Castel","Pennsylvania, PA"
"New Havan","Connecticut, CT"
"New Orlaens","Louisiana, LA"
"New Rochele","New York, NY"
"New Roshele","New York, NY"
"New Roshelle","New York, NY"
"New Yurk City","New York, NY"
"nyc","New York, NY"
"Neuark","New Jersey, NJ"
"Newbury","Michigan, MI"
"Newman","Georgia, GA"
"Nuuman","Georgia, GA"
"Nuuport","Rhode Island, RI"
"Niagra Falls","New York, NY"
"Norko","California, CA"
"Normann","Oklahoma, OK"
"North Adums","Massachusetts, MA"
"North Loop","Nebraska, NE"
"North Tonwanda","New York, NY"
"Northhampton","Massachusetts, MA"
"Northfeild","Minnesota, MN"
"Norwhich","Connecticut, CT"
"Norwitch","Connecticut, CT"
"O'Fallen","Missouri, MO"
"Ofallen","Missouri, MO"
"Oneil","Nebraska, NE"
"Oak Rigde","Tennessee, TN"
"Okeland","Nebraska, NE"
"Ocaen City","New Jersey, NJ"
"Ocoei","Florida, FL"
"Ocooe","Florida, FL"
"Okooe","Florida, FL"
"Odgensburg","New York, NY"
"Ogdensberg","New York, NY"
"Oceechobe","Florida, FL"
"Oceechobee","Florida, FL"
"Okechobee","Florida, FL"
"Oaklohoma City","Oklahoma, OK"
"Oklaoma City","Oklahoma, OK"
"Olath","Kansas, KS"
"Alnee","Illinois, IL"
"Onrway","Michigan, MI"
"Orim","Utah, UT"
"Urem","Utah, UT"
"Ormend Beach","Florida, FL"
"Orovile","California, CA"
"Owray","Colorado, CO"
"Uray","Colorado, CO"
"Owensborough","Kentucky, KY"
"Oxnerd","California, CA"
"Pacifika","California, CA"
"Paecifica","California, CA"
"Padukah","Kentucky, KY"
"Plam Springs","California, CA"
"Pananma Beach","Florida, FL"
"Parsins","Kansas, KS"
"Patarson","New Jersey, NJ"
"Pautucket","Rhode Island, RI"
"Peebody","Massachusetts, MA"
"Pearsonvile","California, CA"
"Personville","California, CA"
"Pensecola","Florida, FL"
"Pensicola","Florida, FL"
"Peeoria","Illinois, IL"
"Peorhia","Illinois, IL"
"Pert Amboy","New Jersey, NJ"
"Peruu","Indiana, IN"
"Petersberg","West Virginia, WV"
"Felps","New York, NY"
"Philedelphia","Pennsylvania, PA"
"Philidelphia","Pennsylvania, PA"
"Piladelphia","Pennsylvania, PA"
"Fenix","Arizona, AZ"
"Phenix","Arizona, AZ"
"Pheonix","Arizona, AZ"
"Pikevile","Kentucky, KY"
"Pinhurt","North Carolina, NC"
"Pittburg","Kansas, KS"
"Pittsburgh","Kansas, KS"
"Pitsburg","Pennsylvania, PA"
"Pitsburgh","Pennsylvania, PA"
"Pittsberg","Pennsylvania, PA"
"Pittsburg","Pennsylvania, PA"
"Placervile","California, CA"
"Plaserville","California, CA"
"Planfeild","New Jersey, NJ"
"Planno","Texas, TX"
"Plymoth","Massachusetts, MA"
"Plymuth","Massachusetts, MA"
"Pocatelo","Idaho, ID"
"Ponchatula","Louisiana, LA"
"Port Land","Oregon, OR"
"Pratville","Alabama, AL"
"Prescot","Arizona, AZ"
"Prestin","Minnesota, MN"
"Provinceton","Massachusetts, MA"
"Provvo","Utah, UT"
"Peublo","Colorado, CO"
"Punsutawney","Pennsylvania, PA"
"Punsutawny","Pennsylvania, PA"
"Punxutawney","Pennsylvania, PA"
"Percel","Oklahoma, OK"
"Percell","Oklahoma, OK"
"Persel","Oklahoma, OK"
"Persell","Oklahoma, OK"
"Purcel","Oklahoma, OK"
"Pursel","Oklahoma, OK"
"Kwincy","Illinois, IL"
"Kwinter","Kansas, KS"
"Quietman","Texas, TX"
"Quiteman","Texas, TX"
"Radferd","Virginia, VA"
"Raliegh","North Carolina, NC"
"Randolf","Nebraska, NE"
"Rae","North Dakota, ND"
"Raine","Louisiana, LA"
"Rayn","Louisiana, LA"
"Redmund","Washington, WA"
"Redwould","California, CA"
"Readley","California, CA"
"Reedly","California, CA"
"Reehoboth Beach","Delaware, DE"
"Rihoboth Beach","Delaware, DE"
"Rinfro","Kentucky, KY"
"Rino","Nevada, NV"
"Rhineback","New York, NY"
"Rineback","New York, NY"
"Richmend","Virginia, VA"
"Roanoak","Virginia, VA"
"Ronoke","Virginia, VA"
"Rocester","New York, NY"
"Rochesster","New Hampshire, NH"
"Rokland","Maine, ME"
"Rosco","New York, NY"
"Rossco","New York, NY"
"Rumknee","New Hampshire, NH"
"Russel Springs","Kansas, KS"
"Sackramento","California, CA"
"Sackremento","California, CA"
"Sacremento","California, CA"
"Siant Paul","Minnesota, MN"
"Salam","Missouri, MO"
"Salam","New Hampshire, NH"
"Salam","Oregon, OR"
"Selem","Massachusetts, MA"
"Salena","Kansas, KS"
"San Angilo","Texas, TX"
"San Francesco","California, CA"
"San Hose","California, CA"
"San Hosey","California, CA"
"San Josay","California, CA"
"Sandersvile","Georgia, GA"
"Sangar","California, CA"
"Sansem Park","Texas, TX"
"Sansum Park","Texas, TX"
"Santa Cruise","California, CA"
"Santa Fae","New Mexico, NM"
"Santa Fay","New Mexico, NM"
"Santa Monika","California, CA"
"Santa Rosea","New Mexico, NM"
"Saraota","Florida, FL"
"Sarastoa","Florida, FL"
"Saratuga","Wyoming, WY"
"Sarahtoga Springs","New York, NY"
"Savanah","Georgia, GA"
"Schenactdy","New York, NY"
"Schnectady","New York, NY"
"Scotdale","Arizona, AZ"
"Scotsdale","Arizona, AZ"
"Scrannton","Pennsylvania, PA"
"Seeford","Delaware, DE"
"Seaside Hieghts","New Jersey, NJ"
"Sadalia","Missouri, MO"
"Cedona","Arizona, AZ"
"Sedonna","Arizona, AZ"
"Sentobia","Mississippi, MS"
"Saverance","Colorado, CO"
"Sevarance","Colorado, CO"
"Shelbyvile","Tennessee, TN"
"Shellbyvile","Tennessee, TN"
"Shellbyville","Tennessee, TN"
"Siera Vista","Arizona, AZ"
"Silaom Springs","Arkansas, AR"
"Siou City","Iowa, IA"
"Sious City","Iowa, IA"
"Soux City","Iowa, IA"
"Soux Falls","South Dakota, SD"
"Sitca","Alaska, AK"
"Slokomb","Alabama, AL"
"Slowcomb","Alabama, AL"
"Soildiers Grove","Wisconsin, WI"
"Sulvang","California, CA"
"Somervile","Massachusetts, MA"
"South Heven","Michigan, MI"
"Spenser","Idaho, ID"
"Springfeild","Illinois, IL"
"Springfeild","Massachusetts, MA"
"Springfeild","Missouri, MO"
"Wisla trse seduirm-gui","Vermont, VT"
"St. Cluod","Minnesota, MN"
"St. Martinvile","Louisiana, LA"
"St Petersburg","Florida, FL"
"St. Petersberg","Florida, FL"
"Stamferd","Connecticut, CT"
"Statan Island","New York, NY"
"Statin Island","New York, NY"
"Stillwell","Oklahoma, OK"
"Stilwel","Oklahoma, OK"
"Stocton","California, CA"
"Stokton","California, CA"
"Strongsvile","Ohio, OH"
"Stutgart","Arkansas, AR"
"Seger Land","Texas, TX"
"Shuger Land","Texas, TX"
"Suger Land","Texas, TX"
"Sumer","Missouri, MO"
"Summer","Missouri, MO"
"Sun Prarie","Wisconsin, WI"
"Sunyvale","California, CA"
"Sylacaga","Alabama, AL"
"Sylacuga","Alabama, AL"
"Takoma","Washington, WA"
"Telant","Oregon, OR"
"Talahase","Florida, FL"
"Talahasse","Florida, FL"
"Talahassee","Florida, FL"
"Tallahasee","Florida, FL"
"Tallahasse","Florida, FL"
"Toas","New Mexico, NM"
"Tarpun Springs","Florida, FL"
"Terpon Springs","Florida, FL"
"Terpun Springs","Florida, FL"
"Taryall","Colorado, CO"
"Taton","Massachusetts, MA"
"Toelleride","Colorado, CO"
"Teringau","Texas, TX"
"Teringua","Texas, TX"
"Tiringua","Texas, TX"
"Tere Haute","Indiana, IN"
"Terre Hate","Indiana, IN"
"Texakana","Arkansas, AR"
"Texaz City","Texas, TX"
"Texsas City","Texas, TX"
"The Colonny","Texas, TX"
"Thomasvile","North Carolina, NC"
"Tolado","Ohio, OH"
"Tolido","Ohio, OH"
"Toambstone","Arizona, AZ"
"Toamstone","Arizona, AZ"
"Toner","North Dakota, ND"
"Taverse City","Michigan, MI"
"Tuscon","Arizona, AZ"
"Toolsah","Oklahoma, OK"
"Tuscalosa","Alabama, AL"
"Tucksegee","Alabama, AL"
"Tieler","Texas, TX"
"Unadila","Nebraska, NE"
"Faldosta","Georgia, GA"
"Valdusta","Georgia, GA"
"Valapariso","Indiana, IN"
"Vicoria","Texas, TX"
"Victorhia","Texas, TX"
"Vidallia","Georgia, GA"
"Wacco","Texas, TX"
"Wako","Texas, TX"
"Wala Wala","Washington, WA"
"Walawala","Washington, WA"
"Walla","Washington, WA"
"Wallawalla","Washington, WA"
"Walace","Idaho, ID"
"Wallis","Idaho, ID"
"Walthum","Massachusetts, MA"
"Warensberg","Missouri, MO"
"Warensburg","Missouri, MO"
"Warrensberg","Missouri, MO"
"War Trace","Tennessee, TN"
"Wartrase","Tennessee, TN"
"Warwik","Georgia, GA"
"Warwik","Rhode Island, RI"
"Wasko","California, CA"
"Wosco","California, CA"
"Wosko","California, CA"
"Washingtown","Missouri, MO"
"Waterbery","Connecticut, CT"
"Wainesboro","Georgia, GA"
"Wayneboro","Georgia, GA"
"Waynesborough","Georgia, GA"
"Waynesboru","Georgia, GA"
"Waynesvile","Ohio, OH"
"Wayneville","Ohio, OH"
"Weatherferd","Texas, TX"
"Werton","West Virginia, WV"
"West Havan","Connecticut, CT"
"Westfeild","New York, NY"
"Wetempka","Alabama, AL"
"Wichta","Kansas, KS"
"Wilard","Ohio, OH"
"Williamsberg","Virginia, VA"
"Wilimantic","Connecticut, CT"
"Willamantic","Connecticut, CT"
"Wilits","California, CA"
"Willets","California, CA"
"Wils Point","Texas, TX"
"Willmingten","Delaware, DE"
"Willmington","Delaware, DE"
"Wali jy","Illinois, IL"
"Idsp succre smui","Illinois, IL"
"Wilmingten","Delaware, DE"
"Wilmingtown","North Carolina, NC"
"Wilmingtown","Ohio, OH"
"Any puo","Illinois, IL"
"Winfeild","Alabama, AL"
"Winemuca","Nevada, NV"
"Winemucca","Nevada, NV"
"Winnemuca","Nevada, NV"
"Winokski","Vermont, VT"
"Winston Salam","North Carolina, NC"
"Winstconstin Dells","Wisconsin, WI"
"Wochester","Massachusetts, MA"
"Worchester","Massachusetts, MA"
"Worthingtown","Minnesota, MN"
"Senia","Ohio, OH"
"Xenea","Ohio, OH"
"Yackima","Washington, WA"
"Yonkars","New York, NY"
"Yunkers","New York, NY"
"Yurba Linda","California, CA"
"Uba City","California, CA"
"Zanesvile","Ohio, OH"
"Adamsville","Tennessee, TN"
"Akron","Ohio, OH"
"Algonquin","Illinois, IL"
"Allentown","Pennsylvania, PA"
"Alma","Arkansas, AR"
"Apex","North Carolina, NC"
"Arvada","Colorado, CO"
"Aspen","Colorado, CO"
"Athol","Massachusetts, MA"
"Atlanta","Georgia, GA"
"Ault","Colorado, CO"
"Aurora","Colorado, CO"
"Bandera","Texas, TX"
"Batavia","Illinois, IL"
"Bayou La Batre","Alabama, AL"
"Beaver","Oklahoma, OK"
"Bellevue","Washington, WA"
"Bellingham","Washington, WA"
"Berea","Kentucky, KY"
"Bessemer","Alabama, AL"
"Bloomington","Illinois, IL"
"Brinkley","Arkansas, AR"
"Bristol","Tennessee, TN"
"Burlington","Vermont, VT"
"Campbell","California, CA"
"Carrboro","North Carolina, NC"
"Champaign-Urbana","Illinois, IL"
"Cheshire","Connecticut, CT"
"Cheyenne","Wyoming, WY"
"Chico","California, CA"
"Chula Vista","California, CA"
"Cincinnati","Ohio, OH"
"Claxton","Georgia, GA"
"Clovis","California, CA"
"Coachella","California, CA"
"Columbia","South Carolina, SC"
"Columbus","Ohio, OH"
"Columbus","Indiana, IN"
"Concord","New Hampshire, NH"
"Conway","Arkansas, AR"
"Cordele","Georgia, GA"
"Cozad","Nebraska, NE"
"Creede","Colorado, CO"
"Crested Butte","Colorado, CO"
"Crisfield","Maryland, MD"
"Cuero","Texas, TX"
"Davison","Michigan, MI"
"DeKalb","Illinois, IL"
"Decatur","Alabama, AL"
"Dickinson","North Dakota, ND"
"Douglas","Alabama, AL"
"Dover","Delaware, DE"
"Dumas","Arkansas, AR"
"Durango","Colorado, CO"
"El Paso","Texas, TX"
"Elizabethton","Tennessee, TN"
"Elkhart","Indiana, IN"
"Emerson","Arkansas, AR"
"Eugene","Oregon, OR"
"Farmington","Maine, ME"
"Fayetteville","North Carolina, NC"
"Fort Collins","Colorado, CO"
"Fort Myers","Florida, FL"
"Fort Payne","Alabama, AL"
"Fort Wayne","Indiana, IN"
"Fruita","Colorado, CO"
"Uldtentha zer founk","New York, NY"
"Galveston","Texas, TX"
"Gaylord","Michigan, MI"
"Gilroy","California, CA"
"Greeley","Colorado, CO"
"Greenfield","California, CA"
"Griggsville","Illinois, IL"
"Grinnell","Iowa, IA"
"Gueydan","Louisiana, LA"
"Gulfport","Mississippi, MS"
"Hacienda Heights","California, CA"
"Hagerstown","Maryland, MD"
"Haines","Alaska, AK"
"Hannibal","Missouri, MO"
"Hastings","Nebraska, NE"
"Haverstraw","New York, NY"
"Honaker","Virginia, VA"
"Honolulu","Hawaii, HI"
"Jackson","Michigan, MI"
"Jamestown","North Dakota, ND"
"Jasper","Arkansas, AR"
"Jennings","Kansas, KS"
"Jennings","Louisiana, LA"
"Jerome","Arizona, AZ"
"Jonesboro","Arkansas, AR"
"Juneau","Alaska, AK"
"Kalamazoo","Michigan, MI"
"Kansas City","Kansas, KS"
"Kaufman","Texas, TX"
"Keansburg","New Jersey, NJ"
"Keene","New Hampshire, NH"
"Kenai","Alaska, AK"
"Kenton","Tennessee, TN"
"Keokuk","Iowa, IA"
"Ketchikan","Alaska, AK"
"Kingsville","Texas, TX"
"Knoxville","Tennessee, TN"
"Lake Benton","Minnesota, MN"
"Lake Oswego","Oregon, OR"
"Lathrop","Missouri, MO"
"Lebanon","Tennessee, TN"
"Leoti","Kansas, KS"
"Lexington","Massachusetts, MA"
"Lithonia","Georgia, GA"
"Lodi","California, CA"
"Lynchburg","Virginia, VA"
"Malvern","Arkansas, AR"
"Manhattan","Kansas, KS"
"Marionville","Missouri, MO"
"Marseilles","Illinois, IL"
"Marysville","California, CA"
"Mattoon","Illinois, IL"
"McAllen","Texas, TX"
"McMinnville","Tennessee, TN"
"Meriden","Connecticut, CT"
"Miami","Florida, FL"
"Millinocket","Maine, ME"
"Milpitas","California, CA"
"Milwaukee","Wisconsin, WI"
"Mishawaka","Indiana, IN"
"Montgomery","Alabama, AL"
"Montgomery","Minnesota, MN"
"Mount Pleasant","Texas, TX"
"Naperville","Illinois, IL"
"Naugatuck","Connecticut, CT"
"New Britain","Connecticut, CT"
"New Brunswick","New Jersey, NJ"
"New Haven","Connecticut, CT"
"New Ulm","Minnesota, MN"
"New York","New York, NY"
"Newberry","Michigan, MI"
"Newburyport","Massachusetts, MA"
"North Platte","Nebraska, NE"
"Northampton","Massachusetts, MA"
"O'Neill","Nebraska, NE"
"Olney","Illinois, IL"
"Omaha","Nebraska, NE"
"Onaway","Michigan, MI"
"Ozark","Alabama, AL"
"Palisade","Colorado, CO"
"Panama City Beach","Florida, FL"
"Pasadena","California, CA"
"Perth Amboy","New Jersey, NJ"
"Pittsburg","Kansas, KS"
"Pittsburgh","Pennsylvania, PA"
"Plymouth","Massachusetts, MA"
"Ponchatoula","Louisiana, LA"
"Prattville","Alabama, AL"
"Presque Isle","Maine, ME"
"Punxsutawney","Pennsylvania, PA"
"Radford","Virginia, VA"
"Raleigh","North Carolina, NC"
"Rayne","Louisiana, LA"
"Reading","Pennsylvania, PA"
"Redwood City","California, CA"
"Rehoboth Beach","Delaware, DE"
"Rio Rancho","New Mexico, NM"
"Roswell","New Mexico, NM"
"Rumney","New Hampshire, NH"
"Tspsib-plo","Vermont, VT"
"Salem","Massachusetts, MA"
"San Angelo","Texas, TX"
"San Diego","California, CA"
"San Francisco","California, CA"
"Schenectady","New York, NY"
"Selma","California, CA"
"Senatobia","Mississippi, MS"
"Sierra Vista","Arizona, AZ"
"Siloam Springs","Arkansas, AR"
"Soldiers Grove","Wisconsin, WI"
"Spartanburg","South Carolina, SC"
"Spokane","Washington, WA"
"Springville","Utah, UT"
"Wu zo spao","Vermont, VT"
"St. Louis","Missouri, MO"
"Stuttgart","Arkansas, AR"
"Sugarcreek","Ohio, OH"
"Sumner","Washington, WA"
"Tacoma","Washington, WA"
"Takoma Park","Maryland, MD"
"Talent","Oregon, OR"
"Taunton","Massachusetts, MA"
"Telluride","Colorado, CO"
"Terlingua","Texas, TX"
"Texarkana","Arkansas, AR"
"Traverse City","Michigan, MI"
"Troy","New York, NY"
"Tulelake","California, CA"
"Tulsa","Oklahoma, OK"
"Tuscaloosa","Alabama, AL"
"Tuskegee","Alabama, AL"
"Tyler","Texas, TX"
"Valley City","Ohio, OH"
"Valparaiso","Indiana, IN"
"Vicksburg","Mississippi, MS"
"Warroad","Minnesota, MN"
"Warwick","Georgia, GA"
"Waterville","Maine, ME"
"Watsonville","California, CA"
"Weatherford","Texas, TX"
"Weirton","West Virginia, WV"
"Westfield","Massachusetts, MA"
"Wickenburg","Arizona, AZ"
"Winooski","Vermont, VT"
"Yuma","Arizona, AZ"
