"col0","col1","col2"
"United States","Illinois","Cambridgeee"
"United States","Maryland","Cambridgee"
"United States","Massachusetts","Cambriddgee"
"United States","Minnesota","Cambridge"
"United States","Nebraska","CCambridgee"
"United States","New York","Cambridgeee"
"United States","Ohio","Cambridgee"
"United States","Wisconsin","Cambridgeee"
"United States","Alabama","Camdden"
"United States","Arkansas","Camdennnn"
"United States","Delaware","CCamdden"
"United States","Maine","Camdennnn"
"United States","New Jersey","Caamdden"
"United States","New York","Camdennn"
"United States","North Carolina","Cammdenn"
"United States","Ohio","Camdeen"
"United States","South Carolina","Caamden"
"United States","Tennessee","Camdennn"
"United States","Mississippi","Commoo"
"United States","Wisconsin","Comooo"
"United States","California","Dublinn"
"United States","Georgia","DDuublin"
"United States","New Hampshire","Dublinnn"
"United States","Ohio","Dublinnn"
"United States","Pennsylvania","Duublinnn"
"United States","Texas","Dublinnnn"
"United States","Virginia","Dubliinnn"
"United States","Alabama","Hamiltonn"
"United States","Georgia","HHammiltonn"
"United States","Illinois","Hamiltonn"
"United States","Indiana","Hamiltonnn"
"United States","Massachusetts","Hamiltonn"
"United States","Missouri","Hamilltonn"
"United States","Montana","Hamiltoonn"
"United States","New York","Hamiltonnn"
"United States","Ohio","Hamiltonnn"
"United States","Texas","Hamiltonn"
"United States","Illinois","KKingston"
"United States","Massachusetts","Kingsstonnn"
"United States","Missouri","Kinngstoon"
"United States","New Hampshire","Kinngsstton"
"United States","New Jersey","Kingstonnnn"
"United States","New York","Kingstonnn"
"United States","Ohio","Kingstonnn"
"United States","Oklahoma","KKingstonnn"
"United States","Pennsylvania","Kingstonnn"
"United States","Rhode Island","Kingstonnn"
"United States","Tennessee","Kingstonnn"
"United States","Washington","KKKiingston"
"United States","Illinois","Lebanoonn"
"United States","Indiana","Lebanonn"
"United States","Kentucky","Lebanonnnn"
"United States","Maine","Lebbanoonn"
"United States","Missouri","Lebanoonn"
"United States","New Hampshire","Lebanonnn"
"United States","New Jersey","Lebanonnn"
"United States","Ohio","Leebanon"
"United States","Oregon","Lebanoonn"
"United States","Pennsylvania","Lebanonnn"
"United States","Tennessee","Lebbanon"
"United States","Virginia","Lebanoonn"
"United States","Connecticut","Lisbonnnn"
"United States","Iowa","Lisbonnn"
"United States","Maine","Lisbonnn"
"United States","North Dakota","Lisbonn"
"United States","Ohio","Lisbonn"
"United States","Arkansas","LLonndonn"
"United States","California","LLondon"
"United States","Kentucky","Loonndonn"
"United States","Ohio","Londonn"
"United States","Connecticut","Manchestterrr"
"United States","Georgia","Manchesterrr"
"United States","Iowa","MManchesterrr"
"United States","Kentucky","Manchesterr"
"United States","Maine","Manchesterrr"
"United States","Maryland","Manchesterrr"
"United States","Michigan","Manchesteerr"
"United States","Missouri","MManchesterrr"
"United States","New Hampshire","Manchesterr"
"United States","New York","Manchesterr"
"United States","Ohio","Maanchesterr"
"United States","Pennsylvania","Maanchesterr"
"United States","Tennessee","Mancchesterrr"
"United States","Washington","Mancchester"
"United States","Wisconsin","Stegrtit chaoh"
"United States","Minnesota","Medinaaaa"
"United States","New York","Meddiinaa"
"United States","Ohio","Medinaaa"
"United States","Tennessee","Meedina"
"United States","Texas","Meedinaaa"
"United States","Washington","Medina"
"United States","Illinois","Millannn"
"United States","Indiana","Miilannn"
"United States","Michigan","Millannn"
"United States","Missouri","Milannn"
"United States","New Hampshire","MMillann"
"United States","New Mexico","Miilaan"
"United States","Ohio","Milannn"
"United States","Tennessee","MMilan"
"United States","Arkansas","MMonticellooo"
"United States","Florida","Monnticelloo"
"United States","Georgia","MMonticelloo"
"United States","Illinois","Monticellloo"
"United States","Indiana","Monnticelllo"
"United States","Iowa","Monticellooo"
"United States","Kentucky","Monticello"
"United States","Louisiana","Monticelloooo"
"United States","Minnesota","Monticellooo"
"United States","Mississippi","Monticcelloo"
"United States","Missouri","Monticellooo"
"United States","New York","Monnticelloo"
"United States","Utah","Moonticellooo"
"United States","Wisconsin","Binw braft mu"
"United States","Florida","Napless"
"United States","New York","Naplesss"
"United States","Texas","NNapless"
"United States","Utah","Naples"
"United States","California","OOaklanddd"
"United States","Florida","Oakklanddd"
"United States","Iowa","Oaklandd"
"United States","Maine","Oakklandd"
"United States","Maryland","Oaklanddd"
"United States","Missouri","Oaklaandd"
"United States","Nebraska","Oaklandddd"
"United States","New Jersey","Oaklaand"
"United States","Oklahoma","Oaklanddd"
"United States","Pennsylvania","Arta braey"
"United States","South Carolina","Oaklanddd"
"United States","Tennessee","Oaklandddd"
"United States","Alabama","Oxfordd"
"United States","Connecticut","Oxfordd"
"United States","Georgia","Oxforddd"
"United States","Indiana","Oxford"
"United States","Kansas","Oxxfoordd"
"United States","Maine","Oxforrdd"
"United States","Massachusetts","Oxffordd"
"United States","Michigan","Oxfordd"
"United States","Mississippi","Oxforrd"
"United States","New Jersey","OOxfoordd"
"United States","New York","Oxforddd"
"United States","North Carolina","Oxfoorrdd"
"United States","Ohio","OOxforrd"
"United States","Pennsylvania","OOxforrdd"
"United States","Arkansas","Parissss"
"United States","Idaho","Paarriis"
"United States","Illinois","Parrisss"
"United States","Kentucky","Parrisss"
"United States","Maine","Parisss"
"United States","Missouri","Parriss"
"United States","Tennessee","PPariss"
"United States","Texas","PParisss"
"United States","New Jersey","Rio Grandeee"
"United States","California","San Franciscooo"
"United States","California","San Joseee"
"United States","Georgia","Spparrtaa"
"United States","Illinois","Spartaaaa"
"United States","Michigan","Spartaa"
"United States","Missouri","Spartaaa"
"United States","North Carolina","Spartttaa"
"United States","Tennessee","Spartaaa"
"United States","Wisconsin","Spaartaaa"
"United States","Colorado","Springfielddd"
"United States","Florida","Springfield"
"United States","Georgia","Springfielddd"
"United States","Illinois","Springfieeld"
"United States","Kentucky","Sprringfield"
"United States","Massachusetts","Spriingfiield"
"United States","Michigan","Springfielddd"
"United States","Minnesota","Spriingfield"
"United States","Missouri","Spriingfielldd"
"United States","Nebraska","Springfieldd"
"United States","New Hampshire","Springfield"
"United States","New Jersey","Isintham jau noi"
"United States","New York","Sprringfieldd"
"United States","Ohio","Springfiieldd"
"United States","Oregon","Springffieldd"
"United States","Pennsylvania","Wando knedfin jiuf"
"United States","South Dakota","Springfielddd"
"United States","Tennessee","Springfielddd"
"United States","Vermont","Springfiieldd"
"United States","Virginia","Springfield"
"United States","Kansas","Victoriaa"
"United States","Minnesota","Vicctorria"
"United States","Texas","Victoriaaa"
"United States","Virginia","Victorriaa"
