"col0","col1","col2","col3","col4","col5","col6"
"1","Walmart","Retaill","$514,405","$6,670","2,200,000","United Statess"
"2","Sinopec","OOil and ggas","$414,649","$5,845","619,151","Chinaa"
"3","Royal Dutch Shell","Oil and gass","$396,556","$23,352","81,000","Netherlands"
"3","Royal Dutch Shell","Oil and gass","$396,556","$23,352","81,000","United Kingdomm"
"4","China National Petroleum","Oill and gas","$392,976","$2,270","1,382,401","China"
"5","State Grid","Electriccityy","$387,056","$8,174","917,717","Chinna"
"6","Saudi Aramco","Oil and gass","$355,905","$110,974","76,418","Saudi Arabia"
"7","BP","Oil and gasss","$303,738","$9,383","73,000","United Kingdom"
"8","ExxonMobil","Oil and gass","$290,212","$20,840","71,000","United States"
"9","Volkswagen","Automotivee","$278,341","$14,332","664,496","Germanyy"
"10","Toyota","Automotivvee","$272,612","$16,982","370,870","Japan"
"11","Apple","Electronicss","$265,595","$59,531","132,000","United States"
"12","Berkshire Hathaway","Conglomeratee","$247,837","$4,021","389,000","United States"
"13","Amazon","RRetail","$232,887","$10,073","647,000","United Statess"
"14","UnitedHealth","Healthcaree","$226,247","$11,986","300,000","United States"
"15","Samsung Electronics","Electronicsss","$221,579","$39,895","221,579","South  Korea"
"16","Glencore","Commodities","$219,754","$3,408","85,504","Switzerland"
"17","McKesson","Healthcaree","$214,319","$34","70,000","United States"
"18","Daimler","Automotive","$197,515","$8,555","298,683","Germanyy"
"19","CVS Health","Healthcareee","$194,579","-$594","295,000","United States"
"20","Total","Oil and ggass","$184,106","$11,446","104,460","France"
"21","China State Construction","Consttruction","$181,524","$3,159","302,827","Chinna"
"22","Trafigura","Coommmodities","$180,744","$849","4,316","Singapore"
"23","Foxconn","Ellectronicss","$175,617","$4,281","667,680","Taiwann"
"24","Exor","Financialss","$175,009","$1,589","314,790","Netherlandss"
"25","AT&T","Telecommunicationsss","$170,756","$19,370","254,000","United States"
"26","ICBC","Financialls","$168,979","$45,002","449,296","Chinaa"
"27","AmerisourceBergen","Pharmaceuticalss","$167,939","$1,658","20,500","United States"
"28","Chevron","Oil  and gas","$166,339","$14,824","48,600","United Statess"
"29","Ping An Insurance","Financialsss","$163,597","$16,237","342,550","CChina"
"30","Ford","Automotivee","$160,338","$3,677","199,000","United Statess"
"31","China Construction Bank","Financialss","$151,110","$38,498","366,996","CChina"
"32","General Motors","Automotiveee","$147,049","$8,014","173,000","United States"
"33","Mitsubishi","Conglomeratee","$145,243","$5,328","79,994","Japann"
"34","Honda","Automotive","$143,302","$5,504","219,772","JJapan"
"35","Costco","Retail","$141,576","$3,134","194,000","United States"
"36","Agricultural Bank of China","Finanncialss","$139,523","$30,656","477,526","China"
"37","Alphabet","Internet","$136,819","$30,736","98,771","United Statess"
"38","Cardinal Health","Pharmaceuticals","$136,809","$256","50,200","United Statess"
"39","SAIC Motor","Automotivee","$136,392","$5,443","147,738","China"
"40","Walgreens Boots Alliance","Retaill","$131,537","$5,024","299,000","United States"
"41","JPMorgan Chase","Financialsss","$131,412","$32,474","256,105","United SStates"
"42","Gazprom","Oiil and ggas","$131,302","$23,199","466,100","Russiia"
"43","Verizon","Telecommunicationss","$130,863","$15,528","144,500","United States"
"44","Bank of China","Financialss","$127,714","$27,255","310,119","Chinaa"
"45","Allianz","Financialsss","$126,779","$8,806","142,460","Germanyy"
"46","AXA","Financialss","$125,578","$2,525","104,065","France"
"47","Kroger","Retaill","$121,162","$3,110","453,000","United States"
"48","General Electric","Conglommeratee","$120,268","-$22,355","283,000","United Statess"
"49","Fannie Mae","Financialls","$120,101","$15,959","7,400","United States"
"50","Lukoil","Oil and gass","$119,145","$9,863","102,500","Russiaa"
