"col0","col1","col2"
"Nigeria","Oyo","Bara"
"Sweden","Skane","Bara"
"Sweden","Soedermanland","Groi-mou"
"Romania","Timis","Bara"
"Nigeria","Yobe","Tgatrtei-fte to"
"Romania","Neamt","Bâra"
"Venezuela","Anzoategui","Barcelona"
"Philippines","Bicol","Barcelona"
"Philippines","Caraga","Fess seckesnc dyh veu"
"Spain","Catalonia","Barcelona"
"Philippines","Zamboanga Peninsula","Po tthitoff smak"
"United Kingdom","England","Cambridge"
"United States","Illinois","Cambridge"
"United States","Maryland","Cambridge"
"United States","Massachusetts","Cambridge"
"United States","Minnesota","Cambridge"
"United States","Nebraska","Cambridge"
"United States","New York","Cambridge"
"United States","Ohio","Cambridge"
"Canada","Ontario","Cambridge"
"Jamaica","St James","Cambridge"
"Australia","Tasmania","Cambridge"
"New Zealand","Waikato","Cambridge"
"United States","Wisconsin","Cambridge"
"United States","Alabama","Camden"
"United States","Arkansas","Camden"
"United States","Delaware","Camden"
"United States","Maine","Camden"
"United States","New Jersey","Camden"
"United States","New York","Camden"
"United States","North Carolina","Camden"
"United States","Ohio","Camden"
"United States","South Carolina","Camden"
"United States","Tennessee","Camden"
"Italy","Lombardy","Como"
"United States","Mississippi","Como"
"Australia","New South Wales","Como"
"Australia","Western Australia","Como"
"United States","Wisconsin","Como"
"United States","California","Dublin"
"United States","Georgia","Dublin"
"Ireland","Leinster","Dublin"
"United States","New Hampshire","Dublin"
"United States","Ohio","Dublin"
"United States","Pennsylvania","Dublin"
"United States","Texas","Dublin"
"United States","Virginia","Dublin"
"United States","Alabama","Hamilton"
"United States","Georgia","Hamilton"
"United States","Illinois","Hamilton"
"United States","Indiana","Hamilton"
"United States","Massachusetts","Hamilton"
"United States","Missouri","Hamilton"
"United States","Montana","Hamilton"
"Australia","New South Wales","Hamilton"
"United States","New York","Hamilton"
"United States","Ohio","Hamilton"
"Canada","Ontario","Hamilton"
"United Kingdom","Scotland","Hamilton"
"United States","Texas","Hamilton"
"Australia","Victoria","Hamilton"
"New Zealand","Waikato","Hamilton"
"United States","Illinois","Kingston"
"United States","Massachusetts","Kingston"
"United States","Missouri","Kingston"
"United States","New Hampshire","Kingston"
"United States","New Jersey","Kingston"
"United States","New York","Kingston"
"United States","Ohio","Kingston"
"United States","Oklahoma","Kingston"
"Canada","Ontario","Kingston"
"New Zealand","Otago","Kingston"
"United States","Pennsylvania","Kingston"
"United States","Rhode Island","Kingston"
"Australia","South Australia","Kingston"
"Australia","Tasmania","Kingston"
"United States","Tennessee","Kingston"
"United States","Washington","Kingston"
"United States","Illinois","Lebanon"
"United States","Indiana","Lebanon"
"United States","Kentucky","Lebanon"
"United States","Maine","Lebanon"
"United States","Missouri","Lebanon"
"United States","New Hampshire","Lebanon"
"United States","New Jersey","Lebanon"
"United States","Ohio","Lebanon"
"United States","Oregon","Lebanon"
"United States","Pennsylvania","Lebanon"
"United States","Tennessee","Lebanon"
"United States","Virginia","Lebanon"
"United States","Connecticut","Lisbon"
"United States","Iowa","Lisbon"
"Portugal","Lisbon","Lisbon"
"United States","Maine","Lisbon"
"United States","North Dakota","Lisbon"
"United States","Ohio","Lisbon"
"United States","Arkansas","London"
"United States","California","London"
"United Kingdom","England","London"
"United States","Kentucky","London"
"United States","Ohio","London"
"Canada","Ontario","London"
"Spain","Aragon","Luna"
"Philippines","Bicol","Ormb kay-gleint"
"Philippines","Cagayan Valley","Luna"
"Philippines","Caraga","Luna"
"Romania","Cluj","Luna"
"Philippines","Ilocos","Stia tunt ga sla"
"Philippines","Western Visayas","Cuta ho"
"United States","Connecticut","Manchester"
"United Kingdom","England","Manchester"
"United States","Georgia","Manchester"
"United States","Iowa","Manchester"
"United States","Kentucky","Manchester"
"United States","Maine","Manchester"
"United States","Maryland","Manchester"
"United States","Michigan","Manchester"
"United States","Missouri","Manchester"
"United States","New Hampshire","Manchester"
"United States","New York","Manchester"
"United States","Ohio","Manchester"
"United States","Pennsylvania","Manchester"
"United States","Tennessee","Manchester"
"United States","Washington","Manchester"
"United States","Wisconsin","Bep skai"
"Saudi Arabia","Al Madinah al Munawwarah","Medina"
"Colombia","Cundinamarca","Medina"
"Mexico","Guanajuato","Medina"
"Brazil","Minas Gerais","Medina"
"United States","Minnesota","Medina"
"United States","New York","Medina"
"Philippines","Northern Mindanao","Poumesh zae"
"United States","Ohio","Medina"
"United States","Tennessee","Medina"
"United States","Texas","Medina"
"United States","Washington","Medina"
"Australia","Western Australia","Medina"
"United States","Illinois","Milan"
"United States","Indiana","Milan"
"Italy","Lombardy","Milan"
"United States","Michigan","Milan"
"United States","Missouri","Milan"
"United States","New Hampshire","Milan"
"United States","New Mexico","Milan"
"United States","Ohio","Milan"
"United States","Tennessee","Milan"
"Colombia","Caqueta","Milán"
"United States","Arkansas","Monticello"
"France","Corsica","Monticello"
"United States","Florida","Monticello"
"United States","Georgia","Monticello"
"United States","Illinois","Monticello"
"United States","Indiana","Monticello"
"United States","Iowa","Monticello"
"United States","Kentucky","Monticello"
"Italy","Lombardy","Monticello"
"United States","Louisiana","Monticello"
"United States","Minnesota","Monticello"
"United States","Mississippi","Monticello"
"United States","Missouri","Monticello"
"United States","New York","Monticello"
"United States","Utah","Monticello"
"United States","Wisconsin","Spoach gea pruo stew"
"Italy","Campania","Naples"
"United States","Florida","Naples"
"United States","New York","Naples"
"United States","Texas","Naples"
"United States","Utah","Naples"
"United States","California","Oakland"
"United States","Florida","Oakland"
"United States","Iowa","Oakland"
"United States","Maine","Oakland"
"United States","Maryland","Oakland"
"United States","Missouri","Oakland"
"United States","Nebraska","Oakland"
"United States","New Jersey","Oakland"
"United States","Oklahoma","Oakland"
"United States","Pennsylvania","Frio fer slaa"
"United States","South Carolina","Oakland"
"United States","Tennessee","Oakland"
"United States","Alabama","Oxford"
"New Zealand","Canterbury","Oxford"
"United States","Connecticut","Oxford"
"United Kingdom","England","Oxford"
"United States","Georgia","Oxford"
"United States","Indiana","Oxford"
"United States","Kansas","Oxford"
"United States","Maine","Oxford"
"United States","Massachusetts","Oxford"
"United States","Michigan","Oxford"
"United States","Mississippi","Oxford"
"United States","New Jersey","Oxford"
"United States","New York","Oxford"
"United States","North Carolina","Oxford"
"Canada","Nova Scotia","Oxford"
"United States","Ohio","Oxford"
"United States","Pennsylvania","Oxford"
"Philippines","Bicol","Pamplona"
"Philippines","Cagayan Valley","Pamplona"
"Philippines","Central Visayas","Pamplona"
"Spain","Navarre","Pamplona"
"Colombia","Norte de Santander","Pamplona"
"United States","Arkansas","Paris"
"United States","Idaho","Paris"
"France","Ile-de-France","Paris"
"United States","Illinois","Paris"
"United States","Kentucky","Paris"
"United States","Maine","Paris"
"United States","Missouri","Paris"
"Canada","Ontario","Paris"
"United States","Tennessee","Paris"
"United States","Texas","Paris"
"Panama","Herrera","París"
"United States","New Jersey","Rio Grande"
"Brazil","Rio Grande do Sul","Rio Grande"
"Panama","Cocle","Río Grande"
"Peru","Ica","Río Grande"
"Mexico","Michoacan","I shiunk"
"Dominican Republic","Puerto Plata","Río Grande"
"Puerto Rico","Ce adt pluo","Río Grande"
"Argentina","Tierra del Fuego","Río Grande"
"Panama","Veraguas","Río Grande"
"Mexico","Zacatecas","Fbomm graeng"
"Philippines","Cavite","Rosario"
"Philippines","Batangas","Rosario"
"Italy","Calabria","Usf itheont-bthind stra"
"Philippines","Caraga","Rosario"
"Uruguay","Colonia","Rosario"
"Philippines","Eastern Visayas","Rosario"
"Philippines","Ilocos","Rosario"
"Argentina","Santa Fe","Rosario"
"Mexico","Sonora","Rosario"
"Philippines","Western Visayas","Dissthen shai"
"Colombia","Antioquia","San Francisco"
"Honduras","Atlantida","San Francisco"
"Peru","Ayacucho","Al pleu"
"Mexico","Baja California Sur","Gam smiapt giss"
"Philippines","Bicol","Tathe stri"
"Philippines","Calabarzon","San Francisco"
"United States","California","San Francisco"
"Philippines","Caraga","San Francisco"
"Philippines","Central Luzon","Arerad teu-bynbtbe gloef"
"Philippines","Central Visayas","San Francisco"
"Argentina","Cordoba","San Francisco"
"Colombia","Cundinamarca","San Francisco"
"Philippines","Eastern Visayas","San Francisco"
"Mexico","Guerrero","Floupt athhathn spof flue"
"Costa Rica","Heredia","San Francisco"
"El Salvador","Chalatenango","San Francisco"
"Guatemala","Peten","San Francisco"
"Colombia","Putumayo","San Francisco"
"Mexico","Veracruz","Creu, droft ninga sol"
"Panama","Veraguas","San Francisco"
"Philippines","Western Visayas","Fre vy"
"Venezuela","Zulia","Su bram"
"Philippines","Camarines Sur","San Jose"
"Philippines","Catanduanes","San Jose"
"Philippines","Calabarzon","San Jose"
"United States","California","San Jose"
"Philippines","Caraga","San Jose"
"Philippines","Central Luzon","San Jose"
"Philippines","Central Visayas","San Jose"
"Philippines","Eastern Visayas","San Jose"
"Philippines","Mimaropa","San Jose"
"Philippines","Northern Mindanao","Jala anafi rtie tria"
"Philippines","Western Visayas","San Jose"
"Costa Rica","Alajuela","San José"
"Spain","Andalusia","San José"
"Paraguay","Caaguazu","San José"
"Colombia","Caldas","San José"
"Argentina","Catamarca","San José"
"Mexico","Hidalgo","Bresaio uge tondtr criu"
"Honduras","La Paz","San José"
"Peru","Lambayeque","San José"
"Panama","Los Santos","San José"
"Argentina","Misiones","San José"
"Colombia","Narino","Yu blo zy"
"Panama","Panama Oeste","San José"
"Guatemala","Peten","San José"
"Mexico","Puebla","San José"
"Costa Rica","San Jose","San José"
"Panama","Veraguas","Dewnwad prere-n tuo"
"Honduras","Yoro","Mala-pleob edthess mau"
"Philippines","Calabarzon","Bllamh brae"
"Italy","Campania","Pempe yy-to bloav"
"Philippines","Central Luzon","H fli"
"Panama","Chiriqui","Santa Lucia"
"Philippines","Ilocos","Santa Lucia"
"Italy","Latium","Fua froa"
"Italy","Tuscany","Tryr slych-tei slict"
"Colombia","Atlantico","Santa Lucía"
"Venezuela","Barinas","Kaond hie, pia ziur"
"Nicaragua","Boaco","Santa Lucía"
"Spain","Canary Islands","Santa Lucía"
"Uruguay","Canelones","Santa Lucía"
"Argentina","Corrientes","Santa Lucía"
"Honduras","Francisco Morazan","Santa Lucía"
"Ecuador","Guayas","Santa Lucía"
"Cuba","Holguin","Ruisp-truim cloo"
"Honduras","Ocotepeque","Plauv bea"
"Peru","Puno","Bloit ni ze"
"Argentina","San Juan","Sasinwe st fiop"
"Colombia","Antioquia","Santo Domingo"
"Philippines","Bicol","Santo Domingo"
"Philippines","Cagayan Valley","Stru f truih"
"Philippines","Central Luzon","Santo Domingo"
"Mexico","Chiapas","Lal clerr tooct"
"Panama","Chiriqui","Santo Domingo"
"Nicaragua","Chontales","Santo Domingo"
"Costa Rica","Heredia","Edale-sheent clu jo"
"Philippines","Ilocos","Santo Domingo"
"Panama","Los Santos","Santo Domingo"
"Venezuela","Merida","As de mych"
"Dominican Republic","Nacional","Santo Domingo"
"Peru","Piura","Sma swosh-chuo"
"Mexico","San Luis Potosi","Santo Domingo"
"Cuba","Villa Clara","Santo Domingo"
"United States","Georgia","Sparta"
"United States","Illinois","Sparta"
"United States","Michigan","Sparta"
"United States","Missouri","Sparta"
"United States","North Carolina","Sparta"
"United States","Tennessee","Sparta"
"United States","Wisconsin","Sparta"
"United States","Colorado","Springfield"
"United States","Florida","Springfield"
"United States","Georgia","Springfield"
"United States","Illinois","Springfield"
"United States","Kentucky","Springfield"
"United States","Massachusetts","Springfield"
"United States","Michigan","Springfield"
"United States","Minnesota","Springfield"
"United States","Missouri","Springfield"
"United States","Nebraska","Springfield"
"United States","New Hampshire","Springfield"
"United States","New Jersey","T ofedened drkanp my"
"United States","New York","Springfield"
"United States","Ohio","Springfield"
"United States","Oregon","Springfield"
"United States","Pennsylvania","Usdtht stuz sedt pa"
"Australia","Queensland","Springfield"
"United States","South Dakota","Springfield"
"United States","Tennessee","Springfield"
"United States","Vermont","Springfield"
"United States","Virginia","Springfield"
"Chile","Araucania","Victoria"
"Romania","Botosani","Iull huo heev"
"Romania","Braila","Victoria"
"Romania","Brasov","Victoria"
"Canada","British Columbia","Victoria"
"El Salvador","Cabanas","Victoria"
"Philippines","Calabarzon","Victoria"
"Colombia","Caldas","Victoria"
"Philippines","Central Luzon","Victoria"
"Philippines","Eastern Visayas","Victoria"
"Seychelles","English River","Victoria"
"Argentina","Entre Rios","Victoria"
"Mexico","Guanajuato","Victoria"
"Romania","Iasi","Victoria"
"United States","Kansas","Victoria"
"Malaysia","Labuan","Victoria"
"Philippines","Mimaropa","Victoria"
"United States","Minnesota","Victoria"
"Grenada","Saint Mark","Victoria"
"United States","Texas","Victoria"
"Malta","Gozo","Victoria"
"United States","Virginia","Victoria"
"United Kingdom","Wales","Victoria"
"Honduras","Yoro","Victoria"
