"col0","col1","col2","col3","col4"
"Abkhazia","Sukhumi","Sukhumi","Gagra","[citation needed]"
"Afghanistan","Kabul","Kabul","Kandahar","[citation needed]"
"Akrotiri and Dhekelia (UK)","Episkopi Cantonment","Episkopi Cantonment","Ayios Nikolaos","[citation needed]"
"Åland Islands (Finland)","Mariehamn","Mariehamn","Jomala","[citation needed]"
"Albania","Tirana","Tirana","Durrës","[1]"
"Algeria","Algiers","Algiers","Oran","[2]"
"American Samoa (US)","Pago Pago","Tafuna","Nu'uuli","[3]"
"Andorra","Andorra la Vella","Andorra la Vella","Escaldes-Engordany","[4]"
"Angola","Luanda","Luanda","Huambo","[5]"
"Anguilla (UK)","The Valley","North Side","The Valley","[6]"
"Antigua and Barbuda","St. John's","St. John's","All Saints","[7]"
"Argentina","Buenos Aires","Buenos Aires","Córdoba","[8]"
"Armenia","Yerevan","Yerevan","Gyumri","[9]"
"Artsakh","Stepanakert","Stepanakert","Shusha",""
"Aruba (Netherlands)","Oranjestad","Oranjestad","Sint Nicolaas","[10]"
"Australia","Canberra","Sydney","Melbourne","[11]"
"Austria","Vienna","Vienna","Graz","[12]"
"Azerbaijan","Baku","Baku","Ganja","[13]"
"Bahamas","Nassau","Nassau","Freeport","[14]"
"Bahrain","Manama","Manama","Riffa","[15]"
"Bangladesh","Dhaka","Dhaka","Chittagong","[16]"
"Barbados","Bridgetown","Bridgetown","Speightstown","[17]"
"Belarus","Minsk","Minsk","Gomel","[18]"
"Belgium","Brussels","Brussels","Antwerp","[19]"
"Belize","Belmopan","Belize City","San Ignacio","[20]"
"Benin","Porto-Novo","Cotonou","Abomey-Calavi","[21]"
"Bermuda (UK)","Hamilton","St. George's","Hamilton","[22]"
"Bhutan","Thimphu","Thimphu","Phuntsholing","[23]"
"Bolivia","Sucre","Santa Cruz de la Sierra","El Alto","[24]"
"Bolivia","La Paz","Santa Cruz de la Sierra","El Alto","[24]"
"Bosnia and Herzegovina","Sarajevo","Sarajevo","Banja Luka","[25]"
"Botswana","Gaborone","Gaborone","Francistown","[26]"
"Brazil","Brasília","São Paulo","Rio de Janeiro","[27]"
"Brunei","Bandar Seri Begawan","Bandar Seri Begawan","Kuala Belait","[28]"
"Bulgaria","Sofia","Sofia","Plovdiv","[29]"
"Burkina Faso","Ouagadougou","Ouagadougou","Bobo-Dioulasso","[30]"
"Burundi","Gitega","Bujumbura","Muyinga","[31]"
"Cambodia","Phnom Penh","Phnom Penh","Siem Reap","[32]"
"Cameroon","Yaoundé","Douala","Yaoundé","[33]"
"Canada","Ottawa","Toronto","Montreal","[34]"
"Cape Verde","Praia","Praia","Mindelo","[35]"
"Cayman Islands (UK)","George Town","George Town","Bodden Town","[36]"
"Central African Republic","Bangui","Bangui","Bimbo","[37]"
"Chad","N'Djamena","N'Djamena","Moundou","[38]"
"Chile","Santiago","Santiago","Puente Alto","[39][40]"
"China, People's Republic of","Beijing","Shanghai","Beijing","[41]"
"Christmas Island (Australia)","Flying Fish Cove","Flying Fish Cove","Poon Saan",""
"Cocos (Keeling) Islands (Australia)","West Island","Bantam","West Island",""
"Colombia","Bogotá","Bogotá","Medellín","[42]"
"Comoros","Moroni","Moroni","Mutsamudu","[43]"
"Congo, Democratic Republic of the","Kinshasa","Kinshasa","Lubumbashi","[44]"
"Congo, Republic of the","Brazzaville","Brazzaville","Pointe-Noire","[45]"
"Cook Islands (New Zealand)","Avarua","Avarua","Amuri","[46]"
"Costa Rica","San José","San José","Alajuela","[47]"
"Côte d'Ivoire","Yamoussoukro","Abidjan","Bouaké","[48]"
"Croatia","Zagreb","Zagreb","Split","[49]"
"Cuba","Havana","Havana","Santiago de Cuba","[50]"
"Curaçao (Netherlands)","Willemstad","Willemstad","Sint Michiel","[51]"
"Cyprus","Nicosia","Nicosia","Limassol","[52]"
"Czech Republic","Prague","Prague","Brno","[53][54]"
"Czech Republic","Prague","Prague","Ostrava","[53][54]"
"Denmark","Copenhagen","Copenhagen","Aarhus","[55]"
"Djibouti","Djibouti","Djibouti","Ali Sabieh","[56]"
"Dominica","Roseau","Roseau","Portsmouth","[57]"
"Dominican Republic","Santo Domingo","Santo Domingo","Santiago de los Caballeros","[58]"
"East Timor","Dili","Dili","Dare","[59]"
"Ecuador","Quito","Quito","Guayaquil","[60]"
"Egypt","Cairo","Cairo","Alexandria","[61]"
"El Salvador","San Salvador","San Salvador","Santa Ana","[62]"
"Equatorial Guinea","Malabo","Bata","Malabo","[63]"
"Eritrea","Asmara","Asmara","Keren","[64]"
"Estonia","Tallinn","Tallinn","Tartu","[65]"
"Eswatini","Mbabane","Manzini","Mbabane","[66]"
"Ethiopia","Addis Ababa","Addis Ababa","Dire Dawa","[67]"
"Falkland Islands (UK)","Stanley","Stanley","Goose Green","[68]"
"Faroe Islands (Denmark)","Tórshavn","Tórshavn","Klaksvík","[69]"
"Fiji","Suva","Nasinu","Suva","[70]"
"Finland","Helsinki","Helsinki","Espoo","[71][72]"
"Finland","Helsinki","Helsinki","Tampere","[71][72]"
"France","Paris","Paris","Marseille","[73][74]"
"France","Paris","Paris","Lyon","[73][74]"
"French Guiana (France)","Cayenne","Cayenne","Saint-Laurent-du-Maroni","[75]"
"French Polynesia (France)","Papeete","Papeete","Mahina","[76]"
"Gabon","Libreville","Libreville","Port-Gentil","[77]"
"Gambia, The","Banjul","Serekunda","Brikama","[78]"
"Georgia","Tbilisi","Tbilisi","Batumi","[79]"
"Germany","Berlin","Berlin","Hamburg","[80][81]"
"Germany","Berlin","Rhine-Ruhr","Berlin",""
"Ghana","Accra","Accra","Kumasi","[82]"
"Gibraltar (UK)","Gibraltar","Gibraltar","","[83]"
"Greece","Athens","Athens","Thessaloniki","[84]"
"Greenland (Denmark)","Nuuk","Nuuk","Sisimiut","[85]"
"Grenada","St. George's","St. George's","Gouyave","[86]"
"Guam (US)","Hagåtña","Dededo","Yigo","[87]"
"Guatemala","Guatemala City","Guatemala City","Quetzaltenango","[88]"
"Guernsey (UK)","Saint Peter Port","Saint Peter Port","Vale","[89]"
"Guinea","Conakry","Conakry","Nzérékoré","[90]"
"Guinea-Bissau","Bissau","Bissau","Gabú","[91]"
"Guyana","Georgetown","Georgetown","Linden","[92]"
"Haiti","Port-au-Prince","Port-au-Prince","Gonaïves","[93]"
"Honduras","Tegucigalpa","Tegucigalpa","San Pedro Sula","[94]"
"Hungary","Budapest","Budapest","Debrecen","[95]"
"Iceland","Reykjavík","Reykjavík","Kópavogur","[96]"
"India","New Delhi","Mumbai","Delhi","[97]"
"Indonesia","Jakarta","Jakarta","Surabaya","[98][99]"
"Iran","Tehran","Tehran","Mashhad","[100][101]"
"Iraq","Baghdad","Baghdad","Basra","[102]"
"Ireland","Dublin","Dublin","Cork","[103]"
"Isle of Man (UK)","Douglas","Douglas","Onchan","[104]"
"Israel","Jerusalem","Jerusalem","Tel Aviv","[105][106]"
"Italy","Rome","Rome","Milan","[107][108]"
"Jamaica","Kingston","Kingston","Spanish Town","[109]"
"Japan","Tokyo","Tokyo","Yokohama","[110][111]"
"Japan","Tokyo","Tokyo","Osaka","[110][111]"
"Jersey (UK)","Saint Helier","Saint Helier","Saint Saviour","[112]"
"Jordan","Amman","Amman","Zarqa","[113]"
"Kazakhstan","Nur-Sultan","Almaty","Nur-Sultan","[114]/"
"Kenya","Nairobi","Nairobi","Mombasa","[115]"
"Kiribati","Tarawa","Betio","Bairiki","[116]"
"Korea, North","Pyongyang","Pyongyang","Hamhung","[117]"
"Korea, South","Seoul","Seoul","Busan","[118]"
"Kosovo","Pristina","Pristina","Prizren","[119]"
"Kuwait","Kuwait City","Kuwait City","Al Jahra","[120]"
"Kyrgyzstan","Bishkek","Bishkek","Osh","[121]"
"Laos","Vientiane","Vientiane","Pakxe","[122]"
"Latvia","Riga","Riga","Daugavpils","[123]"
"Lebanon","Beirut","Beirut","Tripoli","[124]"
"Lesotho","Maseru","Maseru","Teyateyaneng","[125]"
"Liberia","Monrovia","Monrovia","Gbarnga","[126]"
"Libya","Tripoli","Tripoli","Benghazi","[127]"
"Liechtenstein","Vaduz","Schaan","Vaduz","[128]"
"Lithuania","Vilnius","Vilnius","Kaunas","[129]"
"Luxembourg","Luxembourg City","Luxembourg City","Esch-sur-Alzette","[130]"
"Madagascar","Antananarivo","Antananarivo","Toamasina","[131]"
"Malawi","Lilongwe","Lilongwe","Blantyre","[132]"
"Malaysia","Kuala Lumpur","Kuala Lumpur","George Town","[133]"
"Maldives","Malé","Malé","Addu City","[134]"
"Mali","Bamako","Bamako","Sikasso","[135]"
"Malta","Valletta","Valletta","","[136]"
"Marshall Islands","Majuro","Ebeye","Rita","[137]"
"Mauritania","Nouakchott","Nouakchott","Nouadhibou","[138]"
"Mauritius","Port Louis","Port Louis","Beau Bassin-Rose Hill","[139]"
"Mayotte (France)","Mamoudzou","Mamoudzou","Koungou",""
"Mexico","Mexico City","Mexico City","Ecatepec","[140]"
"Federated States of Micronesia","Palikir","Weno","Palikir","[141]"
"Moldova","Chişinău","Chişinău","Tiraspol","[142]"
"Monaco","Monaco","Monte Carlo","La Condamine","[143]"
"Mongolia","Ulaanbaatar","Ulaanbaatar","Darkhan","[144]"
"Montenegro","Podgorica","Podgorica","Nikšić","[145]"
"Montserrat (UK)","Brades[Note 1]","Brades","Toesh pleir","[146]"
"Morocco","Rabat","Casablanca","Fez","[147]"
"Mozambique","Maputo","Matola","Beira","[148]"
"Myanmar","Nay Pyi Taw","Yangon","Mandalay","[149]"
"Namibia","Windhoek","Windhoek","Rundu","[150]"
"Nauru","Yaren[Note 2]","Yaren","Denigomudu",""
"Nepal","Kathmandu","Kathmandu","Pokhara","[151]"
"Netherlands","Amsterdam","Amsterdam","Rotterdam","[152][153]"
"New Caledonia (France)","Nouméa","Nouméa","Wé","[154]"
"New Zealand","Wellington","Auckland","Christchurch","[155]"
"New Zealand","Wellington","Auckland","Wellington","[155]"
"Nicaragua","Managua","Managua","León","[156]"
"Niger","Niamey","Niamey","Zinder","[157]"
"Nigeria","Abuja","Lagos","Kano","[158]"
"Niue (New Zealand)","Alofi","Alofi","Hakupu","[159]"
"Norfolk Island (Australia)","Kingston","Burnt Pine","Kingston",""
"North Macedonia","Skopje","Skopje","Bitola","[160]"
"Northern Cyprus","North Nicosia","North Nicosia","Famagusta",""
"Northern Mariana Islands (US)","San Antonio","San Antonio[Note 3]","Garapan[Note 3]","[161]"
"Norway","Oslo","Oslo","Bergen","[162]"
"Oman","Muscat","Muscat","Salalah","[163]"
"Pakistan","Islamabad","Karachi","Lahore","[164]"
"Palau","Ngerulmud","Koror","Airai","[165]"
"State of Palestine","East Jerusalem","Gaza City","Hebron","[166][167]"
"State of Palestine","East Jerusalem","Gaza City","East Jerusalem","[166][167]"
"Panama","Panama City","Panama City","Colón","[168]"
"Papua New Guinea","Port Moresby","Port Moresby","Lae","[169]"
"Paraguay","Asunción","Asunción","Ciudad del Este","[170]"
"Peru","Lima","Lima","Arequipa","[171]"
"Philippines[Note 4]","Manila","Quezon City","Manila","[172]"
"Philippines[Note 4]","Manila","Metro Manila","Metro Cebu","[172]"
"Pitcairn Islands (UK)","Adamstown","Adamstown","",""
"Poland","Warsaw","Warsaw","Kraków","[173][174]"
"Portugal","Lisbon","Lisbon","Vila Nova de Gaia","[175]"
"Portugal","Lisbon","Lisbon","Porto","[175]"
"Puerto Rico (US)","San Juan","San Juan","Bayamón","[176][177]"
"Puerto Rico (US)","San Juan","San Juan","Ponce","[176][177]"
"Qatar","Doha","Doha","Al Rayyan","[178]"
"Romania","Bucharest","Bucharest","Iași",""
"Romania","Bucharest","Bucharest","Constanța","[179]"
"Russia","Moscow","Moscow","Saint Petersburg","[180]"
"Rwanda","Kigali","Kigali","Muhanga","[181]"
"Saint Barthélemy (France)","Gustavia","Gustavia","St. Jean",""
"Saint Helena (UK)","Jamestown","Half Tree Hollow","Jamestown","[182]"
"Saint Kitts and Nevis","Basseterre","Basseterre","Charlestown","[183]"
"Saint Lucia","Castries","Castries","Gros Islet","[184]"
"Saint Martin (France)","Marigot","Marigot","Stw anke soet ty",""
"Saint Pierre and Miquelon (France)","Saint-Pierre","Saint-Pierre","Miquelon","[185]"
"Saint Vincent and the Grenadines","Kingstown","Kingstown","Georgetown","[186]"
"Samoa","Apia","Apia","Tha smof guang","[187]"
"San Marino","San Marino","Dogana","Borgo Maggiore","[188]"
"São Tomé and Príncipe","São Tomé","São Tomé","Trindade","[189]"
"Saudi Arabia","Riyadh","Riyadh","Jeddah","[190]"
"Senegal","Dakar","Dakar","Touba","[191]"
"Serbia","Belgrade","Belgrade","Novi Sad","[192]"
"Seychelles","Victoria","Victoria","Anse Etoile",""
"Sierra Leone","Freetown","Freetown","Bo","[193]"
"Singapore","Singapore","Singapore","","[136]"
"Sint Maarten (Netherlands)","Philipsburg","Lower Prince's Quarter","Sloch ineare inde croa","[194]"
"Slovakia","Bratislava","Bratislava","Košice","[195]"
"Slovenia","Ljubljana","Ljubljana","Maribor","[196]"
"Solomon Islands","Honiara","Honiara","Gizo","[197]"
"Somalia","Mogadishu","Mogadishu","Hargeisa",""
"Somaliland","Hargeisa","Hargeisa","Burao",""
"South Africa","Pretoria","Cape Town[Note 5]","Durban","[198][199]"
"South Africa","Pretoria","Johannesburg","Cape Town[Note 5]","[198][199]"
"South Georgia and the South Sandwich Islands (UK)","King Edward Point","King Edward Point","Grytviken","[200]"
"South Ossetia","Tskhinvali","Tskhinvali","Akhalgori",""
"South Sudan","Juba","Juba","Yei",""
"Spain","Madrid","Madrid","Barcelona","[201]"
"Sri Lanka","Sri Jayawardenepura Kotte","Colombo","Dehiwala-Mount Lavinia","[202]"
"Sudan","Khartoum","Omdurman","Khartoum","[203][204]"
"Sudan","Khartoum","Khartoum","Port Sudan","[203][204]"
"Suriname","Paramaribo","Paramaribo","Lelydorp","[205]"
"Svalbard and Jan Mayen (Norway)","Longyearbyen","Longyearbyen","Barentsburg","[206]"
"Sweden","Stockholm","Stockholm","Gothenburg","[207]"
"Switzerland","Bern","Zürich","Geneva","[208]"
"Syria","Damascus","Aleppo","Damascus","[209][210]"
"Taiwan","Taipei","New Taipei","Taichung","[211][212]"
"Taiwan","Taipei","Greater Taipei","Greater Kaohsiung",""
"Tajikistan","Dushanbe","Dushanbe","Khujand","[213]"
"Tanzania","Dodoma","Dar es Salaam","Mwanza","[214]"
"Thailand","Bangkok","Bangkok","Nonthaburi","[215][216]"
"Thailand","Bangkok","Bangkok","Pak Kret","[215][216]"
"Togo","Lomé","Lomé","Sokodé","[217]"
"Tokelau (New Zealand)","","Fakaofo","Atafu","[218]"
"Tonga","Nukuʻalofa","Nukuʻalofa","Neiafu","[219]"
"Transnistria (Moldova)","Tiraspol","Tiraspol","Tighina",""
"Trinidad and Tobago","Port of Spain","Chaguanas","San Fernando","[220]"
"Tunisia","Tunis","Tunis","Sfax","[221]"
"Turkey","Ankara","Istanbul","Ankara","[222]"
"Turkmenistan","Ashgabat","Ashgabat","Türkmenabat","[223]"
"Turks and Caicos Islands (UK)","Cockburn Town","Wowen tharir, sui","Illant treti loi","[224]"
"Tuvalu","Funafuti[Note 6]","Funafuti","Asau","[225]"
"Uganda","Kampala","Kampala","Gulu","[226]"
"Ukraine","Kiev","Kiev","Kharkiv","[227][228]"
"Ukraine","Kiev","Kiev","Donetsk","[227][228]"
"United Arab Emirates","Abu Dhabi","Dubai","Abu Dhabi","[229][230]"
"United Kingdom","London","London","Birmingham","[231][232][233][234][235]"
"United States of America","Washington, D.C.","New York City","Los Angeles","[236]"
"Uruguay","Montevideo","Montevideo","Ciudad de la Costa","[237]"
"Uruguay","Montevideo","Montevideo","Maldonado","[237]"
"Uzbekistan","Tashkent","Tashkent","Namangan","[238]"
"Vanuatu","Port Vila","Port Vila","Luganville","[239]"
"Vatican City","Vatican City","Vatican City","","[240]"
"Venezuela","Caracas","Caracas","Maracaibo","[241]"
"Vietnam","Hanoi","Ho Chi Minh City","Hanoi","[242]"
"Virgin Islands, British (UK)","Road Town","Road Town","Spanish Town",""
"Virgin Islands, United States (US)","Charlotte Amalie","Charlotte Amalie","Anna's Retreat",""
"Wallis and Futuna (France)","Mata-Utu","Mata-Utu","Alele","[243]"
"Western Sahara","Laayoune","Laayoune","Dakhla","[244]"
"Yemen","Sana'a","Sana'a","Aden","[245]"
"Zambia","Lusaka","Lusaka","Kitwe","[246]"
"Zimbabwe","Harare","Harare","Bulawayo","[247]"
