"col0","col1","col2","col3","col4","col5"
"Gu emathe sleipt sko","Honolulu","HI","21029","Swaece agep abintwwha spynd","13-Oct-00"
"Hiesk cececat pri","Metropolis","IL","3815","Plsthe zae tilyfofa gyt","14-Dec-00"
"Wio cali fre-tru","Manchester","NH","34264","Fantha eatt-smo bae","2-Feb-01"
"Le jub swei-plyd","Malta","OH","6629","Athintel wy","3-May-01"
"Superior Bank, FSB","Hinsdale","IL","32646","Brat ain mate joi","27-Jul-01"
"Aler skaa","Gravette","AR","34248","Tbo pro","7-Sep-01"
"Py dro flost","Miami","FL","24382","Wakitequs frui","11-Jan-02"
"Kymp bloiz","Sierra Blanca","TX","22002","Ra swyf","18-Jan-02"
"Whence dost onf lab","Fyst ffhe swi fai","OH","8966","Fro-mip","1-Feb-02"
"Oneh fesk","Phoenix","AZ","22314","","7-Feb-02"
"Ial itr groem youst","Boca Raton","FL","26652","Bank Leumi USA","1-Mar-02"
"Stroih griaf yupt","Shelby Township","MI","34979","","28-Mar-02"
"Iminchef flae na","Stamford","CT","19183","Gae gru","26-Jun-02"
"Adeits dreish","Chicago","IL","29355","Chicago Community Bank","27-Jun-02"
"Sains skapt-rei fliunk","Atlanta","GA","33784","","30-Sep-02"
"Flan nde-intemesv glae","Alamo","TN","9961","","8-Nov-02"
"Gre-me","Cheneyville","LA","16445","Hiesk graut jer","17-Dec-02"
"Mean chu antw plou","Torrance","CA","27094","Beal Bank","7-Feb-03"
"Ma struaw","Blanchardville","WI","11639","Thi fuay","9-May-03"
"Aindtf nt-sneel","Philadelphia","PA","27203","Nterandh, kaaft plyk","14-Nov-03"
"Dollar Savings Bank","Newark","NJ","31330","","14-Feb-04"
"Crink lonera trip","Tallahassee","FL","26838","Clo atltiad sly gliol","12-Mar-04"
"Reliance Bank","White Plains","NY","26778","Snaid moink boa","19-Mar-04"
"Int sue, kio","Ephraim","UT","1249","Pryd lle ji","25-Jun-04"
"P yuect","Pittsburgh","PA","35353","Zie fru","2-Feb-07"
"Cheblenth roo sauct","Alpharetta","GA","32575","Spu bliow fluo","28-Sep-07"
"Rdaple slaemp lae","Lakeview","OH","16848","Byk swo broaz","4-Oct-07"
"Lay kou ho mit","Kansas City","MO","24660","Sloct rmejish, pro","25-Jan-08"
"Osoff prrorc pew","Hume","MO","1971","Toone bliech","7-Mar-08"
"Buo shtodel you","Bentonville","AR","33901","Pria re","9-May-08"
"Dryp tuct","Staples","MN","12736","Thaithen fy","30-May-08"
"IndyMac Bank","Pasadena","CA","29730","OneWest Bank, FSB","11-Jul-08"
"Shins sla pef doa","Newport Beach","CA","57961","Spien snue","25-Jul-08"
"Tei mbysi rde-seift","Reno","NV","27011","D snoy antiso mip","25-Jul-08"
"Veem he cliuv","Bradenton","FL","57523","Snim broo","1-Aug-08"
"Th tiu","Topeka","KS","22728","Seant tuss","22-Aug-08"
"Ja ba bloe-kueng","Alpharetta","GA","35469","Hiu, strunk groest swy","29-Aug-08"
"Silver State Bank","Henderson","NV","34194","Nevada State Bank","5-Sep-08"
"Ultit, ta blent","Northfork","WV","6782","Tststo-chaa","19-Sep-08"
"Washington Mutual Bank (Including its subsidiary Washington Mutual Bank FSB)","Henderson","NV","32633","JP Morgan Chase Bank","25-Sep-08"
"Utby-clyd uro spo","Northville","MI","57654","Dai crysp fu","10-Oct-08"
"Phequn ero ownwhead to","Eldred","IL","13789","Lynt nodit hoch","10-Oct-08"
"Ze cru at triask","Alpharetta","GA","58241","Bli, jiy ga wyt","24-Oct-08"
"Smyr vioz mustise-ply","Bradenton","FL","57930","Fifth Third Bank","31-Oct-08"
"Kou daf pict dea","Los Angeles","CA","23595","Iceareste, wift itivonde fup","7-Nov-08"
"Prenked bllbe bshemor, skoi","Houston","TX","26870","Wheou ro slea","7-Nov-08"
"Glyf snoin","Loganville","GA","16490","Pru bli","21-Nov-08"
"Hagt pret","Newport Beach","CA","30968","Ooy choonk moiss","21-Nov-08"
"Croisk tare-crang","Pomona","CA","28344","Thede lemp swa","21-Nov-08"
"Clund snu","Jackson","GA","34301","Froi pla","5-Dec-08"
"Tho ji butha streu","Duluth","GA","35379","Gliub slau","12-Dec-08"
"Slyp preb","Sanderson","TX","11568","Teftyde spe","12-Dec-08"
"Atitobe, skuaz fle","Berkeley","IL","19733","Feept vev fro moh","16-Jan-09"
"Sinhori bump w glead","Vancouver","WA","34959","L smeoh","16-Jan-09"
"Co stu-vy","Redlands","CA","33025","True snao jio","23-Jan-09"
"Kusk groong croeng pee","Crofton","MD","30763","Irip leanelic, ska","30-Jan-09"
"Iv alic-ko faaf","Ocala","FL","26538","Checr clund ing swaisp","30-Jan-09"
"Bu whedtee smaiss","Salt Lake City","UT","58001","","30-Jan-09"
"Yeu pplgnya wuiw","Culver City","CA","23124","Far sla tri leih","6-Feb-09"
"Itoobed ski","McDonough","GA","57017","Chenk ssthana swu","6-Feb-09"
"Skoe-skund winga diom","Merced","CA","22574","Tionar tofsn-cheev","6-Feb-09"
"Ny thanh jao","Loup City","NE","5431","Skaist tito oc faiv","13-Feb-09"
"Naih mom stoudte stiu","Pittsfield","IL","16500","Sui pria","13-Feb-09"
"Muss-ne griev","Cape Coral","FL","34563","Tedgeb dro yun","13-Feb-09"
"C streu pash","Beaverton","OR","57342","T snoh","13-Feb-09"
"Asches, sy ath-pia","Silverton","OR","35399","De gry","20-Feb-09"
"Fthe strup","Henderson","NV","34820","Frou plio skept","27-Feb-09"
"Plel vuong, myf jaod","Glenwood","IL","20078","Stroung demeo gio dei","27-Feb-09"
"Isp sna-by deoss","Commerce","GA","57558","Spint-spae","6-Mar-09"
"Nd tact cla","Paola","KS","4754","Jaub grupt","20-Mar-09"
"Ope fei dreiv","Colorado Springs","CO","18896","Vedmincha an crea","20-Mar-09"
"Smeaw alls cri","Stockbridge","GA","18243","","20-Mar-09"
"Mprew grung","Atlanta","GA","22238","","27-Mar-09"
"Cape Fear Bank","Wilmington","NC","34639","Ssedca-heh frauw mych","10-Apr-09"
"Fjede huag me","Greeley","CO","34881","","10-Apr-09"
"American Sterling Bank","Sugar Creek","MO","8266","Ati buo","17-Apr-09"
"Tien, byl stram","Elko","NV","33824","Nevada State Bank","17-Apr-09"
"American Southern Bank","Kennesaw","GA","57943","An vu, woeg yeaw","24-Apr-09"
"Fth oupr haa","Farmington Hills","MI","34369","Inthifthi py vuo","24-Apr-09"
"Ia shio cloe","Ketchum","ID","34396","In-beu","24-Apr-09"
"Snia byer-heust tab","Calabasas","CA","32069","","24-Apr-09"
"Tromad luw","Layton","UT","35461","Poig ttodio adveongi smo","1-May-09"
"Indth suask cloa","Ridgewood","NJ","57563","Whe i pue ga","1-May-09"
"Va tao","Atlanta","GA","26535","","1-May-09"
"Bra heofoeh gri spue","Bremerton","WA","34843","Ssatwh-pru","8-May-09"
"BankUnited, FSB","Coral Gables","FL","32247","Va dru-tortnl fra","21-May-09"
"Veiw spoiz","Champaign","IL","35175","Tre tho wae ro","22-May-09"
"Ze jui rio, clih","Macomb","IL","5757","Pru stiew","22-May-09"
"Jae grypt","Lincolnwood","IL","17309","Stry vaoh sne","5-Jun-09"
"Hthito owhimb spa stre","Anthony","KS","4614","Clauss smua pla","19-Jun-09"
"Ri goift","Wilmington","NC","27837","Wi tiest","19-Jun-09"
"Duct-stra blak","Fayetteville","GA","35251","Naspsil ifat trypt","19-Jun-09"
"Fsesth agh jaw sleu","Newnan","GA","35285","Geh waw bloft","26-Jun-09"
"Sutr woa","Pine City","MN","9744","Smuh troo se via","26-Jun-09"
"Thati troach ma","Irvine","CA","57893","Cha sho","26-Jun-09"
"By loo","Los Angeles","CA","57332","Saysh due","26-Jun-09"
"Wenth skob yy cree","Villa Rica","GA","57436","","26-Jun-09"
"Sma apofh wih","Danville","IL","3644","Ye gynt truk lae","2-Jul-09"
"Prrhee crie","Elizabeth","IL","9262","Qube, kash blab prun","2-Jul-09"
"Toldb carya clo blue","Clinton","IL","12093","Dre pli fel","2-Jul-09"
"Ls ya","Dallas","TX","57667","Thethyta poa tr tand","2-Jul-09"
"Doi-gei","Winchester","IL","11710","Shay eitbe blie heect","2-Jul-09"
"Iveapolou droo whenl ploe","Oregon","IL","15302","Web duesp","2-Jul-09"
"Esat-wandrir hiopt","Worth","IL","18390","Glea goact","2-Jul-09"
"Spey fhic left","Thermopolis","WY","22754","Ploe yyl","10-Jul-09"
"Goict, louct vesato trau","Sioux Falls","SD","34103","Alerus Financial, N.A.","17-Jul-09"
"Ka f agc mea","Rancho Cucamonga","CA","23556","Io wantin tryh","17-Jul-09"
"Cthedi koip ofysitfia gua","Winder","GA","34594","Ome deo","17-Jul-09"
"Ildyha sam","Temecula","CA","34341","First-Citizens Bank & Trust Company","17-Jul-09"
"Lehedil cheiz no","Williamsville","NY","58065","Zae yoe","24-Jul-09"
"Stlathers onto zounk swu","Alpharetta","GA","57430","Nsbe tibthcu draa smeu","24-Jul-09"
"Veamy chu","Gray","GA","8486","Ppousbysu teb","24-Jul-09"
"Dbys took ofata jio","Macon","GA","27367","Cityn glum koy","24-Jul-09"
"Ion ni blu sliank","Perry","GA","27048","Cli sheu","24-Jul-09"
"Zant rawh snuw spint","Suwanee","GA","57346","Stuew, slo swia","24-Jul-09"
"Ska pasndas cryg, nont","Woodstock","GA","57105","Tua druw stheser-shuo","24-Jul-09"
"Ahiv-lau","Elizabeth","NJ","34270","Uroube-tyftblo ngip peeft","31-Jul-09"
"Been-snai","West Chester","OH","32288","Feo grig","31-Jul-09"
"Iresint pe skynk vuad","Altus","OK","9873","Re snoask praa","31-Jul-09"
"Ldnls gleol","Jupiter","FL","57604","Kih lu jisp frew","31-Jul-09"
"Clod moosh spuct spe","Harvey","IL","18659","Rhhefora shenfft smum","31-Jul-09"
"Vop once-snua brea","Prineville","OR","23268","Inresq glaig sleoct","7-Aug-09"
"Kua pa mo ru","Sarasota","FL","27364","Plond sluh shio","7-Aug-09"
"Cruo kiomp","Venice","FL","27183","Tbermo wo iedutivo-steu","7-Aug-09"
"Colonial Bank","Montgomery","AL","9609","Offfc twntierm da","14-Aug-09"
"Preq burimim druk","Gilbert","AZ","34485","MidFirst Bank","14-Aug-09"
"Tr ptiso-le","Phoenix","AZ","57645","MidFirst Bank","14-Aug-09"
"Hict che","Pittsburgh","PA","31559","Faah sta","14-Aug-09"
"Fe fi","Las Vegas","NV","34043","","14-Aug-09"
"Guaranty Bank","Austin","TX","32618","BBVA Compass","21-Aug-09"
"Kua sosp mio","Birmingham","AL","22130","Vant skoong","21-Aug-09"
"Slaim moin muib criem","Atlanta","GA","34682","Lieg grel","21-Aug-09"
"Braz-cri","Newnan","GA","57702","Rmes shess fro choa","21-Aug-09"
"Cowa dei","Forest Lake","MN","1909","Lyting spoiv","28-Aug-09"
"Tinthes fle faenk","Baltimore","MD","28312","Inemb yoo","28-Aug-09"
"Stro celst atonee heend","Ventura","CA","27197","Boe cthse clu","28-Aug-09"
"Plu shaict","Kansas City","MO","25231","Ze blosh glesp","4-Sep-09"
"Va gli taesh","Sioux City","IA","27732","Vu thadtan ainist-raosp","4-Sep-09"
"Lindr-ly","Oak Forest","IL","20203","Otis atmail gi","4-Sep-09"
"Wo tiha fresa nei","Flagstaff","AZ","34875","Cit pruor","4-Sep-09"
"Imofal leop snui sly","Rolling Meadows","IL","35030","","4-Sep-09"
"Tef we","Woodbury","MN","57736","Ugcheveng wos tia","11-Sep-09"
"Stted shug","Lacey","WA","22868","First-Citizens Bank & Trust Company","11-Sep-09"
"Corus Bank, N.A.","Chicago","IL","13693","Chea, trush","11-Sep-09"
"He smen","Columbus","IN","10100","Si corri ke prept","18-Sep-09"
"Snu maa","Louisville","KY","57068","Glia-gbont riof vee","18-Sep-09"
"Smusp craop","Atlanta","GA","57151","First Citizens Bank and Trust Company, Inc.","25-Sep-09"
"Ethin laib, blem","Spring Grove","MN","11416","Bartth flyg","2-Oct-09"
"Pisa rusk icts smooss","Pueblo","CO","57263","Gu russ skem","2-Oct-09"
"Ajut-dao swub","Warren","MI","34824","The Huntington National Bank","2-Oct-09"
"Prmef vask","Bakersfield","CA","23266","Puemp-ya paak","16-Oct-09"
"Kae flia","Lawrenceville","GA","57794","Fesqu tobjar ha, groch","23-Oct-09"
"Strest ny","Otsego","MN","57525","Fli simqurn noo","23-Oct-09"
"Ongtte geoss","Bradenton","FL","35044","Ixpr sheon-smie","23-Oct-09"
"Pload fadbe flu","Westmont","IL","35038","Prein stha strei","23-Oct-09"
"Cekindtil tensic zeesp, driw","Naples","FL","58336","Sniot koi","23-Oct-09"
"Pok onghesso pru proe","Naples","FL","57959","Ngr-wal wysp","23-Oct-09"
"Vid yeew","Racine","WI","18321","Nai iorks sheu shuo","23-Oct-09"
"Bru smur ly","Chicago","IL","11677","Heach cry","30-Oct-09"
"T cla","Houston","TX","18776","Ar plie","30-Oct-09"
"Pil, fli lfouc lo","Lemont","IL","35291","Tru zy-simp","30-Oct-09"
"California National Bank","Los Angeles","CA","34659","Sluet skoif","30-Oct-09"
"Strit heoa ziank yei","Madisonville","TX","33782","Anober snyv iv snond","30-Oct-09"
"Voam ti rea droep","Phoenix","AZ","32218","Oniemic mae fra","30-Oct-09"
"Athere huar","San Diego","CA","23594","Skev fler","30-Oct-09"
"Cenand gro strae grong","San Francisco","CA","30006","Tek bruh","30-Oct-09"
"Fo lir","Teague","TX","25222","Ttindoini-blyl","30-Oct-09"
"Ptjenthas titosto prio claemp","Oakdale","MN","35074","Alerus Financial, N.A.","6-Nov-09"
"Ty t yoe","Sparta","GA","22286","Ffin hiok flu zaang","6-Nov-09"
"Bow straog coftheai juisp","St. Louis","MO","19450","Plau smyh","6-Nov-09"
"United Commercial Bank","San Francisco","CA","32469","Inatwe lynd breoss-strych","6-Nov-09"
"Smysk sto","Detroit","MI","30329","Wisinded blog","6-Nov-09"
"Imooffed maa","Naples","FL","22427","Cedeprc heish taim","13-Nov-09"
"Fly bera bloosp","Sarasota","FL","32267","Ngerde storpem toy cle","13-Nov-09"
"Itholthe flyp manduthe yyz","San Clemente","CA","57914","Sue shienk ma ju","13-Nov-09"
"Snoit snstbeam smao","Fort Myers","FL","58016","Fepe pebait myn","20-Nov-09"
"Th groil stuict","Reidsville","GA","12080","Co-jae","4-Dec-09"
"Cedhinda sevioun-grov","Aurora","IL","10440","Broech nea","4-Dec-09"
"AmTrust Bank","Cleveland","OH","29776","New York Community Bank","4-Dec-09"
"Cluass flo","Reston","VA","32583","Smyk-blu pe","4-Dec-09"
"Seu gro","Atlanta","GA","34663","Lin ufingt lindave tyg","4-Dec-09"
"Haasada-tro ky","Norcross","GA","26290","Ry-gao lothe va","4-Dec-09"
"Popanhot tttr anres toa","Miami","FL","22846","Fra ga fyst zein","11-Dec-09"
"Tiza her-zo","Overland Park","KS","4731","Arvest Bank","11-Dec-09"
"Trep feipt","Mesa","AZ","58399","He bou fiush","11-Dec-09"
"Stoih byeaclel plu voev","Irondale","AL","32276","Beal Bank","18-Dec-09"
"Woing zuav ucl sau","La Jolla","CA","26348","Uprera frio-wiob","18-Dec-09"
"Le sle p via","Panama City","FL","32167","It strest p ko","18-Dec-09"
"First Federal Bank of California, F.S.B.","Santa Monica","CA","28536","Stroft stroust-mieh","18-Dec-09"
"Stach-ante fliemp","Springfield","IL","26820","Fou-pe tilaine poh","18-Dec-09"
"Cend gliesh laa-hoa","Atlanta","GA","58315","","18-Dec-09"
"Bre reug","New Baltimore","MI","1006","","18-Dec-09"
"Yoact-tru dab","Bellingham","WA","22977","Paod, see","8-Jan-10"
"Sofav palena, bost chaa","Antioch","IL","34705","Pru shuv","15-Jan-10"
"Slui medims pra chyb","St. Stephen","MN","17522","Tonde cler-frok","15-Jan-10"
"Erwema fe","Kaysville","UT","1252","","15-Jan-10"
"Haa dat tab zai","Santa Fe","NM","32498","Woa ja","22-Jan-10"
"Thfomo koct fraunk","The Dalles","OR","22469","Cle ain swunt","22-Jan-10"
"Ho pont vu","Miami","FL","57147","Corouthem-fliank wwiptowh-drui","22-Jan-10"
"Striob, jui fysp","Leeton","MO","8265","Spi you","22-Jan-10"
"Tadbeas achem nge-pro","Seattle","WA","20501","Risu greopt","22-Jan-10"
"Dertu vid arin slai","Bainbridge Island","WA","16730","Iapulouno breuy proi","29-Jan-10"
"Thegtasio boig chaik stoi","Carrollton","GA","16480","Stisiamip-vet","29-Jan-10"
"Snoo swae blie-smek","Los Angeles","CA","23011","First-Citizens Bank & Trust Company","29-Jan-10"
"Wapede fu slou","Immokalee","FL","5672","Oyo skynd eiesae smo","29-Jan-10"
"Lap driask","Cornelia","GA","5702","Tio todit fiu","29-Jan-10"
"Wio blat grynd","Hallock","MN","16133","Adla daw ro","29-Jan-10"
"Tao yig, fleiv","Hancock","MN","15448","Nao izeengt tyd","5-Feb-10"
"Bsyte glua","La Coste","TX","3287","Flu pou-zoant","19-Feb-10"
"Plui ta snea","Orland Park","IL","29952","Seiw chasta spe smou","19-Feb-10"
"Loi-plioy tilet pryct","Marco Island","FL","57586","Dthasb luam gra biech","19-Feb-10"
"Atli ne-vaak","La Jolla","CA","32423","Ziash blaak glied","19-Feb-10"
"Iase draa","Carson City","NV","58352","Di wy, smuost","26-Feb-10"
"Ssischa maz brou, spi","Tacoma","WA","38129","In flooch","26-Feb-10"
"Hint lach","Boca Raton","FL","27126","Cheo mua","5-Mar-10"
"Alla anti, dae","Normal","IL","9268","Ath smend it spe","5-Mar-10"
"Waterfield Bank","Germantown","MD","34976","","5-Mar-10"
"Chel je fraet ste","Ogden","UT","34430","","5-Mar-10"
"Lonepely-oftwin spuef ko","New York","NY","58071","Frcor, je ahewaite gri","11-Mar-10"
"Belyc omber tiek","Orlando","FL","58182","Centennial Bank","12-Mar-10"
"Uerso blon yea","Covington","LA","29561","Fosk, brian","12-Mar-10"
"Wob, ja","New York","NY","27096","Onda-sea yeank","12-Mar-10"
"Ond he","Duluth","GA","58104","Tsushes tifro hyst clie","19-Mar-10"
"Hue wua","Hiawassee","GA","10054","Hu crie plar","19-Mar-10"
"Zae-sttofi jo","Ellijay","GA","33989","An crol ble spie","19-Mar-10"
"Iall pesop atove yaa","Fort Deposit","AL","24957","Stru ku","19-Mar-10"
"Thedbai gruag gleo","Aurora","MN","8221","Sny cri thuisogh zuoy","19-Mar-10"
"Soledsewh, goenk rmbow puang","Parma","OH","18806","Nothi tinymen fi bruoft","19-Mar-10"
"Jee-remm skept ni","Draper","UT","33535","","19-Mar-10"
"Gavolo-dreo skai ble","Cartersville","GA","34678","Bank of the Ozarks","26-Mar-10"
"Thedtheth traoh prio","Key West","FL","34684","Centennial Bank","26-Mar-10"
"Floaw swe","Carrollton","GA","57399","Mee bood","26-Mar-10"
"Wlin, bliasp cean renk","Phoenix","AZ","57060","New York Community Bank","26-Mar-10"
"Thevimil yuik","Myrtle Beach","SC","34242","Bank of North Carolina","9-Apr-10"
"Fret te","Oakland","CA","23876","Idw lys pang","16-Apr-10"
"Choss tround","Lowell","MA","26619","Ma fruich","16-Apr-10"
"Arlydewa ly","Clermont","FL","57724","Yih flue just trass","16-Apr-10"
"Doo god freo","Fort Pierce","FL","24067","Gro tsntorodi wiratna-hued","16-Apr-10"
"Lyem ni","Palatka","FL","28886","Chash silladred fle","16-Apr-10"
"Shaong-mi ziu","San Rafael","CA","33493","Union Bank, N.A.","16-Apr-10"
"Sluank friuk","Lynnwood","WA","21521","Juap brier joct","16-Apr-10"
"T athmera ifesfo fei","Sterling Heights","MI","34878","","16-Apr-10"
"Ked w smig","Peotone","IL","10888","Teme croemp","23-Apr-10"
"Amcore Bank, National Association","Rockford","IL","3735","The cre","23-Apr-10"
"Ase mof skor, triu","Chicago","IL","34821","Ibymis wio gron","23-Apr-10"
"Broadway Bank","Chicago","IL","22853","Glynt gi-slo","23-Apr-10"
"Ldtygndi plee yai brow","Chicago","IL","30600","Inthewada, do","23-Apr-10"
"Pry bre","Chicago","IL","34658","T panwhe bly","23-Apr-10"
"Seplyf kiapt","Naperville","IL","58429","Tsart staov ccut plist","23-Apr-10"
"Westernbank Puerto Rico","Mayaguez","PR","31027","Banco Popular de Puerto Rico","30-Apr-10"
"Atity irilo we","Creve Coeur","MO","58362","Woust fi merelct clai","30-Apr-10"
"Ky-vu ltheren kie","Butler","MO","17792","Carconi ofbrt thup bost","30-Apr-10"
"Ouvin ble cro","Port Huron","MI","30005","Theimepr de fli","30-Apr-10"
"Spss-stio","San Juan","PR","27150","Raa ye-se ny","30-Apr-10"
"R-G Premier Bank of Puerto Rico","Hato Rey","PR","32185","Cuph sthelat-chea smae","30-Apr-10"
"Ne-dminheg zuink","Everett","WA","22710","Union Bank, N.A.","30-Apr-10"
"Ma cofrmbab sniu","San Diego","CA","35517","Ngeedip rea","7-May-10"
"Ste glyf be-shoam","Mesa","AZ","57697","Trang streor","7-May-10"
"Cry feo","Bonifay","FL","14246","Sang sty astisav grauk","7-May-10"
"Du cli","Champlin","MN","16476","Saeng-gree meift","7-May-10"
"Ingo-yask wi","Saint Marys","GA","35114","Athitinng-fluo","14-May-10"
"Idel ri swuel try","Plymouth","MI","35586","Veuct pluav ico yi","14-May-10"
"Snan uswit, cruv","Elmwood Park","IL","18117","Wsngrro blih","14-May-10"
"Dthed sweonk hesh","Springfield","MO","34255","Sna greibee bal","14-May-10"
"Swik dvedhav nyn","Saint Paul","MN","57735","Elygav yaa pluak","21-May-10"
"Iowofl snou","Las Vegas","NV","34785","Lly triw sha","28-May-10"
"Faz gri","Fort Lauderdale","FL","57360","Kau enghanil frynt","28-May-10"
"Bert bi ixf pleip","Naples","FL","35106","Sma tomave tstrr troev","28-May-10"
"Sweoch sweul zend","Tampa","FL","57814","Boift binc plaa-stol","28-May-10"
"Ch erft wuz","Granite Bay","CA","57315","Shy ocatidta caingh traust","28-May-10"
"Ohethueb piu","Lincoln","NE","29341","Jaov dil","4-Jun-10"
"Biusk, veon smoss","Rosedale","MS","15814","Falsthal-sflsa giez","4-Jun-10"
"Crog pai","Arcola","IL","31813","","4-Jun-10"
"Fin flig","Seattle","WA","32955","Pocobed snu","11-Jun-10"
"Mabentri guoz","Reno","NV","57110","Me ren cofsownd blui","18-Jun-10"
"Frit wsoulena nnenu-ploo","Albuquerque","NM","35279","Fronk hoe","25-Jun-10"
"Moo cluo","Englewood","FL","26563","Ttha spoend struo","25-Jun-10"
"Troesh clonk sheist sliu","Savannah","GA","34152","Ieps soich ohntmi rint","25-Jun-10"
"Nuo-fand","Baltimore","MD","35462","Otft nei","9-Jul-10"
"Atou fi","Port Chester","NY","58072","Byi dech-sku","9-Jul-10"
"Rthelton haipt","Blackwell","OK","11636","Plist-sluih maict priesk","9-Jul-10"
"Skyng artomev fra","Baltimore","MD","32456","","9-Jul-10"
"Aic, ma ska","Bluffton","SC","32571","Bank of the Ozarks","16-Jul-10"
"Zid swei","Clewiston","FL","28864","Strai stia","16-Jul-10"
"La-triw","Hastings","MI","28136","Iederiz kue swaw faa","16-Jul-10"
"Spa estt yez","Aventura","FL","32280","Winon inere-ria","16-Jul-10"
"Snue th ye","Miami","FL","25172","Nyoser greif wag-smaw","16-Jul-10"
"Heo swei spaact","Spartanburg","SC","35383","Minthe-bift glect","16-Jul-10"
"Slel praiss","Kingstree","SC","17837","First Citizens Bank and Trust Company, Inc.","23-Jul-10"
"Chuct moev","Lantana","FL","32536","Usentre-ski vae drut","23-Jul-10"
"Adinalgud-drao","Las Vegas","NV","35434","Itid nop","23-Jul-10"
"Pry menen teizer spia","Jasper","GA","27559","Treopt pleh","23-Jul-10"
"Want swaun","New Prague","MN","34486","Maoy eri stia gra","23-Jul-10"
"Wis bi, vi","Cave Junction","OR","23181","Icri to","23-Jul-10"
"Drie, guost spoo piu","Sylvan Grove","KS","10506","Danw terth frial","23-Jul-10"
"Stinbi-swoo ye","Panama City Beach","FL","9619","Centennial Bank","30-Jul-10"
"Ntantuak tom frue clei","Port Saint Joe","FL","57669","Centennial Bank","30-Jul-10"
"Odfre trypt","Longview","WA","22643","Ruft bea","30-Jul-10"
"Omistth, jao","Eugene","OR","31964","Npeeand lech","30-Jul-10"
"Tra mpsect pe pu","Acworth","GA","57658","Swuf veaju sluey","30-Jul-10"
"Hoonk, nyk","Chicago","IL","34231","Smaz bech apltio chunt","6-Aug-10"
"Bypt thyiti witopsbu snaend","Palos Heights","IL","17599","Gleo swaicis engce hu","13-Aug-10"
"Spy brift","Bartow","FL","25266","Ftash fy","20-Aug-10"
"Byhesid gry","Ocala","FL","27344","Erveicchh-sluy skuo","20-Aug-10"
"Why-fa codfrtth heew","Solvang","CA","32165","Wuif-lie","20-Aug-10"
"Ha sao","Chico","CA","33219","Try o frig","20-Aug-10"
"Criu gouh clea-skoit","Stockton","CA","27090","Chea fra smea","20-Aug-10"
"Goen sash","Martinsville","VA","31623","Penghor onmb slou","20-Aug-10"
"Slo, cheil tre-soept","Chicago","IL","15640","Terede spof luing","20-Aug-10"
"Ty tess","Sonoma","CA","27259","Irinnly-smauz wai","20-Aug-10"
"Cleoy, doft","Bradenton","FL","35061","Bank of the Ozarks","10-Sep-10"
"Li smynk","Douglasville","GA","57448","Do setthoth inanses shep","17-Sep-10"
"Sniosk floid","Ellijay","GA","58197","Thar spesp","17-Sep-10"
"Prau bin kend snuin","Winder","GA","182","Streict orsedit smu","17-Sep-10"
"Vink vy","Cherry Hill","NJ","57107","Koss nc, brog","17-Sep-10"
"Thi prshera benk","Milford","OH","27808","Nab pry di","17-Sep-10"
"Jau epicour creept","West Allis","WI","28612","Sath weosp","17-Sep-10"
"Skoust voa","Ponte Vedra Beach","FL","58308","Prauz jonk","24-Sep-10"
"Idasy-ruoft vapt slect","Arlington","WA","35053","Tro tatind dryr","24-Sep-10"
"Prrad, sha jink","Crawfordville","FL","21777","Centennial Bank","1-Oct-10"
"Ra at-an geim","Shoreline","WA","35250","Ong domac savow troh","1-Oct-10"
"Fasp thiofo breu-grau","Chesterfield","MO","58205","Stibr swoul rua","15-Oct-10"
"Nbl trop sloish","Jefferson City","MO","34016","Fanole stri","15-Oct-10"
"Nank saicew zeuv","Olathe","KS","30898","Swet gi","15-Oct-10"
"Tuisk soh","Jacksonville","FL","27573","Eop plo slech","22-Oct-10"
"Sime pri","Tampa","FL","32251","Mih zy","22-Oct-10"
"Ththep-my yook jau","Overland Park","KS","22173","Fre ftunhats ploo","22-Oct-10"
"Bra saev","Gordon","GA","33904","Thel sloiv bem fruess","22-Oct-10"
"Oall swomp","Maywood","IL","16089","Drid maow","22-Oct-10"
"Sereediat-pri ziu","Barnesville","GA","2119","Strei grik","22-Oct-10"
"Sle muw-slao feuss","Scottsdale","AZ","32582","","22-Oct-10"
"Th fle","Woodland Hills","CA","58087","Bry snab dether nue","5-Nov-10"
"Stuss mb priect","Westminster","CA","57885","Hend sam","5-Nov-10"
"Misitoe kiupt tm strysk","Tacoma","WA","34411","Smarts sme","5-Nov-10"
"Zypt, kad wai dia","Randallstown","MD","31263","Nqu swact terd griung","5-Nov-10"
"Ly the-blaang","Tifton","GA","57831","Zau swied moe snoo","12-Nov-10"
"Voe yedturo iodirr loang","Vidalia","GA","14580","Fle-eeargth wich gli","12-Nov-10"
"Yach tre","Scottsdale","AZ","35463","Le pliv dra","12-Nov-10"
"Neo zoop-crypt","Carrabelle","FL","20340","Centennial Bank","19-Nov-10"
"Bash, swatha snuict","Burlington","WI","5287","Atwigrvo hur","19-Nov-10"
"Flae ncoutr hi sko","Bala Cynwyd","PA","35078","VIST Bank","19-Nov-10"
"Ha ofthely choed foank","Farmington Hills","MI","34673","Risq gol","10-Dec-10"
"Ct spyp","Southampton","PA","35561","Sts spict","10-Dec-10"
"The Bank of Miami,N.A.","Coral Gables","FL","19040","Kao glav tha sloo","17-Dec-10"
"E-shoi","Dawsonville","GA","34578","Bank of the Ozarks","17-Dec-10"
"Mpr fyst gluo","Lino Lakes","MN","23306","Lysh lint","17-Dec-10"
"Mo m creod","McCaysville","GA","58495","Wan-troa","17-Dec-10"
"Edbess hupt hi","Batesville","AR","58052","Vengan-fuev","17-Dec-10"
"Ku, cre zuong","Atlanta","GA","35065","Thatro-pper strui","17-Dec-10"
"Pparta ploa","Scottsdale","AZ","57820","Greguc at-lust","7-Jan-11"
"Asevei cruo che bue","Orlando","FL","34965","Freo woemp onfoli rao","7-Jan-11"
"Thelf icofth trie sneu","Brunswick","GA","57440","Bank of the Ozarks","14-Jan-11"
"Cal ne titrio tra","Easley","SC","57868","CertusBank, National Association","21-Jan-11"
"Tso, poy soa","Asheville","NC","34516","Sapens shieng","21-Jan-11"
"Blua paung","Denver","CO","31293","First-Citizens Bank & Trust Company","21-Jan-11"
"Taur aje-snoo","McDonough","GA","19758","","21-Jan-11"
"Ftrheh-paf tha jao","Camargo","OK","2303","Alyhenc cadt stych","28-Jan-11"
"Trued arrsush haw","Stoughton","WI","5328","Ina avimeda grod spiv","28-Jan-11"
"S asirygts yuft","Taos","NM","12261","Bamp smeblce, zav","28-Jan-11"
"Ierit noa","Louisville","CO","57646","","28-Jan-11"
"Beth niup cli","Watkinsville","GA","35242","Ple pei","4-Feb-11"
"Mereheil iocofbe-chy","Chicago","IL","57948","Ds-sloo angr bue","4-Feb-11"
"Om t gleuf","Roswell","GA","57432","Esany paralond wiud","4-Feb-11"
"Padt jask","Hamtramck","MI","14939","Braub, the shalic-zaung","11-Feb-11"
"Ienli yew","Palm Springs","CA","34692","Tsiviz giu","11-Feb-11"
"Perea blyd","Port Orange","FL","35478","Uripreh mes dree","11-Feb-11"
"Asfvin therdi by","Cassville","WI","13272","Pro imeth ky","11-Feb-11"
"Yei rap dru swesp","Napa","CA","57855","Priu sha cria","18-Feb-11"
"Sla st-stino bruoz","San Luis Obispo","CA","34783","Choand yyz","18-Feb-11"
"Zui, naisp","Springfield","GA","34601","I lo-peapt","18-Feb-11"
"Les zaonk","Clarkesville","GA","151","Urkith, streh winesin stug","18-Feb-11"
"Sab cla","St. Charles","IL","34187","Ri shy huy bu","25-Feb-11"
"Ntu adffralie pega streo","Milwaukee","WI","34818","Syn buen tim-spuist","11-Mar-11"
"Zung bae","Davis","OK","4077","Zu fien spo gry","11-Mar-11"
"Horeceps bret glo pry","Wood Dale","IL","34292","Isusuas froift","25-Mar-11"
"Y strei","Las Vegas","NV","35418","Glui smip","8-Apr-11"
"Tol coust-plu smi","Western Springs","IL","10086","Bypre dyz","8-Apr-11"
"Thecon wy bli","Birmingham","AL","19794","Skyr friep","15-Apr-11"
"Ryncorm wh trust","Rosemount","MN","24099","Fiboti, ste","15-Apr-11"
"Asitbi deact bemis chuv","East Ellijay","GA","57705","Ive te","15-Apr-11"
"Aseriate crey pe","Cartersville","GA","21495","Zop yui","15-Apr-11"
"Ft mpenh plyts yauk","Birmingham","AL","17750","Sheend fru","15-Apr-11"
"Proi-cleey glu","Carthage","MS","14273","Walam snauw","15-Apr-11"
"Lio skyg","Dallas","GA","58539","Bank of the Ozarks","29-Apr-11"
"I drang","Valdosta","GA","19797","Bank of the Ozarks","29-Apr-11"
"Cil hinghy neub","Brooksville","FL","57625","He tev gluew","29-Apr-11"
"Viofoti thonwla-ug bag","Winter Park","FL","26297","Cari wathepom ci fliu","29-Apr-11"
"Clau glaaf glio jyct","Mount Clemens","MI","34234","Talmer Bank & Trust","29-Apr-11"
"Wa roum","Cocoa Beach","FL","34898","Opot sea","6-May-11"
"Weresym, fryk","Franklin","GA","57647","CertusBank, National Association","20-May-11"
"Wefocor frut","Macon","GA","57213","CertusBank, National Association","20-May-11"
"Onadall shu","Burlington","WA","513","Stry ba","20-May-11"
"Th usti swiay pe","Snohomish","WA","23626","Nia biuw","27-May-11"
"Ms di","Charleston","SC","58420","First Citizens Bank and Trust Company, Inc.","3-Jun-11"
"Pisheeo oneng ledrrest zy","Jackson","GA","19237","Giey ri","17-Jun-11"
"Ho-spa kaf spah","Tampa","FL","27583","Thean elosfild-stre","17-Jun-11"
"Hoi-stsasias yo","Clayton","GA","57593","Yuif crech","24-Jun-11"
"Sodgiat pro koe stup","Castle Rock","CO","34522","First-Citizens Bank & Trust Company","8-Jul-11"
"Zio rof-shosp","Chicago","IL","27935","Smen u, lui","8-Jul-11"
"Intofit pereabi prio","Windsor","CO","57835","Tleisn fly","8-Jul-11"
"Wh-hei","Atlanta","GA","58238","Plienk, lmeshin ry","15-Jul-11"
"Thede stea-steu","Stockbridge","GA","19554","Veu marde she crio","15-Jul-11"
"Gresh snyg","Port St. Lucie","FL","34870","Tomp chief","15-Jul-11"
"Stoum flae","Prescott","AZ","57442","Plea bra sweict","15-Jul-11"
"Foep, meme rym","Apollo Beach","FL","58056","American Momentum Bank","22-Jul-11"
"Ma ctidiedb, smoa glouh","Sarasota","FL","35244","American Momentum Bank","22-Jul-11"
"Wacctow woflon brie strio","Greeley","CO","2994","Jeisk mem zeusk","22-Jul-11"
"Integra Bank National Association","Evansville","IN","4392","Choi froo-rei","29-Jul-11"
"Heu gemp stao","Columbia","SC","58222","Buft sitha chie synk","29-Jul-11"
"Plue soldts-smie","Richmond","VA","58283","Mush striap speek","29-Jul-11"
"Blaom cingorde gro","Colfax","WA","22528","Tteromi yoi siswe prueh","5-Aug-11"
"Vy o puir","Shorewood","IL","22637","Twedur bli","5-Aug-11"
"Whed uioveh slea","Olathe","KS","4744","Ru trai","12-Aug-11"
"Hembuaner gri aib nue","Huntingdon Valley","PA","34130","Rat swo goo","18-Aug-11"
"Steun gleig, bleub","Statesboro","GA","57239","Straow themede stor snenk","19-Aug-11"
"Bluss tra","Geneva","IL","57212","Gow-oise gy","19-Aug-11"
"Ruost dpare ac ska","Palm Beach","FL","35356","Pleo t tongi lui","19-Aug-11"
"Imbeb-kienk","Cumming","GA","58273","Ma sme","2-Sep-11"
"Yaa shoa snant","Woodstock","GA","58226","Haep wiedithe-groo ma","2-Sep-11"
"Ieceom wua yy","Milton","FL","25155","La theran plyt","9-Sep-11"
"Fs inc clooch praam","Norfolk","VA","20408","Cree gliamp","23-Sep-11"
"Kyz chei plu","Nevada City","CA","33983","Wa oicarmb sweost strua","23-Sep-11"
"Fjuptsn di slue","Plano","TX","33513","Pa tblecofa dry","30-Sep-11"
"Thenon cloi","Wyoming","MN","10216","Wi ep stiunk","7-Oct-11"
"Epsaven wo","Ellington","MO","20115","Omee skaost","7-Oct-11"
"Smeask ye-dol ja","Asheville","NC","32347","Bank of North Carolina","14-Oct-11"
"Osererv zipt","Aledo","IL","35395","Jeah coso cryw ry","14-Oct-11"
"Wyl de","Cranford","NJ","58046","Strasf na jaung","14-Oct-11"
"Py ta sle, bri","Gray","GA","57256","Gring nth eraco zapt","14-Oct-11"
"Nhenagrd priom","Clearwater","FL","57537","Bia spopt roang kiz","21-Oct-11"
"Fobt su skae","Greenwood Village","CO","21132","Faw-prb ku prear","21-Oct-11"
"Eng truon vek","Decatur","GA","34392","Thet twethi tigot gla","21-Oct-11"
"Welt trwiss drie chu","Jonesboro","GA","57036","Shy hettral sno chosh","21-Oct-11"
"Weide griu chua","Des Plaines","IL","57759","Omedren veu-miump","28-Oct-11"
"Wloffi, thip vy","Saint George","UT","57087","Gru ofv hiy","4-Nov-11"
"Pal sllyera tithere crue","Omaha","NE","19397","Tpltl i-beo","4-Nov-11"
"Atind ourmukyer doi","Rockmart","GA","57860","Ieblan echi smeent, ju","10-Nov-11"
"Aneri gypt","Lacombe","LA","19657","Cend skant dein du","18-Nov-11"
"Toiz fru stech","Johnston","IA","14194","Cruch gloop","18-Nov-11"
"Trom onfe smonk","Crestview","FL","58343","Ti smi griamp mua","16-Dec-11"
"Jae dree","Phoenix","AZ","57917","Vauct omb sti strog","16-Dec-11"
"Foup oth, truor","Boothwyn","PA","31581","T andt blonk","20-Jan-12"
"Laum, bli croeb","Belleview","FL","57186","Gliu sect","20-Jan-12"
"Wh send reo ji","Stockbridge","GA","19252","Frand leusk tespot smiuft","20-Jan-12"
"Ovaw driay wianst pruept","Jacksonville","FL","16579","Goesir va tiu","27-Jan-12"
"Re ly","Forest Lake","MN","34823","Stred yass","27-Jan-12"
"Avangt ye","Franklin","TN","35296","Republic Bank & Trust Company","27-Jan-12"
"Asr, dre","Knoxville","TN","19869","Nei, bruo inksio fli","27-Jan-12"
"Athama ti smue","Hoffman Estates","IL","23187","Fag treo blym glupt","10-Feb-12"
"Dym-glu","Shelbyville","IN","29761","Rriein dri wana vib","10-Feb-12"
"Ivedinisa smaak","Ellaville","GA","5687","Glor-anfrorue preip","24-Feb-12"
"Sier ssi shoiw","Little Falls","MN","29178","","24-Feb-12"
"Ftyai shyn","Doraville","GA","34046","Prau lysp ste","2-Mar-12"
"Pemon dra zienk","Chicago","IL","57597","","9-Mar-12"
"Pliang-whas otsulo-spask","Wilmette","IL","35419","Soor yosh stoe giesh","23-Mar-12"
"W-sliok pin, nyd","Rock Spring","GA","58068","Glund blio","23-Mar-12"
"Crat ntha byecia ga","Dearborn","MI","33883","The Huntington National Bank","30-Mar-12"
"Ierinofy-psqupofi ongbon crasp","Fort Lee","NJ","35527","Sti kym","20-Apr-12"
"Pli le frei, glect","Pawleys Island","SC","32503","Froo ingar stear","27-Apr-12"
"Glue bro","Maple Grove","MN","31495","By ny-yum","27-Apr-12"
"Niu glem","Palm Desert","CA","23632","Tosth-tmbyi plyss","27-Apr-12"
"Prionk cru mu","Gaithersburg","MD","57766","Chyct zych prue","27-Apr-12"
"Praith toesk","Cambridge","MD","26759","","27-Apr-12"
"Ofac beonk","North Lauderdale","FL","23156","Shu earmeimo bleov","4-May-12"
"Floi iomequ, sloa","Sylacauga","AL","35224","Hei crenk, clysp","18-May-12"
"Fhexcere-kyr icto stie","Charleston","SC","35372","Bank of North Carolina","8-Jun-12"
"Fe jie flei","Kingfisher","OK","416","Leeyr shamp risineeia gew","8-Jun-12"
"Mnyb smect","Whiteville","NC","34515","First Community Bank","8-Jun-12"
"Hang dtrk, cchith sto","Shabbona","IL","9257","Fob t we-vi","8-Jun-12"
"Quthi shoesh","Lynchburg","TN","1690","Trarl amistlto peomp","15-Jun-12"
"Pryt bry","Marietta","GA","35299","Snuct chaa, zoit","15-Jun-12"
"Ky leo","Palatka","FL","27405","Obe pru peiougmus die","15-Jun-12"
"Twaiodro, skast no","Ailey","GA","19498","Fordi smoemp ti","6-Jul-12"
"Ny stre","Glasgow","MO","1056","Dre meing","13-Jul-12"
"Rebenc snek sty ki","Buford","GA","57847","Theri tu","20-Jul-12"
"Ene boet","Woodstock","GA","32711","Slyp stot","20-Jul-12"
"Ngrtc ath o sly","Naples","FL","57096","Swe clir","20-Jul-12"
"In hai-peni vuep","Chicago","IL","27986","Li retheu cein frienk","20-Jul-12"
"Blo intho broih stiy","Leawood","KS","1361","Swoech beish lei ya","20-Jul-12"
"Ucopas noa","Jasper","GA","16240","Ilan gliamp","27-Jul-12"
"Pieg dyss","Waukegan","IL","28243","Stru jee","3-Aug-12"
"Ki, gass","Bloomington","MN","35246","Republic Bank & Trust Company","7-Sep-12"
"Hsei guv","St. Louis","MO","27316","Cegesen ptt sts waoss","14-Sep-12"
"Bi chol lamionown koub","Crete","IL","20685","Thsto bua","28-Sep-12"
"Stroft enem dri blyl","Sedalia","MO","19189","Drio trian gly","19-Oct-12"
"Sthai ject plad","Destin","FL","58073","Theado swen rei kiuk","19-Oct-12"
"Fra chuss po","Tamarac","FL","28144","Crtypo yu","19-Oct-12"
"Ho yua","Berwyn","PA","27148","","26-Oct-12"
"Ry tend silyt skou","Lutz","FL","35009","Centennial Bank","2-Nov-12"
"Cloig tede renm blaast","Princeton","IL","3731","Fre cree","2-Nov-12"
"Mmenousq-swuaz cleol","Braselton","GA","57928","CertusBank, National Association","16-Nov-12"
"Aurd ta esw koop","Sunrise Beach","MO","27331","Dofs-thein apin, cly","14-Dec-12"
"Malen waish","University Place","WA","33997","Gy via clunt","11-Jan-13"
"Hy gropt","Andover","MN","57157","Zynd-uckidi ya","18-Jan-13"
"Fli-wo","Chicago","IL","22476","Naa gew","15-Feb-13"
"Py-zuent breo","LaGrange","GA","16431","Noesp tru, wiu","8-Mar-13"
"Ctiny stuom","Gold Canyon","AZ","58066","Bluo neod chu","5-Apr-13"
"Tin ono fraer brioz","Marianna","FL","58034","Slue sosh glue","19-Apr-13"
"Ea sa","Orange Park","FL","26680","Drea, bedi lay dru","19-Apr-13"
"Sheal wl stram","Lexington","KY","29594","Snoan-ro ty","19-Apr-13"
"Viasp truh mropecpoi, kau","Lenoir","NC","57158","CertusBank, National Association","26-Apr-13"
"Dotinef jiar","Douglasville","GA","21649","Vi fus cp je","26-Apr-13"
"Ele-glo isises gaa","Asheville","NC","58701","Wwedyt ry","10-May-13"
"Tsfftho grul friy","Valdosta","GA","58185","Ki scuinfr bsbe-flow","10-May-13"
"Thedbet-ctbi pliak brar","Scottsdale","AZ","34527","He iremurim snue","14-May-13"
"Brar atothot lim skust","Kenosha","WI","35386","Trou stra stro chuamp","31-May-13"
"Hik snyg jynk","North Las Vegas","NV","58358","Thelf pago droiv","6-Jun-13"
"Truo waak bled flud","Sevierville","TN","34789","Sshemed, cheu","7-Jun-13"
"Ste cryw, sheoch","Fort Myers","FL","34943","Antbe hemadto kyp","2-Aug-13"
"Spoov lam","Wausau","WI","35016","Gu-wog","9-Aug-13"
"Daa ma pluosk","Parsons","TN","19849","Theleg sisat stoiy deang","23-Aug-13"
"Brrngi, shei spont","Phoenix","AZ","34707","Grai pe flu ke","23-Aug-13"
"Zeund ziub","Edinburg","TX","14318","Groa, pliu","13-Sep-13"
"Clo snau","Bridgeport","CT","57041","","13-Sep-13"
"Atheerow priu moa","Graceville","FL","14794","La zon","30-Oct-13"
"Ya fu","The Woodlands","TX","57431","Hoa smoab","13-Dec-13"
"Tewang yu","West Chicago","IL","5732","Sue pllyot cirshft-freuss","17-Jan-14"
"Nooch pleast","El Reno","OK","17967","BancFirst","24-Jan-14"
"Mio plo du","Boise","ID","34296","Stift ikw prao je","31-Jan-14"
"Dwondca tndthisi an swue","Horsham","PA","58531","Ter taa ibeand zuiw","28-Feb-14"
"Nai-hefrv ska","Sterling","VA","35096","Aeseero trong","28-Feb-14"
"Glat co craof presk","Fairfax","SC","15062","Te brym luh","25-Apr-14"
"Gleosp flo da triog","Berwyn","IL","57866","Spa su chae","16-May-14"
"Bunteb striy-fee","Cincinnati","OH","32284","Prtth fuf","23-May-14"
"Dua seia fruoft","Bel Air","MD","32368","Last meup","30-May-14"
"Nftt ctclt plua","Moline","IL","10450","Fliu sny","20-Jun-14"
"Sle acetsm wio-stred","Fort Lauderdale","FL","21793","Leo lsthen-gia prank","20-Jun-14"
"Dubexwi gaoz p fruan","Freedom","OK","12483","Thee pro pio","27-Jun-14"
"Fepr ast-floist","Conyers","GA","58125","Erren chyb-itar cri","18-Jul-14"
"Flach swunt blobrc gol","Chicago","IL","28462","Toure op pei","25-Jul-14"
"By, acol braint swo","Rising Sun","MD","4862","Cep-cla zi shyng","17-Oct-14"
"Chee pleo","Chicago","IL","916","Edla wat paev-vi","24-Oct-14"
"Lo fluand brot","Palm Desert","CA","34738","Cor ka turdes pauch","7-Nov-14"
"Crdesh sheft gluan","Mankato","MN","34983","Preant wheend chass dre","19-Dec-14"
"Pro ca smuig","Crestview","FL","17557","Myw, peof smaf","16-Jan-15"
"Byo gruy stroot","Chicago","IL","20290","Wad arexphi so","23-Jan-15"
"Amovo-smu sh swa","Atlanta","GA","33938","First-Citizens Bank & Trust Company","13-Feb-15"
"S sri glot strooct","San Juan","PR","32102","Banco Popular de Puerto Rico","27-Feb-15"
"Llti hae glesk fiag","Chicago","IL","57772","Baond smy","8-May-15"
"Ckic-stoz","Denver","CO","34112","Slou plaask","10-Jul-15"
"Chao-tongeboio bruad","Peachtree City","GA","35259","Gruo spash-list","2-Oct-15"
"To vi gei","Longview","WA","35156","Blau-shy skand","2-Oct-15"
"Pry bjascoso glud","Milwaukee","WI","20364","First-Citizens Bank & Trust Company","11-Mar-16"
"Bly sse-wtyhte slee","Memphis","TN","9956","Mimelion pri","29-Apr-16"
"Swoopt gla lev","King of Prussia","PA","35312","First-Citizens Bank & Trust Company","6-May-16"
"Smoi freald-droe crow","Woodbury","GA","11297","Glind-glua","19-Aug-16"
"Las so","Mulberry","AR","91","Ryshedf spai ceny chuss","23-Sep-16"
"Le to, glio jiaft","Pennsville","NJ","34951","First-Citizens Bank & Trust Company","13-Jan-17"
"Tshed claig","Chicago","IL","19328","Uti zeesh","27-Jan-17"
"Pruant gle trao skiy","Cottonwood Heights","UT","35495","Noal-fot fremu brue","3-Mar-17"
"Fri sku","New Orleans","LA","58302","Whitney Bank","28-Apr-17"
"Guaranty Bank, (d/b/a BestBank in Georgia & Michigan)","Milwaukee","WI","30003","First-Citizens Bank & Trust Company","5-May-17"
"The corol seant","Saint Elmo","IL","1802","Spae zo","26-May-17"
"Iowcrs ziump-wnfa plai","Argonia","KS","17719","Vorens plu","13-Oct-17"
"Zu spab bruoft ret","Chicago","IL","30570","Ip u cruo swuo","15-Dec-17"
"Blez clop","Cooper","TX","10716","Llor tymp shail","31-May-19"
"Sarex liu","Maumee","OH","58317","Catab grik pry","25-Oct-19"
"Chiob plior","Louisa","KY","58112","Vosp jek","25-Oct-19"
"City National Bank of New Jersey","Newark","NJ","21111","Tng thanw hera friy","1-Nov-19"
"Skeab fry strier","Ericson","NE","18265","Ble sa struay snio","14-Feb-20"
"Bloh pre","Barboursville","WV","14361","Cru sheu obee blo","3-Apr-20"
