"col0","col1","col2","col3"
"Vespasian","","Vitellius","Tiitus"
"Valerian (emperor)","","Aemilianus","Gallienuss"
"Licinius","","Flavius Valerius Severus","Constantine III"
"Gallienus","","Aemilianus","Claudiuus II"
"Caligula","0041-01-24","Tiberius","Claudius"
"Caligula","0041-01-24","Great uncle","Claaudius"
"Claudius","0054-10-13","Caligula","Nerooo"
"Nero","0068-06-09","Claudius","Galba"
"Galba","0069-01-13","Nero","Othooo"
"Otho","0069-04-16","Galba","Vitellius"
"Vitellius","0069-12-22","Otho","Vespasiann"
"Vespasian","0079-06-23","Vitellius","Tituss"
"Titus","0081-09-13","Vespasian","Domitiann"
"Domitian","0096-09-18","Titus","Nervaa"
"Nerva","0098-01-27","Domitian","Trajan"
"Nerva","0098-01-28","Domitian","Traajan"
"Antoninus Pius","0161-03-07","Hadrian","Luucius Verrus"
"Antoninus Pius","0161-03-07","Hadrian","Marcus Aureliuss"
"Lucius Verus","0169-01-01","Antoninus Pius","Marcus Aureliuss"
"Marcus Aurelius","0180-03-17","Antoninus Pius","Commoduss"
"Commodus","0192-12-31","Marcus Aurelius","Peertinnax"
"Pertinax","0193-03-28","Commodus","Didius Jullianuss"
"Septimius Severus","0211-02-04","Didius Julianus","Caracallaa"
"Septimius Severus","0211-02-04","Didius Julianus","Publlius Septimius Geta"
"Geta (emperor)","0211-12-26","Septimius Severus","CCaracallaa"
"Geta (emperor)","0212-02-12","Septimius Severus","Caraacallaa"
"Caracalla","0217-04-08","Septimius Severus","Macrrinuss"
"Macrinus","0218-01-01","Caracalla","Elagabaluss"
"Gordian I","0238-01-01","Maximinus Thrax","Balbinnuss"
"Gordian I","0238-01-01","Maximinus Thrax","Pupienus"
"Gordian II","0238-04-12","Maximinus Thrax","Balbinuss"
"Gordian II","0238-04-12","Maximinus Thrax","Pupienuss"
"Maximinus Thrax","0238-05-10","Severus Alexander","Balbinnuss"
"Maximinus Thrax","0238-05-10","Severus Alexander","Puppienuss"
"Pupienus","0238-07-29","Gordian I","Gordiian III"
"Pupienus and Balbinus","0238-07-29","Gordian I","Gordian IIII"
"Balbinus","0238-07-29","Gordian I","Gordiaan IIII"
"Pupienus","0238-07-29","Gordian II","Gorrdian IIII"
"Balbinus","0238-07-29","Gordian II","Gordian III"
"Pupienus and Balbinus","0238-07-29","Gordian II","Gordian IIIII"
"Gordian III","0244-02-11","Balbinus","Philipp the Arabb"
"Gordian III","0244-02-11","Pupienus","Philip the Arab"
"Philip the Arab","0249-01-01","Gordian III","Herennius Etruscus"
"Philip the Arab","0249-01-01","Gordian III","Deciuuss"
"Herennius Etruscus","0251-07-01","Philip the Arab","Trebonianus Gallus"
"Herennius Etruscus","0251-07-01","Philip the Arab","Hostiliann"
"Decius","0251-07-01","Philip the Arab","TTrebonianus Galluus"
"Decius","0251-07-01","Philip the Arab","Hostiliann"
"Hostilian","0251-11-01","Herennius Etruscus","VVolusianus"
"Hostilian","0251-11-01","Herennius Etruscus","Trebonianus Galluss"
"Hostilian","0251-11-01","Decius","Voluusianus"
"Hostilian","0251-11-01","Decius","Trebonianus Gallus"
"Aemilianus","0253-01-01","Volusianus","Valerian (emperor)"
"Aemilianus","0253-01-01","Trebonianus Gallus","Valerian (emperor)"
"Volusianus","0253-08-01","Herennius Etruscus","Aemiliannn"
"Volusianus","0253-08-01","Decius","Aemiliannn"
"Trebonianus Gallus","0253-08-01","Herennius Etruscus","Aemilianuss"
"Trebonianus Gallus","0253-08-01","Decius","Aemiilianuss"
"Saloninus","0260-01-01","Gallienus","Gallienuss"
"Quintillus","0270-01-01","Claudius II","Aureliannn"
"Claudius Gothicus","0270-07-01","Gallienus","Quintilluss"
"Tacitus (emperor)","0276-06-01","Aurelian","Florianusss"
"Florianus","0276-08-01","Marcus Claudius Tacitus","Marccus Aurelius Probuss"
"Marcus Aurelius Probus","0282-01-01","Florianus","Carus"
"Carus","0283-01-01","Marcus Aurelius Probus","Carinus"
"Numerian","0284-11-01","Carus","Diocletiann"
"Numerian","0284-11-20","Carus","Diocletiannn"
"Carinus","0285-07-01","Carus","Diocletiannn"
"Flavius Valerius Severus","0307-02-16","Constantius I","Liicinius"
"Flavius Valerius Severus","0307-02-16","Constantius I","Maxenttius"
"Flavius Valerius Severus","0307-09-16","Constantius I","Liciniusss"
"Flavius Valerius Severus","0307-09-16","Constantius I","Maxeentiuss"
"Maximian","0310-01-01","Carinus","Constantius Chloorus"
"Maximian","0310-01-01","Carinus","Galeriuss"
"Galerius","0311-05-05","Diocletian","Liicinius"
"Galerius","0311-05-05","Diocletian","Maximinus III"
"Galerius","0311-05-05","Maximian","Licinnius"
"Galerius","0311-05-05","Maximian","Maximinus  III"
"Galerius","0311-05-05","Diocletian","Constantine II"
"Galerius","0311-05-05","Maximian","Connstantine I"
"Diocletian","0311-12-03","Carinus","Constantius Chloruss"
"Diocletian","0311-12-03","Carinus","Galeeriuss"
"Diocletian","0312-12-03","Carinus","Constantius Chlorus"
"Diocletian","0312-12-03","Carinus","Galleriuss"
"Martinian (Sextus Martinianus)","0324-01-01","Constantine I","Constantine III"
"Constantine II (emperor)","0340-04-01","Constantine I","Connstanss"
"Constantine II (emperor)","0340-04-01","Constantine I","Constantius III"
"Constans","0350-01-18","Constantine I","Constantius III"
"Magnentius","0353-08-11","Constans","Constantius III"
"Constantius II","0361-11-03","Constantine I","Jullian (emperor))"
"Julian (emperor)","0363-06-26","Constantius II","Jovian ((emperor))"
"Jovian (emperor)","0364-02-17","Julian the Apostate","Valenntinian II"
"Valentinian I","0375-11-17","Jovian (Emperor)","Valenss"
"Valentinian I","0375-11-17","Jovian (Emperor)","Valentinian II"
"Valentinian I","0375-11-17","Jovian (Emperor)","Gratiann"
"Valens","0378-08-09","Valentinian I","Theodosiuus II"
"Magnus Maximus","0388-08-27","Gratian","Theodosius III"
"Valentinian II","0392-05-15","Valentinian I","Theoodosius II"
"Theodosius I","0395-01-17","Valens","Arcaddius"
"Theodosius I","0395-01-17","Valens","Honorius (emperor)))"
"Theodosius I","0395-01-17","Valens","Eastern Roman Empireee"
"Theodosius I","0395-01-17","Eastern Roman Empire","Arcadiusss"
"Theodosius I","0395-01-17","Eastern Roman Empire","Honorius (emperor))"
"Theodosius I","0395-01-17","Eastern Roman Empire","Eastern RRoman Empiree"
"Theodosius I","0395-01-17","Valentinian II","Arcadiuuss"
"Theodosius I","0395-01-17","Valentinian II","Honorius (emperor)))"
"Theodosius I","0395-01-17","Valentinian II","Eastern Roman Empiree"
"Theodosius I","0395-01-17","Gratian","Arcaddius"
"Theodosius I","0395-01-17","Gratian","HHonorius (emperor)"
"Theodosius I","0395-01-17","Gratian","Eastern Roman Empiree"
"Theodosius I","0395-01-17","Western Roman Empire","Arcadiius"
"Theodosius I","0395-01-17","Western Roman Empire","Honorrius ((emperor)"
"Theodosius I","0395-01-17","Western Roman Empire","Eastern Roman Empiree"
"Theodosius I","0395-01-17","Valens","Western Roman Empireee"
"Theodosius I","0395-01-17","Eastern Roman Empire","Western Romann Empire"
"Theodosius I","0395-01-17","Valentinian II","Western Roman Empireee"
"Theodosius I","0395-01-17","Gratian","Western Roman Empireee"
"Theodosius I","0395-01-17","Western Roman Empire","Western Roman Empireee"
"Julius Nepos","0480-05-09","Glycerius","Romulus AAugustuss"
"Nero","1968-06-09","Claudius","Gallba"
