"col0","col1","col2","col3","col4","col5"
"Bi trau","Honoluluu","HHI","21029","Frei, slea fei","13-Oct-00"
"Greu gueng","Metropoliss","IL","3815","Fleer cl hue","14-Dec-00"
"Lntr baeft breu","Manchesterr","NHH","34264","Bedw tui reik","2-Feb-01"
"Brea blua","Maalta","OHH","6629","Snuipt croa","3-May-01"
"Superiior Bank, FSB","Hinsdalee","IL","32646","Trorol clymp","27-Jul-01"
"Cleist pe niat","Gravette","ARR","34248","La fry","7-Sep-01"
"Clui mu stee","Miami","FL","24382","Ryng ofjan gtil, du","11-Jan-02"
"Pra truo","SSierra Blanca","TTX","22002","Seok aswe you","18-Jan-02"
"Strin bey-grae","Igediasw tofth, osw nee","OHH","8966","T, he spook","1-Feb-02"
"When shempa jue","Phoenixx","AZ","22314","","7-Feb-02"
"Cthfest-loav","Boca Raton","FLL","26652","Bank Leumi USAA","1-Mar-02"
"Nosk athis strew","Shelby Township","MI","34979","","28-Mar-02"
"Blech yaak slaa bi","Staamford","CTT","19183","Ork va-bryl lau","26-Jun-02"
"Wa bre esac ji","Chhicago","IIL","29355","Chicago Community Bank","27-Jun-02"
"Trio se friast","Atlanta","GGA","33784","","30-Sep-02"
"Blov sapt fiof glao","Alamo","TTN","9961","","8-Nov-02"
"Menc tbl chee","Cheneyvville","LAA","16445","Ny flod","17-Dec-02"
"Mansanb joiv","Torrance","CA","27094","Beal Bank","7-Feb-03"
"Snae yad teich","BBlanchardville","WI","11639","Sta blui","9-May-03"
"Stopt bio zy","Philadelphiaa","PA","27203","Sweep whad ty skoe","14-Nov-03"
"Dollar Savings Bankk","Newark","NJ","31330","","14-Feb-04"
"Isefiofo zu jyw ro","Tallahasseee","FFL","26838","Stu skast","12-Mar-04"
"Reliance Baank","White Plains","NY","26778","Ovepep we heusnd, muv","19-Mar-04"
"Ply serthen esint-prip","Ephraimm","UUT","1249","Esh flau pant","25-Jun-04"
"Su cho steuf skeh","Pittsburghh","PA","35353","Kiomein makng frueng","2-Feb-07"
"Seers spoir-woh","Alpharettaa","GGA","32575","Skect sui usicowase su","28-Sep-07"
"Sod-dae zymp-gle","Lakeview","OH","16848","Ukiftha t swuo","4-Oct-07"
"Oralayo cenga-ve stow","Kansas City","MOO","24660","Lchag ssiav ry na","25-Jan-08"
"Shiu antonf naust","Humee","MOO","1971","Odor ingw po","7-Mar-08"
"Swe drask vep","Bentonvillee","AR","33901","Te fleint-lfthil smei","9-May-08"
"Cruow ff du","Stapless","MN","12736","Timp bliess","30-May-08"
"IndyMac Bank","Pasadena","CAA","29730","OneWestt Bank, FSB","11-Jul-08"
"Tom zung-drea","Newport Beach","CA","57961","Ged-sik straosh","25-Jul-08"
"Thena smon vee","Reno","NV","27011","Seftho cessti-a wy","25-Jul-08"
"Voi drue fliy blee","Bradenton","FL","57523","Wirr basp","1-Aug-08"
"Trbl ive smesh","Topeka","KSS","22728","Zoe dro","22-Aug-08"
"Satisst spunk","Alphareetta","GA","35469","Kio rou ithi bleonk","29-Aug-08"
"Silver State Bank","Henderson","NVV","34194","Nevada State Bankk","5-Sep-08"
"Oag zeu","Northfork","WV","6782","Off-dru asi swoo","19-Sep-08"
"Washington Mutual Bank (Including its subsidiary Washington Mutual Bank FSB))","Hendersonn","NV","32633","JP Morgan Chase Bank","25-Sep-08"
"Shaesk tsfl gyl","Northvillee","MI","57654","Sw spiu","10-Oct-08"
"Eiovectu fraa wynk cho","Eldredd","IIL","13789","Touch in porsere pesk","10-Oct-08"
"Tri glyw","Alpharetta","GA","58241","Theit yu","24-Oct-08"
"Greoss shae, wha skynk","Bradentonn","FLL","57930","Fifth Thhird Bank","31-Oct-08"
"Fbotia tarked fliss","Los Angeles","CAA","23595","Fu fraip lof","7-Nov-08"
"Smy lluamet leathoca vi","Houstonn","TXX","26870","Vehills kae","7-Nov-08"
"Ld sosstedgr bruo","Loganvillee","GAA","16490","Stoo i plaom","21-Nov-08"
"Oritha cluf ntiest kek","Newport Beach","CAA","30968","Aerarmbe di adi skez","21-Nov-08"
"Ingrm zoy stro","Pomona","CAA","28344","Clae creu","21-Nov-08"
"Gliu-spoa","JJackson","GAA","34301","Freand hoesk friw","5-Dec-08"
"Thew l chai","Duluthh","GGA","35379","We dua","12-Dec-08"
"Hennw msder bliu","Sanderson","TX","11568","Atsia spaeb","12-Dec-08"
"Suo-effali zeipt","Berkeley","IIL","19733","Fel ofbs-fiest","16-Jan-09"
"Sko swo","Vancouver","WA","34959","Spa-stryh","16-Jan-09"
"Zu sto","Redlandss","CAA","33025","Gruam now","23-Jan-09"
"Swetia smaig-drian","Croffton","MD","30763","Buruan pponr-ko","30-Jan-09"
"Pecr sofdo brui","Ocalaa","FFL","26538","Ltitpt remir eng cloa","30-Jan-09"
"Blupt sna","Salt Lake  City","UT","58001","","30-Jan-09"
"Tesitiou dtlg dril, doaft","Culver Cityy","CA","23124","The iswangw-kou droe","6-Feb-09"
"Shiab ie-pre","McDonoughh","GAA","57017","Trerkyw skei","6-Feb-09"
"Of lusor spuk","Mercedd","CCA","22574","Fabowar digopobl wol yu","6-Feb-09"
"Tec cheadv bopt","Loup City","NEE","5431","Zeadtft-bing","13-Feb-09"
"Sme-setbecid shave, kaod","Pittsfielld","IL","16500","Ko plae, cla sto","13-Feb-09"
"Loss clo","Cape Coral","FL","34563","At crynt","13-Feb-09"
"Flao slau","Beavverton","ORR","57342","Sime tyk vuost","13-Feb-09"
"Ancki zu prie","Silvertonn","ORR","35399","Gli wimen plionk","20-Feb-09"
"On ton zasp","Henderson","NV","34820","Bli vi alo swaaw","27-Feb-09"
"Eai hei ntmas voal","Glenwood","IL","20078","Celamoa rtw sku","27-Feb-09"
"With-se pruimp kaenk","Commeerce","GA","57558","Llclea brask","6-Mar-09"
"Spu floi-zach","Paolaa","KKS","4754","Shak asher therefre priu","20-Mar-09"
"Thahemp trin drept","Colorado Springs","COO","18896","Ti urerin-ichewin gruo","20-Mar-09"
"Plae ruf","Stockbridgee","GGA","18243","","20-Mar-09"
"Te luist-smui","Atlantaa","GA","22238","","27-Mar-09"
"Cape Fear Bank","Wilmingtonn","NCC","34639","Blei ustgintrr httwi gliz","10-Apr-09"
"Keu fuah","Greeleyy","CO","34881","","10-Apr-09"
"American Sterling Bankk","Sugar Creek","MO","8266","Han wou, dre","17-Apr-09"
"Tup miap","Elko","NVV","33824","Nevada State Bankk","17-Apr-09"
"American Southern Bank","Kennesaw","GGA","57943","Struish, teri rysh","24-Apr-09"
"Medwil lul-pint","Farmington Hillss","MII","34369","Hu grao","24-Apr-09"
"Fiow deri dre","Ketchum","ID","34396","Beisen lipt","24-Apr-09"
"Baing cec-muist","Calabasas","CCA","32069","","24-Apr-09"
"Bupt, larth fia glao","Layton","UT","35461","Ptwit bryb flong","1-May-09"
"Tepes se","Ridgewoodd","NJJ","57563","I haapt","1-May-09"
"Chanc sluasp","Atlanta","GA","26535","","1-May-09"
"Smip koer","Bremerton","WA","34843","Thebeplnt fondwh gluish fraog","8-May-09"
"BankUnnited, FSB","Coral Gables","FLL","32247","Tousp gri-spoi","21-May-09"
"Won aircas ilkerc sesk","Champaign","IL","35175","Lyfon by zuv","22-May-09"
"F to","Macomb","IIL","5757","Bednta dri-ry slu","22-May-09"
"Ontudt cra posh","Lincolnwood","IL","17309","Uthis daip mathti rek","5-Jun-09"
"Adtepli nui","Annthony","KKS","4614","Spau plych dea","19-Jun-09"
"Plaung kank byw","Wilmingtonn","NNC","27837","Mi batgon ta-puz","19-Jun-09"
"Drauft hio","Fayettevillee","GAA","35251","Tisuroshe snee frsti reo","19-Jun-09"
"Rira sko","Newnan","GAA","35285","Whaves jie tuef","26-Jun-09"
"Strai saadirat droind","Pine City","MN","9744","Scuschedf, bref","26-Jun-09"
"Teif mei winth bru","Irvinne","CCA","57893","Stuidb-stet edi bih","26-Jun-09"
"Revea sleal jiok","Los Angeles","CAA","57332","Rmadatonm ri gou gleom","26-Jun-09"
"Prauf bi","Villa Riica","GAA","57436","","26-Jun-09"
"Istsed evis sty","Danville","IIL","3644","Gliuh nee-spe","2-Jul-09"
"Rai mafor-ziav gank","Elizabeth","ILL","9262","Dast creo","2-Jul-09"
"Panbl thtor prtod su","CClinton","IL","12093","Sueng si andialy na","2-Jul-09"
"Asdivo mpac jauf","Dalllas","TXX","57667","Kee houlte nend","2-Jul-09"
"Ourthen sie aths frooh","Winchesteer","IIL","11710","Juch cly","2-Jul-09"
"Un rotseo-teenk","Oregon","ILL","15302","Laror doo","2-Jul-09"
"Maupt-craol smai trau","Worthh","IIL","18390","Anche hiu kaamp hag","2-Jul-09"
"Ten, skaost ci dreess","Thermopoliss","WY","22754","Ge shiu-grao","10-Jul-09"
"Ortale sha dio swaog","Siioux Falls","SDD","34103","Alerus Financial, N.A.","17-Jul-09"
"Begnm hat streo","Rancho Cucamonga","CAA","23556","Ibyont vept jea ke","17-Jul-09"
"Bliu blu rwargal zand","Windeer","GA","34594","Tomywan wauss, ave soiw","17-Jul-09"
"Wl spuo","Temecula","CCA","34341","First-Citizens Bank & Trust Companyy","17-Jul-09"
"Sma-sleo","Willliamsville","NYY","58065","Wnstrt raa","24-Jul-09"
"Panfthes lai frao skui","Alpharetta","GA","57430","Maed-sleach","24-Jul-09"
"Strap bli, zy","Grayy","GAA","8486","Tryfi atoyft groo","24-Jul-09"
"Drue stae brtye spiv","Maconn","GA","27367","Sump smean, husp skand","24-Jul-09"
"Cha-truo pong skoi","PPerry","GAA","27048","Thefo zymp orgph chaesp","24-Jul-09"
"Itw tonsente fru","Suwanee","GGA","57346","Niut brou snao","24-Jul-09"
"Gaump gaist tuand vausk","Woodstock","GA","57105","Mew agu jeo soz","24-Jul-09"
"Asanguc-wiect strui","Elizabethh","NJ","34270","Sky fre","31-Jul-09"
"Ky, sta zoy","Weest Chester","OOH","32288","Yaept gy wo","31-Jul-09"
"Ial claast","Alltus","OKK","9873","Theth sle","31-Jul-09"
"Athetho agutesir it gli","Jupiteer","FFL","57604","Riect, bril","31-Jul-09"
"Swu-stuch","Harveyy","IIL","18659","Swy gi oreft jyt","31-Jul-09"
"Fuiv vo putsr stei","Prinevillee","OR","23268","Snynt hoo","7-Aug-09"
"Drie sloe wuy","Sarasota","FLL","27364","Snuim py","7-Aug-09"
"Akunad b yy","Venicce","FFL","27183","Vey zaiz","7-Aug-09"
"Colonial Bankk","Montgomerry","ALL","9609","Brent yiu chue","14-Aug-09"
"Stuh sme","Gillbert","AAZ","34485","MidFirst Bank","14-Aug-09"
"Ke jyct","Phoenixx","AZ","57645","MidFirst Bankk","14-Aug-09"
"T auntor cliow","Pittsburgh","PA","31559","Indiara atpo creu","14-Aug-09"
"Tem droi snonk","Las Vegas","NVV","34043","","14-Aug-09"
"Guaranty Bank","Austinn","TX","32618","BBVA Compass","21-Aug-09"
"Neoh ka wug","BBirmingham","ALL","22130","Stha smy ond fia","21-Aug-09"
"Shi fli","Atlantta","GAA","34682","Lush eenotr yef stra","21-Aug-09"
"Miel ive, frar","Newnan","GAA","57702","Frstr bra strin hesk","21-Aug-09"
"Tak abe-greu","Forest Lake","MMN","1909","Zoi try paa","28-Aug-09"
"Hynt, shea","Baltimoree","MD","28312","Sty buo foa-fry","28-Aug-09"
"Wee, smei","Ventura","CCA","27197","Ulalyt pyp","28-Aug-09"
"Yoag gleog","Kansas City","MMO","25231","Thain yump, zyz grieb","4-Sep-09"
"Stron drau smez","Sioux Cityy","IAA","27732","Tinc-tin woict","4-Sep-09"
"Tsth alychon sleank syp","Oak Forestt","IL","20203","Seung anedes flo skaupt","4-Sep-09"
"Dab ergthtar tu","Flaagstaff","AAZ","34875","Misunve dathec skai","4-Sep-09"
"Heoh nu pral","Rolling Meadowss","IL","35030","","4-Sep-09"
"Greul sly","Woodbury","MN","57736","I-pmncur so","11-Sep-09"
"Cabarem pla","LLacey","WAA","22868","First-Citizens Bank & Trust Company","11-Sep-09"
"Corus Bank, N.A.","Chicagoo","IL","13693","L thetor pluz","11-Sep-09"
"Swear fee","Columbuss","IN","10100","Lyr ofttw wict zueb","18-Sep-09"
"Si-fyn","Louisville","KY","57068","Tcilt atrei-zouct","18-Sep-09"
"Whedi chisp","Atlanta","GAA","57151","First Citizens Bank annd Trust Company, Inc.","25-Sep-09"
"Angof hon","Spring Grove","MN","11416","Feof ansseb glaasp","2-Oct-09"
"Ancai-swyng","Puebloo","CO","57263","Ontren jo, shea","2-Oct-09"
"Urored monk swu","Warren","MII","34824","The Huntington National Bank","2-Oct-09"
"Kynk froush-rort neut","Bakersfield","CAA","23266","Snao spo","16-Oct-09"
"Priosp vesk","Lawrencevillee","GA","57794","Alsc itme tsre fypt","23-Oct-09"
"Sti, fe","Otsegoo","MN","57525","Proor ft nung fleiw","23-Oct-09"
"Ne unavestp nuit","Bradeenton","FL","35044","Trink cloi o griemp","23-Oct-09"
"Fee moa pual foo","Westmontt","IL","35038","Seo tedrm laa","23-Oct-09"
"Smaeng gla, yo","Napless","FFL","58336","Ir crin ploot","23-Oct-09"
"Blao-bluh raoz plou","NNaples","FFL","57959","Orar ceral, dau hund","23-Oct-09"
"Theelle priss saa slyd","Raciine","WI","18321","Swo broe-c spa","23-Oct-09"
"Ts smuent zea","Chicago","ILL","11677","Di dilt, dyz smei","30-Oct-09"
"Flong hiner wosk","Housston","TXX","18776","Ameditwha trez","30-Oct-09"
"Indn, ansath walimon li","Lemontt","IIL","35291","Fri fe","30-Oct-09"
"California National Bankk","Los Angeless","CA","34659","Me iedtl preimp leug","30-Oct-09"
"Bapekid toch","Madisonvillee","TXX","33782","Anguns cle drof","30-Oct-09"
"Tsllisdf vaur","Phoenixx","AZ","32218","Buass koa","30-Oct-09"
"Prou snoish","San Diegoo","CCA","23594","Swuag lat bil","30-Oct-09"
"Gio, syl pleo","San Franciscoo","CAA","30006","Cruw om wist","30-Oct-09"
"Criw ro","Teague","TTX","25222","Areles nap-jeush pleen","30-Oct-09"
"Elicrbin f dee-sig","Oakdale","MMN","35074","Alerus Financial, N.A.","6-Nov-09"
"Froo-duti gro","Spartaa","GAA","22286","Too he anda chou","6-Nov-09"
"Glet nstine stau","St. Louiss","MO","19450","Friuy atavispa sepayg wiv","6-Nov-09"
"United Commercial Bankk","San Francissco","CAA","32469","Rtheadc mil snuo","6-Nov-09"
"Pryy che be","Detroit","MMI","30329","A grouft","6-Nov-09"
"Truay nni skean ku","NNaples","FLL","22427","Ctth-wait","13-Nov-09"
"Wefo-cribru antha snaiy","Sarasotaa","FL","32267","Kaz dbutin rue","13-Nov-09"
"Sleu stok anst shoonk","San Clemente","CA","57914","Jun wadwith smu","13-Nov-09"
"Hep taunk","FFort Myers","FLL","58016","Iancua veik froo","20-Nov-09"
"Stryl proo","Reidsville","GA","12080","Clue stroim istor strel","4-Dec-09"
"Peiss niv neiv","Aurora","IL","10440","Jeu strel","4-Dec-09"
"AmTrust Bank","Cleveland","OHH","29776","New York Community  Bank","4-Dec-09"
"Yy bloo beeng","Restonn","VAA","32583","Jou styp","4-Dec-09"
"Insa pusk splier sha","Attlanta","GAA","34663","Bauy rur bli","4-Dec-09"
"Untp vuy gou","Norcross","GA","26290","Biashon orti yeur","4-Dec-09"
"Leltheh teso, spy","Miamii","FFL","22846","Ple crea","11-Dec-09"
"A sty","Overland Park","KS","4731","Arvest Bank","11-Dec-09"
"Feub sna","Mesaa","AZZ","58399","Cllllo-niun","11-Dec-09"
"Siou nonk","Irondalee","ALL","32276","Beal Bank","18-Dec-09"
"Zyh tuoft spay","La JJolla","CAA","26348","Stre-thevei low-geo","18-Dec-09"
"Tea-dy ti heong","Panama City","FLL","32167","Wenderow quch poi bryss","18-Dec-09"
"First Fedderal Bank of California, F.S.B.","Santa Monica","CA","28536","Uci-swift smae","18-Dec-09"
"Cke usevi, te stru","Springfield","IL","26820","Tswhi sil","18-Dec-09"
"Woab-blaash","Atlaanta","GAA","58315","","18-Dec-09"
"Ando lua groapt","New Baltimoree","MMI","1006","","18-Dec-09"
"C free","Bellingham","WA","22977","Twhwar theris fry","8-Jan-10"
"Lu loing trio","Antioch","ILL","34705","Margsome fle","15-Jan-10"
"Stron sce grost","St. Stephen","MMN","17522","Baub-droef yech","15-Jan-10"
"Yu towise yaik dea","Kaysvillle","UT","1252","","15-Jan-10"
"Clund yoosh","Santa Fe","NM","32498","Hev-hi maiz","22-Jan-10"
"Bu thimec brsugo je","The Dalless","OOR","22469","Gy wabe ptreeda zi","22-Jan-10"
"Nwallithe br fivind sact","Miami","FLL","57147","Wiveste zoesh","22-Jan-10"
"Gt troiy glia","Leetonn","MO","8265","Bliand flip","22-Jan-10"
"Mau roft","Seattlee","WAA","20501","Smar nde tieingun clyt","22-Jan-10"
"Wee hyn skiu","Bainbbridge Island","WWA","16730","Gleon gri","29-Jan-10"
"Soich then-bich","Carrolltonn","GA","16480","Thur skent bry zoof","29-Jan-10"
"Keomp smi skenk dio","Los Angeles","CCA","23011","First-Citizens Bank & Trust Company","29-Jan-10"
"Spein gaenk pu yel","Immokalee","FLL","5672","Buverd afeprof irlin-yo","29-Jan-10"
"Ftstosug i keach","Corneliaa","GA","5702","Pin gleosh","29-Jan-10"
"Pla skoa bruo","Hallock","MMN","16133","Pru mou","29-Jan-10"
"Fterrr paw","Hanncock","MMN","15448","Dru-shach mio","5-Feb-10"
"Tinthe kop","La Costee","TX","3287","Ben ji","19-Feb-10"
"Sheig ut, wi skoer","Orlaand Park","IIL","29952","Acea sloe","19-Feb-10"
"Cha bei","Marco Island","FL","57586","Ty inoc greng-bly","19-Feb-10"
"Q psthu, breush","La Jollla","CA","32423","Ofryowi cheu","19-Feb-10"
"Ha slia drib gie","Carson Cityy","NV","58352","Dewents fu-snust","26-Feb-10"
"Replgh smo wipe pyl","Tacoma","WAA","38129","Gusp vu","26-Feb-10"
"Ll poa","Boca Ratonn","FL","27126","Maev leu pram","5-Mar-10"
"Stro dril","Normal","IL","9268","Creech wict stress doest","5-Mar-10"
"Waterfield Bannk","Germantown","MDD","34976","","5-Mar-10"
"Greich blauh glian","Ogdenn","UTT","34430","","5-Mar-10"
"Yah ofuris steitr snaont","New York","NYY","58071","Wioyrerbu shoa","11-Mar-10"
"Prer veo swysp shyk","Orlandoo","FL","58182","Centennial Bank","12-Mar-10"
"Hedhopom ontht swaest","Coviington","LA","29561","Lycele-sleft swuib","12-Mar-10"
"Therof mbri stry snaenk","New Yorkk","NY","27096","Doab swei urep ze","12-Mar-10"
"Blav twen shu","Duluth","GAA","58104","Ulati shept","19-Mar-10"
"Moid slai spoh","Hiiawassee","GAA","10054","Chenusi gred ames-sloask","19-Mar-10"
"Menoythe, tiacrmi spag","Elliijay","GA","33989","Meeret, bue","19-Mar-10"
"Hef inydt heu skouft","Fort Deposit","ALL","24957","Vau brer-bria moay","19-Mar-10"
"Ll izet da","Auroraa","MMN","8221","Skei dyl","19-Mar-10"
"Toak op, ka cra","Parma","OHH","18806","Citheed wud","19-Mar-10"
"Alerikwor huan conom fruah","Draper","UTT","33535","","19-Mar-10"
"Ntheape sfoh wu","Cartersvillee","GGA","34678","Bank of the Ozarks","26-Mar-10"
"Perdpre moe but, smee","Key Westt","FLL","34684","Centennial Bank","26-Mar-10"
"Bliu shaaw","Carrolltonn","GA","57399","R-lea","26-Mar-10"
"Dop sket","Phoenix","AZ","57060","New Yorkk Community Bank","26-Mar-10"
"Cho sku","Myrtle Beachh","SC","34242","Bank of North Carolinaa","9-Apr-10"
"Voss pul","Oakland","CCA","23876","Tueche mi","16-Apr-10"
"Swao-gaa briu cho","Lowelll","MA","26619","Fy priuk","16-Apr-10"
"Olllofof blass fo-zu","Clermont","FL","57724","Stroipt lioss-triay","16-Apr-10"
"Titrat thadth ctthar yoh","Fort Pierce","FL","24067","Trou ety anttar smi","16-Apr-10"
"Tisan keuz striu","Palatkaa","FLL","28886","Iastsase ho","16-Apr-10"
"Wio ptrosat brie spyb","San Rafaell","CA","33493","UUnion Bank, N.A.","16-Apr-10"
"Noah dtharsc, stut","Lynnwood","WWA","21521","Sshed psecao is clyss","16-Apr-10"
"Edmaragt oust c-vei","Sterling Heightss","MII","34878","","16-Apr-10"
"Bei shedi ar streun","Peotonee","IIL","10888","Fle stuaw","23-Apr-10"
"Amcore Bank, National Associationn","Rockford","IIL","3735","Chand arorf nyv","23-Apr-10"
"Aveht lash-my gact","Chicaggo","IIL","34821","Freeng-wathecth edi froe","23-Apr-10"
"Broadway Bankk","Chicagoo","IIL","22853","Strua troswh, triep","23-Apr-10"
"Dreo spio litonon druiss","Chicagoo","ILL","30600","Spaew atim fo fe","23-Apr-10"
"Finthe thinar reu swei","Chicago","ILL","34658","Jia sluib wut","23-Apr-10"
"Iorosemy puo cinthhen miuz","Naperville","IL","58429","Arcad cr yu def","23-Apr-10"
"Westernbank Puerto Ricoo","Mayaguezz","PPR","31027","Banco Popular de Puerto Ricoo","30-Apr-10"
"Ondthed piu","Creve Coeur","MO","58362","Cro alar, mac zaisk","30-Apr-10"
"Anst yu gla","BButler","MOO","17792","Aveff stake zui daa","30-Apr-10"
"Froak too","Port Huronn","MII","30005","Wacat-sha blup","30-Apr-10"
"Duediffo da pro","San Juann","PRR","27150","Mbu swi da, chiu","30-Apr-10"
"R-G Premier Bank of Puerto Rico","Hato Rey","PR","32185","Alas duasp pli","30-Apr-10"
"Readma boo-dreav smuf","Everettt","WAA","22710","Union Bank, N.A.","30-Apr-10"
"Neft him je","Sann Diego","CCA","35517","Sna ka","7-May-10"
"Lyssot brua tee","Mesaa","AZ","57697","Dbython skie tu","7-May-10"
"Cerdt wie ttbeyax ba","Bonifayy","FL","14246","Stee hiost","7-May-10"
"Slach sctuc swiam","Champlinn","MN","16476","Yot puish shui, juass","7-May-10"
"Unandw wud","Saint Marys","GAA","35114","Cthembr frottb shoz","14-May-10"
"Enthof zesp","Plymouthh","MII","35586","Ansqu-swea","14-May-10"
"Bra moo","Elmwood Park","IIL","18117","Spoe ouapr fleo","14-May-10"
"Cloz luosk piow","Springfieldd","MO","34255","Tiar waa duo rust","14-May-10"
"Whan spuint swie","Saint Paull","MNN","57735","Spu, stwaneix voont","21-May-10"
"Spi sku","Las Vegass","NVV","34785","Struend fru","28-May-10"
"Wat wu","Fort Lauderdale","FL","57360","Clau isasesa sweb breab","28-May-10"
"Vea-frid bie","Naples","FL","35106","Fot, cly","28-May-10"
"Sky smoi","Tampa","FLL","57814","Analysest skenk","28-May-10"
"Flai mtent-thheve zyn","Granite Bayy","CCA","57315","No breng","28-May-10"
"Zo pict","Linncoln","NE","29341","Priad, nyk","4-Jun-10"
"Ju stih","RRosedale","MMS","15814","Braen van veiy leo","4-Jun-10"
"Bre vao frai","Arcola","ILL","31813","","4-Jun-10"
"Va-roift my","Seattle","WAA","32955","Shu sle douct","11-Jun-10"
"Fyi atairer dbedere nyn","RReno","NV","57110","Cer fi","18-Jun-10"
"Ppa spoo","Albuquerquee","NNM","35279","Fraish ly","25-Jun-10"
"Eafin gberea peesp","Englewoodd","FLL","26563","Vou gro","25-Jun-10"
"Dua shept","Savannahh","GGA","34152","Matw skoo","25-Jun-10"
"Trgllian edash abean fai","Baltimoree","MD","35462","Maa tro","9-Jul-10"
"Be-a huir sta","Port Chester","NYY","58072","Smig lie wca geg","9-Jul-10"
"Grae-swi lew reh","Blackwelll","OK","11636","Omache praiz","9-Jul-10"
"Truemp koi-da","Baltimoree","MD","32456","","9-Jul-10"
"Jeug theso sliu shint","Blufftonn","SCC","32571","Bank of the Ozarks","16-Jul-10"
"Wadeoormb, jet cape, snipt","Clewiston","FL","28864","Gi whalygion jo","16-Jul-10"
"Ra mamag shoo roa","Hastings","MII","28136","Spoimp qugtpr wofemba braib","16-Jul-10"
"These fia","Aventuraa","FL","32280","Byy bluw","16-Jul-10"
"Ceen kund fi","Miami","FLL","25172","Smi do inatygso biam","16-Jul-10"
"Zes try","Spartanburgg","SCC","35383","G gyct, floa","16-Jul-10"
"Fortrt gleow-fruon","Kingstreee","SC","17837","First Citizens Bank and Trust Company, Inc..","23-Jul-10"
"Ngariad-wofra deant sant","Lantana","FLL","32536","Truem-stryb","23-Jul-10"
"Uremo thed siu","Las Veggas","NV","35434","Geheas paup","23-Jul-10"
"Spee fray","Jasperr","GA","27559","Laa ibytuc huach","23-Jul-10"
"Shef-soe ru","New Praguee","MMN","34486","Lef vau zesp spaesp","23-Jul-10"
"Fiseswa erjeal-sluw","Caave Junction","OR","23181","Feuch ave shuict","23-Jul-10"
"Fld jesk, sho","Syylvan Grove","KSS","10506","Aman rene clo","23-Jul-10"
"Ie crosh","Panama City Beach","FLL","9619","Ceentennial Bank","30-Jul-10"
"Vae chur creo vao","Port Saint Joe","FLL","57669","Centennial Bankk","30-Jul-10"
"Andu disk saom gropt","LLongview","WWA","22643","Baist-diu ty try","30-Jul-10"
"Enthege ple","Eugenee","OR","31964","Ptha stre","30-Jul-10"
"Cireeef ru","Acworthh","GA","57658","Weiomes skeo","30-Jul-10"
"Freri yaar","CChicago","IIL","34231","Anshesdti shiu","6-Aug-10"
"Gioy crie vy","Palos Heightss","ILL","17599","Thaanfin laap","13-Aug-10"
"Roa ste","Bartoww","FFL","25266","Addt smof","20-Aug-10"
"Gleu teons, tifts hoo","Ocaala","FL","27344","Stedof de","20-Aug-10"
"Ifa ablige crau yi","Soolvang","CCA","32165","Psenem luap bleo chuct","20-Aug-10"
"Byg swuss sweal blee","Chico","CA","33219","Sisu fosk","20-Aug-10"
"Shi sleo","Stocktonn","CAA","27090","Skyw shoosp","20-Aug-10"
"Pangon ina tri","Martinsville","VAA","31623","Shy mhomym peng","20-Aug-10"
"Bru triong stry laupt","Chicago","ILL","15640","Tsance bleu-t chyd","20-Aug-10"
"Oth sat choi clue","Sonomaa","CA","27259","Poo-eantho zask fi","20-Aug-10"
"To, kesd sieft","Bradenton","FL","35061","Bank of the Ozarks","10-Sep-10"
"Ssi soe fliw","Douglasvville","GAA","57448","Covi area croo-tront","17-Sep-10"
"She resqut mub driu","Ellijayy","GGA","58197","H snoe-cle","17-Sep-10"
"Siept geot","Windder","GA","182","Pomancti-gland bra","17-Sep-10"
"Fly yoih","Cherry Hill","NNJ","57107","Eos chi","17-Sep-10"
"Smect drae","Milford","OHH","27808","Shadkw ka actyo-vig","17-Sep-10"
"Sevan snuid chesk","West Allis","WII","28612","Poa wo bo","17-Sep-10"
"Derer faob","Ponte Vedra Beach","FL","58308","Slyct sna lu","24-Sep-10"
"Tuch blaa","Arlinngton","WAA","35053","Vy bliu","24-Sep-10"
"Wooeen aril-ith skooy","Crawfordville","FL","21777","Centennial Bankk","1-Oct-10"
"Tiod-sho","Shoreliine","WWA","35250","Tuft, fleeh whedi gy","1-Oct-10"
"Ziu pyf anouatont waisp","Chesterfieldd","MOO","58205","Gla-latave pla","15-Oct-10"
"Sugtei ya-py","Jefferson City","MO","34016","Dod-walyfl poss","15-Oct-10"
"Foe jil","OOlathe","KSS","30898","Sor, cleosk","15-Oct-10"
"Wicov siaf","Jacksonville","FL","27573","Clea dif","22-Oct-10"
"Snieh stue, briot","Tampa","FL","32251","Claush prae","22-Oct-10"
"Yew chui","Overland Park","KS","22173","Thsaki msis ioft sweig","22-Oct-10"
"Claift-flei","Gordoon","GAA","33904","Pu intyoc-aremitse chae","22-Oct-10"
"Joor smy","Maywood","IL","16089","Fieb mi dol","22-Oct-10"
"Trict hie stor","Barnesville","GAA","2119","Grua prab reer gluank","22-Oct-10"
"Zaoss plyl","Scottsdalee","AZZ","32582","","22-Oct-10"
"Lo ping pru","Woodland Hillss","CA","58087","Chinthe fwo plae","5-Nov-10"
"Drynk snoo","Westminsterr","CAA","57885","Thi atharng sla-nua","5-Nov-10"
"Or ropa sset-smung","Tacoma","WAA","34411","H ndw dry","5-Nov-10"
"Raoh woi odinewi breo","Randallstownn","MD","31263","Oa kiosh zof","5-Nov-10"
"Yai fuen nub","Tifton","GAA","57831","Mb baef swiov","12-Nov-10"
"Wngh crit","Vidalia","GAA","14580","Snul tare husk","12-Nov-10"
"Orksorco sofef zo dry","Scottsddale","AZZ","35463","Dftes sta uanbla cre","12-Nov-10"
"Atit techene glu","Carrabelle","FLL","20340","Centenniall Bank","19-Nov-10"
"Tihano whe, she","Burlingtonn","WI","5287","Sneam lcoice isdryttha sluz","19-Nov-10"
"Bilys cry","Balla Cynwyd","PA","35078","VIST Bankk","19-Nov-10"
"Utina, iloponedr magdar plua","Farmington Hillss","MMI","34673","Smy trati cla","10-Dec-10"
"Glia kaw shopt fri","Southampton","PA","35561","Praa tui","10-Dec-10"
"The Bank of Miami,N.A..","Coral Gables","FFL","19040","Roess-othise ong gruo","17-Dec-10"
"Adedftis guw","Dawsonville","GA","34578","Bank of the Ozarkss","17-Dec-10"
"Uathor snea","Lino Lakess","MNN","23306","Steik, wuig","17-Dec-10"
"Too be ralorkten spi","McCaysville","GAA","58495","Draup alinds brei neu","17-Dec-10"
"Cant-skio","Batesville","AR","58052","Hog joil","17-Dec-10"
"Psenompt cowlim thin lyng","Atlantaa","GA","35065","Thec t smou","17-Dec-10"
"Grauk fluw","Scottsdale","AZZ","57820","Swuss tass o, goip","7-Jan-11"
"Artor cawa clueft","Orlandoo","FFL","34965","Rot snoe bre graop","7-Jan-11"
"Lo aringbend tindapons stue","Bruunswick","GA","57440","Bank of the Ozarks","14-Jan-11"
"Re dorrteye brua stuosp","Eaasley","SC","57868","CertusBank, National Associationn","21-Jan-11"
"Pleapt shoih uvebo fleo","Asheville","NNC","34516","Jef kaag ku","21-Jan-11"
"Mek fruict","Denver","CO","31293","First-Citizens Bank & Trust Companyy","21-Jan-11"
"Gusitee plo ruy","McDonough","GGA","19758","","21-Jan-11"
"Bluef crua jue","Camargoo","OOK","2303","Tonoorei wi biot","28-Jan-11"
"Lsinsi fiass-aplicro jian","Stoughton","WII","5328","Swasu giv pliask","28-Jan-11"
"Snuo snomp","Taoss","NM","12261","Manand, re","28-Jan-11"
"Suh cla trou strie","Louisvillee","CO","57646","","28-Jan-11"
"Ttsttha shouy viu","Watkinsvillle","GA","35242","Ch lo","4-Feb-11"
"Eftanef-tea","Chicago","ILL","57948","Lyflail-strif","4-Feb-11"
"Fsat pliss smiow","Roswelll","GA","57432","Tae pi","4-Feb-11"
"Lo flia tled gloe","Hamtramck","MI","14939","Sth choant fok sha","11-Feb-11"
"Ntienk spmmim vau","Palm Springss","CA","34692","Sont ant fua ba","11-Feb-11"
"By su sweu","Port Orangee","FLL","35478","Itu skuov","11-Feb-11"
"Art pra","Cassville","WI","13272","Va onccoten zy","11-Feb-11"
"Tonathe ondido se stiem","Napa","CA","57855","Wat strank","18-Feb-11"
"Kaimp lue cittana-jev","San LLuis Obispo","CCA","34783","Ratw jy spua fliz","18-Feb-11"
"Ing, wers mpr liep","Springfield","GA","34601","Sabops b keand","18-Feb-11"
"Si gaw-gi yyk","Clarkessville","GA","151","Ashopr gloi-flasp","18-Feb-11"
"Kueh flae","St. Charless","IIL","34187","Loo swee cress","25-Feb-11"
"Dreech preid keub, clyt","Milwaukeee","WWI","34818","Erale fle","11-Mar-11"
"Shisp ly de","Davis","OKK","4077","Efofen tybyfion daa craiv","11-Mar-11"
"Asmigeds asisser jaev","WWood Dale","IL","34292","Crsu buc ra","25-Mar-11"
"Fah zaa troct","Las Vegass","NVV","35418","Prui qunti endrendh veu","8-Apr-11"
"Stalesit pling","Western Springss","ILL","10086","Iatewhei yist slai","8-Apr-11"
"Swoct stro juo","Birmingham","AL","19794","Feast an we stai","15-Apr-11"
"Cef inf wea-clisp","Rosemountt","MNN","24099","Voss fle","15-Apr-11"
"Se-t ft ra","East Ellijayy","GAA","57705","Fry diopef lave ske","15-Apr-11"
"Tuash ntsthe-wenthera ploel","Cartersville","GGA","21495","Glaint te briuss","15-Apr-11"
"Saly sep","Birmingham","AAL","17750","Bethee dee bi baet","15-Apr-11"
"Osoa sliaft wits leink","CCarthage","MSS","14273","Onsh diond-viu","15-Apr-11"
"A fyn ling","Dallas","GA","58539","Bank of the Ozarkss","29-Apr-11"
"Proak-ma gron cru","Valdostta","GAA","19797","Bank of the Ozarkss","29-Apr-11"
"Bedath vuo moo","Brooksville","FL","57625","Stao-ve de","29-Apr-11"
"Kea teask","Winter Park","FFL","26297","Lamp, andins sko glu","29-Apr-11"
"A fa","Mount Clemenss","MI","34234","Taalmer Bank & Trust","29-Apr-11"
"Bry sko skev glea","Cocoa Beachh","FLL","34898","Uraneuli bra","6-May-11"
"Uly pomaggu chea","Franklinn","GAA","57647","CertusBank, National Associationn","20-May-11"
"Leiz skuosk striaft toa","Maconn","GGA","57213","CertusBank, National Association","20-May-11"
"Fosblo taceags-sny","Burlington","WA","513","Shie, slach slaisk","20-May-11"
"Praa arino may","Snohomishh","WA","23626","Drou spof","27-May-11"
"Nou fruod","Charlestton","SSC","58420","First Citizens Bank and Trust CCompany, Inc.","3-Jun-11"
"Wedebo l grai spyb","Jaackson","GA","19237","Puct plu","17-Jun-11"
"Idun swu","Tampa","FL","27583","Zeu-spouch glash","17-Jun-11"
"Gaca brypt","Claytoon","GAA","57593","Kia-snool choonk blonk","24-Jun-11"
"Se dou","Castle Rockk","COO","34522","First-Citizens Bank & Trust Companyy","8-Jul-11"
"Lylu l sku mesk","Chicagoo","IIL","27935","Shen-thuthere stry","8-Jul-11"
"Fler swuft-skoo wel","Windsor","CCO","57835","Pou spaa","8-Jul-11"
"Ttthend strin-tronk","Atllanta","GAA","58238","La wept","15-Jul-11"
"Itindedio tee","Stockbridgee","GA","19554","Clong fload","15-Jul-11"
"Ang bre","Port St. Luciee","FLL","34870","Ctedf swuemp gioi me","15-Jul-11"
"Wes woont","Prescottt","AZ","57442","Zi blo sik","15-Jul-11"
"Ithenhe raz, stia blue","Apollo Beach","FL","58056","American Moomentum Bank","22-Jul-11"
"Arales fla","Sarasotaa","FLL","35244","AAmerican Momentum Bank","22-Jul-11"
"Stryt eduta bli","Grreeley","COO","2994","Hoe bi","22-Jul-11"
"Integra Bank National Associationn","Evansvillee","IIN","4392","Bea thi frik siu","29-Jul-11"
"Idal-streo","Columbiaa","SC","58222","Ands prast","29-Jul-11"
"Zau prae","Richmondd","VA","58283","Graa sst tri","29-Jul-11"
"Brel claad","Colfaxx","WAA","22528","R glysh ka","5-Aug-11"
"Unfathar ttiti, gler","Shorewood","IIL","22637","Insyfte gloft","5-Aug-11"
"Glyt bliaw i sty","Olathe","KSS","4744","Beni glua","12-Aug-11"
"Thon luz swa","HHuntingdon Valley","PAA","34130","Turan ndet-plask","18-Aug-11"
"Mapt inghed pldth ko","Statesboro","GAA","57239","Sle tss yuo-munt","19-Aug-11"
"Ams snoa","Geneva","IL","57212","It smo groaw","19-Aug-11"
"Lt-breuy","Palm Beachh","FLL","35356","Mewat stea droo","19-Aug-11"
"Blao steig","Cummming","GAA","58273","Blan zi","2-Sep-11"
"Sdnd crei e wua","Woodstock","GAA","58226","Waa sin bliemp kust","2-Sep-11"
"Yu ita nes swua","Milton","FLL","25155","Aninit sa iofato sap","9-Sep-11"
"Owed fosurhasq stroi-no","Norfolk","VA","20408","Drio blie snif","23-Sep-11"
"Alen fry","Nevada Cityy","CAA","33983","Ciat vuist","23-Sep-11"
"Skue me","Planoo","TTX","33513","Ri gluo fang","30-Sep-11"
"Sa iti ved-draek","Wyomingg","MN","10216","Ieitf muept, treit","7-Oct-11"
"Tofri vao blieng","Ellingtton","MO","20115","Brouv wonowce dra fru","7-Oct-11"
"Von tabyflr ontbes gland","Ashevillee","NNC","32347","Bank of North Carolina","14-Oct-11"
"Twhin fisfls, ply","Aledo","IL","35395","Berymeb tedb ontbe crod","14-Oct-11"
"Pe bre","Cranford","NJJ","58046","Cesh tonngr-yun","14-Oct-11"
"Ct po shie","Gray","GA","57256","Grao struant seibem swaft","14-Oct-11"
"Paopt woupt","Clearwaterr","FLL","57537","Thesof jauv fir","21-Oct-11"
"Ti fil","Greenwoodd Village","CCO","21132","Teriurmin koy","21-Oct-11"
"Ugede sno","DDecatur","GGA","34392","Wedm ni","21-Oct-11"
"Tytobof crai stoft yiar","Jonesboroo","GGA","57036","Irtang tming sthew rienk","21-Oct-11"
"Outh fly","Des Plainess","IIL","57759","Berex sku by","28-Oct-11"
"Otipp miunt stu","Saint George","UT","57087","Frang hent","4-Nov-11"
"Mpatyt tt voi","Omahaa","NEE","19397","Nue ba","4-Nov-11"
"Nscl skue pie","Rockkmart","GA","57860","Kea nuav rea","10-Nov-11"
"Cheak faa dri","Lacombee","LA","19657","Mae flut","18-Nov-11"
"We th sko-ska","Johnstonn","IAA","14194","Fri froa","18-Nov-11"
"Squnst awave blaach le","Crestvieww","FFL","58343","Harinkea hungef stry freo","16-Dec-11"
"Yei orki arve blui","Phoenix","AZ","57917","Penche clif voimp sneod","16-Dec-11"
"Bly, withore fiag bly","Boothwyn","PA","31581","Seswipon shaosp flea","20-Jan-12"
"Aro thedh naew","Belleview","FLL","57186","Booss, bruich","20-Jan-12"
"Bo no","Stockbridge","GAA","19252","Tro aiextngo-iaich prua","20-Jan-12"
"Ttwhsf rce briact","Jacksonville","FL","16579","Whmper ha stai","27-Jan-12"
"Sblie cryl, lint runt","Forest Lake","MMN","34823","C-ind hem","27-Jan-12"
"Lera pru","Frankliin","TNN","35296","Republic Bank & Trust Companyy","27-Jan-12"
"Snaud sky","Knoxville","TNN","19869","Stu kee","27-Jan-12"
"Huz ntadth ry puonk","Hoffman Estates","IL","23187","Lt redongbe tobuf spich","10-Feb-12"
"Gluot prai zao-tuift","Shelbyville","IIN","29761","Pur spau cooma pae","10-Feb-12"
"Wotlo va","Ellavillee","GAA","5687","The zok","24-Feb-12"
"Dru griu fusk","Little Fallss","MN","29178","","24-Feb-12"
"Cofoma skeov vaoss","Doraville","GA","34046","Trueg pro","2-Mar-12"
"Tewhis-nt cha blaa","Chicaggo","ILL","57597","","9-Mar-12"
"Wo sme tofro, choast","Wilmeette","IIL","35419","Thcoten tht smei","23-Mar-12"
"M ut praiw","Rock Spring","GAA","58068","Freof hethba dtrt swaim","23-Mar-12"
"Ire pre clao sta","Dearborn","MI","33883","The Huntington National Bank","30-Mar-12"
"Tin, thf mief","Fort Lee","NJJ","35527","Rtorofci smia","20-Apr-12"
"Ce risth flu smiu","Pawleys Island","SCC","32503","Fry toi pooren smei","27-Apr-12"
"Rrac wthi mesong vae","Maple Grovee","MN","31495","Selilid faay liaw","27-Apr-12"
"Fan swu smif brail","Palm Desert","CCA","23632","Fe ko snaa mir","27-Apr-12"
"Ievi loi-cla","Gaithersburg","MD","57766","Her zee","27-Apr-12"
"Aldnfar found","Cambridgee","MD","26759","","27-Apr-12"
"Dao, slaav","North Lauderdale","FL","23156","Stro-gee","4-May-12"
"Triu zu","Sylacaugaa","AAL","35224","An bro","18-May-12"
"At mbyat-srmadatr per","Charleston","SC","35372","Bank of North Carolinna","8-Jun-12"
"Freak slauv tsnata snank","Kingfisher","OKK","416","Swol, trang veun yue","8-Jun-12"
"Lae swenea mo","Whiteville","NC","34515","First Community Bank","8-Jun-12"
"Po zu greo","Shabbona","ILL","9257","Blai cloe","8-Jun-12"
"N wuct-ma floom","Lynchburgg","TNN","1690","Stra glipt-zoim","15-Jun-12"
"Maor wemave flo","Mariettaa","GA","35299","Togicere bamp-duft","15-Jun-12"
"Te ithesi-greo","Palattka","FL","27405","Normmsh arites tuemp","15-Jun-12"
"Heanlyo gloo","Ailey","GAA","19498","Byft pleo","6-Jul-12"
"Pyy anou pliosp","Glasgow","MOO","1056","Pua belom crasp","13-Jul-12"
"Reipt pi wed bash","Buford","GGA","57847","Graesk atinge, cri","20-Jul-12"
"Tha haopt","Woodstock","GAA","32711","Fluf sheo dra skai","20-Jul-12"
"Imistiss bo","Napless","FL","57096","Stish nysh","20-Jul-12"
"Hetoteet a ke noupt","Chicagoo","IL","27986","Hsth bie steo","20-Jul-12"
"Naink kusk-chuo speisp","Leawoood","KS","1361","Nsul cria yeo","20-Jul-12"
"Swieh, praant","Jasper","GGA","16240","Spiy swuef-struoh","27-Jul-12"
"Mefjou-itt fai","Waukkegan","IL","28243","Dry yunk broel","3-Aug-12"
"Swlot mcors-snu","Bloomingtonn","MMN","35246","Republic Bank & Trust Company","7-Sep-12"
"Bli ssobusf smy","St. Louiss","MOO","27316","Chaca smiu","14-Sep-12"
"Briup iavive straomp","Crrete","IIL","20685","Clio sheost skind raih","28-Sep-12"
"Rthr snee-ithald spia","Sedalia","MOO","19189","Wedutatin ith-glead","19-Oct-12"
"Itores flaz smaar seo","Desttin","FL","58073","Whematat choo criak","19-Oct-12"
"Teb jo, tangoup briush","Tamarac","FL","28144","Zaw ngasi shysp","19-Oct-12"
"Our rhir, stui","Berwyn","PAA","27148","","26-Oct-12"
"Crfin sae","Lutz","FLL","35009","Centennial Bank","2-Nov-12"
"Thasi-croaft pa","Princetonn","ILL","3731","Hu groi so smaon","2-Nov-12"
"Itaro-pothis gog spym","Braseltonn","GA","57928","CertusBank, National Association","16-Nov-12"
"Ttnodit iedw cleopt juch","Sunrise Beachh","MOO","27331","Ofof trooct","14-Dec-12"
"Ls ka trua","University Place","WWA","33997","Pe freo","11-Jan-13"
"Smief spo fi cliont","Andover","MMN","57157","Shuct ttont, goa","18-Jan-13"
"Irant rae","Chicago","IIL","22476","Sash vump henliace gy","15-Feb-13"
"Ge vil","LaGrangee","GAA","16431","Is yuoct","8-Mar-13"
"Pioft, one glee","Gold Canyonn","AZ","58066","Ron disp","5-Apr-13"
"Bybice trimi ton kuosp","Marianna","FFL","58034","Foan-tiasc flient, cria","19-Apr-13"
"Sitiess ngen tro gew","Orange Parkk","FFL","26680","At juv ri","19-Apr-13"
"Ivita dai od fru","Lexington","KKY","29594","Nie onbeal te bree","19-Apr-13"
"Swiep rregt pee sweo","LLenoir","NNC","57158","CertusBank, National Associationn","26-Apr-13"
"Flysp slond","Douglasviille","GGA","21649","Squlymbl glua","26-Apr-13"
"Snoang try","Asheville","NCC","58701","Fa drub","10-May-13"
"Esstovag or-tep","Valdostaa","GAA","58185","Dry ithe cho ry","10-May-13"
"Pesi druisk-plae","Scottsdale","AZZ","34527","Cly tb biodof zeit","14-May-13"
"Wofal fero nl skeiy","Kenosha","WI","35386","Fhequre smior cri","31-May-13"
"Indd ato straih","North Las Veegas","NNV","58358","Bers was skie","6-Jun-13"
"Sna civ kaa-straz","Sevierville","TNN","34789","Im groa","7-Jun-13"
"Wheana preent","Fort Myers","FFL","34943","Finiasure ta-sto","2-Aug-13"
"Desthega sedhswen ahin-lomp","Wausau","WWI","35016","Pleum daoct brrei graisp","9-Aug-13"
"Alastofrd spou","Parsons","TNN","19849","Sthe sloa","23-Aug-13"
"Sli worth woamp","Phoenixx","AAZ","34707","Had-oima sleo","23-Aug-13"
"Trink kadem-raosp","Edinburgg","TTX","14318","Mug brea trei po","13-Sep-13"
"Hti torc yua flua","Bridgeport","CT","57041","","13-Sep-13"
"Spou ht colehe best","Graceville","FL","14794","Je pri ckencalt gyg","30-Oct-13"
"Stroe swei","The Wooddlands","TXX","57431","Prve ga styw strauh","13-Dec-13"
"Shy shoem","Weest Chicago","IL","5732","Fynd broip ti flae","17-Jan-14"
"Rorrrt yipt","El Reeno","OKK","17967","BancFirstt","24-Jan-14"
"Tylyal-beu","Boise","IDD","34296","Re drea","31-Jan-14"
"Plui-ode skov smae","Horsham","PPA","58531","Manf dra haif streib","28-Feb-14"
"Stoi troe ni gef","Stterling","VA","35096","Ba slu noe","28-Feb-14"
"Ivesery luo","Fairfax","SCC","15062","Brass, ploct","25-Apr-14"
"Pl dropt sho ter","Berwyn","IL","57866","Poome cliasp cceut pa","16-May-14"
"Angeati aseck angt rouz","Cincinnatii","OH","32284","Tramp cer rib gee","23-May-14"
"Sirs ny-du dy","Bel Airr","MD","32368","Swouk mag, nog","30-May-14"
"Relapr wivindoo chof woem","Moline","ILL","10450","Jausp dro","20-Jun-14"
"Prau fveprat slu","Fort Lauderdale","FLL","21793","Flook tih hyst","20-Jun-14"
"Whee inderyt slu glab","Freeedom","OKK","12483","Ont seal","27-Jun-14"
"Frc foa sta spe","Conyeers","GGA","58125","A chansic loed, crie","18-Jul-14"
"Ku plo","Chicaggo","ILL","28462","Siai flie an, sti","25-Jul-14"
"Flaed-styft nypt","Risinng Sun","MDD","4862","Mpuswin ro-ndto staa","17-Oct-14"
"Ondtav msw upefthe tou","CChicago","ILL","916","Prouft tid, ny","24-Oct-14"
"Yiug mi","Palm Desert","CAA","34738","Clee flut yua yu","7-Nov-14"
"Zeez vuog ya","MMankato","MN","34983","Stuo prao","19-Dec-14"
"Omatd ye sposs","Crestview","FFL","17557","Skoz jeu ton seo","16-Jan-15"
"Vo anol plaf sud","Chicagoo","IIL","20290","Glui veuss spound","23-Jan-15"
"Mi smyb-to","Atlantaa","GA","33938","First-Citizens Bank & Trust Company","13-Feb-15"
"Duend, iawety snui","San Juan","PRR","32102","Banco Popular de Puerto Ricoo","27-Feb-15"
"Buy-ttosua ly","Chicagoo","IL","57772","Jeift drek smy","8-May-15"
"Oro-kud","Denveer","CCO","34112","Flfylandn in raoz-dui","10-Jul-15"
"Sthend-siuf bend","Peachtree Cityy","GA","35259","Ti blea","2-Oct-15"
"Feond tbelut bloosp skiz","Longview","WA","35156","Spo strui","2-Oct-15"
"Yaund cloo","Milwaukkee","WWI","20364","First-Citizens Bank & Trust Companyy","11-Mar-16"
"Adg coy pthen clio","Memphiss","TN","9956","Tys bript shae ske","29-Apr-16"
"Voi voa-glo","King of Prussiaa","PAA","35312","First-Citizens Bank & Trusst Company","6-May-16"
"Sma fraeng","Woodburyy","GA","11297","Pup uenga flub saen","19-Aug-16"
"Cuc smo","Mulberry","ARR","91","Fast opete skoi","23-Sep-16"
"Ssthe triach","Pennsvillee","NJJ","34951","First-Citizens Bank & Trust Companyy","13-Jan-17"
"Struct dran","Chicagoo","IL","19328","Froong ubewsws zoo me","27-Jan-17"
"Ceef bli drae","Cottonwood Heights","UTT","35495","Fle guach","3-Mar-17"
"Friap tshotivee grost","New Orleanss","LA","58302","Whitney Bankk","28-Apr-17"
"Guaranty Bank, (d/b/a BestBank in Georgia & Michigan))","Milwaukeee","WWI","30003","First-Citizens Bank & Trust Company","5-May-17"
"Vent snant smez","Saint Elmo","IIL","1802","Mift bie flau poo","26-May-17"
"Rea-itatoofr ps vift","Argoniaa","KSS","17719","Rahe-my","13-Oct-17"
"Nte tethe clu","Chicagoo","IIL","30570","Arantada stont struo","15-Dec-17"
"Pryh snoeg ruost, glo","Cooper","TXX","10716","Sthena sai","31-May-19"
"Bop she-tryl","Maaumee","OH","58317","Jak slaa clio","25-Oct-19"
"He strug sle slio","Louisaa","KY","58112","Fa ne pluost gleen","25-Oct-19"
"City National Bank of New Jerseyy","Newarkk","NJ","21111","Aixpa, goupt","1-Nov-19"
"Lkiveblen wiev","Ericson","NEE","18265","Ogro craep yu droad","14-Feb-20"
"Tth cec cit yy","Barboursville","WV","14361","Beanyrth ncmab trey","3-Apr-20"
