"col0","col1","col2","col3","col4"
"Great Basin National Park","3.12336e+08","116123","Border, Utah","Nevada"
"Florissant Fossil Beds National Monument","2.4273e+07","61289","Florissant, Colorado","Colorado"
"Golden Gate National Recreation Area","3.23757e+08","15004420","California","California"
"Rocky Mountain National Park","1.0755e+09","3176941","Colorado","Colorado"
"Dayton Aviation Heritage National Historical Park","348030.0","73588","Dayton, Ohio","Ohio"
"Moores Creek National Battlefield","356123.0","48406","North Carolina","North Carolina"
"Dayton Aviation Heritage National Historical Park","348030.0","73588","Ohio","Ohio"
"Great Basin National Park","3.12336e+08","116123","Baker, Nevada","Nevada"
"Chattahoochee River National Recreation Area","2.05257e+07","3161297","Atlanta, Georgia","Georgia (U.S. state)"
"Chattahoochee River National Recreation Area","3.96228e+07","3161297","Atlanta, Georgia","Georgia (U.S. state)"
"Kennesaw Mountain National Battlefield Park","1.16879e+07","1005510","Atlanta, Georgia","Georgia (U.S. state)"
"Kennesaw Mountain National Battlefield Park","1.1829e+07","1005510","Atlanta, Georgia","Georgia (U.S. state)"
"Cuyahoga Valley National Park","1.33344e+08","2284612","Akron, Ohio","Ohio"
"Great Sand Dunes National Park and Preserve","3.43971e+08","271774","Alamosa, Colorado","Colorado"
"Death Valley National Park","1.36503e+10","1101312","Beatty, Nevada","California"
"Death Valley National Park","1.36503e+10","1101312","Beatty, Nevada","Nevada"
"Bighorn Canyon National Recreation Area","4.86822e+08","201010","Billings, Montana","Montana"
"Mammoth Cave National Park","2.13795e+08","508054","Brownsville, Kentucky","Kentucky"
"Chickamauga and Chattanooga National Military Park","3.63124e+07","901384","Chattanooga, Tennessee","Georgia (U.S. state)"
"Chickamauga and Chattanooga National Military Park","3.65674e+07","901384","Chattanooga, Tennessee","Georgia (U.S. state)"
"Indiana Dunes National Lakeshore","6.0974e+07","2127336","Chesterton, Indiana","LaPorte County, Indiana"
"Indiana Dunes National Lakeshore","6.0974e+07","2127336","Chesterton, Indiana","Lake County, Indiana"
"Indiana Dunes National Lakeshore","6.0974e+07","2127336","Chesterton, Indiana","Porter County, Indiana"
"Glacier National Park","4.10077e+09","2338528","Columbia Falls, Montana","Montana"
"Wrangell–St. Elias National Park and Preserve","1.9638e+10","87158","Copper Center, Alaska","Alaska"
"Wrangell–St. Elias National Park and Preserve","3.36826e+10","87158","Copper Center, Alaska","Alaska"
"Wrangell–St. Elias National Park and Preserve","5.33206e+10","87158","Copper Center, Alaska","Alaska"
"Great Basin National Park","3.12336e+08","116123","Ely, Nevada","Nevada"
"Ozark National Scenic Riverways","3.23749e+08","1789783","Eminence, Missouri","Missouri"
"Tallgrass Prairie National Preserve","4.40865e+07","17615","Emporia, Kansas","Chase County, Kansas"
"Rocky Mountain National Park","1.0755e+09","3176941","Estes Park, Colorado","Colorado"
"Yukon-Charley Rivers National Preserve","1.02204e+10","1393","Fairbanks, Alaska","Alaska"
"Little River Canyon National Preserve","6.18683e+07","201442","Fort Payne, Alabama","Alabama"
"Fort Smith National Historic Site","303514.0","86122","Fort Smith, Arkansas","Arkansas"
"Fredericksburg and Spotsylvania National Military Park","3.38884e+07","534636","Fredericksburg, Virginia","Virginia"
"Kings Canyon National Park","1.86925e+09","566810","Fresno, California","California"
"Kings Canyon National Park","1.86925e+09","566810","Fresno, California","Fresno County, California"
"Rocky Mountain National Park","1.0755e+09","3176941","Grand Lake, Colorado","Colorado"
"Hagerman Fossil Beds National Monument","1.76079e+07","21100","Hagerman, Idaho","Idaho"
"Cape Lookout National Seashore","1.14295e+08","508116","Harkers Island, North Carolina","Carteret County, North Carolina"
"Denali National Park and Preserve","5.27808e+09","531315","Healy, Alaska","Alaska"
"Denali National Park and Preserve","1.91858e+10","531315","Healy, Alaska","Alaska"
"Voyageurs National Park","8.83024e+08","177184","International Falls, Minnesota","Minnesota"
"Glacier Bay National Park and Preserve","1.30446e+10","551353","Juneau, Alaska","Alaska"
"Katmai National Park and Preserve","1.65641e+10","39818","King Salmon, Alaska","Alaska"
"Bering Land Bridge National Preserve","1.0916e+10","2642","Kotzebue, Alaska","Alaska"
"Noatak National Preserve","2.65875e+10","31000","Kotzebue, Alaska","Alaska"
"Jean Lafitte National Historical Park and Preserve","4.31638e+07","420366","Lafayette, Louisiana","Louisiana"
"Jean Lafitte National Historical Park and Preserve","8.10181e+07","420366","Lafayette, Louisiana","Louisiana"
"Fort Union National Monument","2.91616e+06","9575","Las Vegas, New Mexico","New Mexico"
"Nez Perce National Historical Park","1.84577e+07","286259","Lewiston, Idaho","Idaho"
"Nez Perce National Historical Park","1.84577e+07","286259","Lewiston, Idaho","Montana"
"Death Valley National Park","1.36503e+10","1101312","Lone Pine, California","California"
"Death Valley National Park","1.36503e+10","1101312","Lone Pine, California","Nevada"
"Yosemite National Park","3.02719e+09","4150217","Mariposa, California","California"
"Theodore Roosevelt National Park","2.85085e+08","563407","Medora, North Dakota","North Dakota"
"Cumberland Gap National Historical Park","8.29929e+07","853998","Middlesboro, Kentucky","Tennessee"
"Cumberland Gap National Historical Park","8.29929e+07","853998","Middlesboro, Kentucky","Virginia"
"Cumberland Gap National Historical Park","8.29929e+07","853998","Middlesboro, Kentucky","Kentucky"
"Cape Hatteras National Seashore","1.22826e+08","1960711","Nags Head, North Carolina","North Carolina"
"Jean Lafitte National Historical Park and Preserve","4.31638e+07","420366","New Orleans","Louisiana"
"Jean Lafitte National Historical Park and Preserve","8.10181e+07","420366","New Orleans","Louisiana"
"Petersburg National Battlefield","1.10884e+07","213261","Petersburg, Virginia","Virginia"
"Delaware Water Gap National Recreation Area","2.70091e+08","4986700","Port Jervis, New York","New Jersey"
"Whiskeytown–Shasta–Trinity National Recreation Area","8.23887e+08","782014","Redding, California","California"
"Lassen Volcanic National Park","4.30796e+08","407653","Redding, California","California"
"Ozark National Scenic Riverways","3.23749e+08","1789783","Salem, Missouri","Missouri"
"Golden Gate National Recreation Area","3.23757e+08","15004420","San Francisco","California"
"Channel Islands National Park","1.00994e+09","342161","Santa Barbara, California","California"
"Kenai Fjords National Park","2.71133e+09","281279","Seward, Alaska","Alaska"
"Klondike Gold Rush National Historical Park","5.25929e+07","860048","Skagway, Alaska","Alaska"
"Pinnacles National Park","1.07671e+08","224476","Soledad, California","California"
"Lassen Volcanic National Park","4.30796e+08","407653","Susanville, California","California"
"Lava Beds National Monument","1.88956e+08","124113","Tulelake, California","California"
"Niobrara National Scenic River","9.33772e+07","54385","Valentine, Nebraska","Nebraska"
"Ozark National Scenic Riverways","3.23749e+08","1789783","Van Buren, Missouri","Missouri"
"Moores Creek National Battlefield","356123.0","48406","Wilmington, North Carolina","North Carolina"
"Weir Farm National Historic Site","242811.0","34802","Wilton, Connecticut","Connecticut"
"Acadia National Park","3.77665e+06","2811184","Bar Harbor, Maine","Maine"
"Acadia National Park","1.98296e+08","2811184","Bar Harbor, Maine","Maine"
"New River Gorge National River","2.94644e+08","1128195","Beckley, West Virginia","West Virginia"
"George Washington Birthplace National Monument","2.6778e+06","130647","Colonial Beach, Virginia","Virginia"
"Saint Croix National Scenic Riverway","3.75297e+08","521695","St. Croix Falls, Wisconsin","Minnesota"
"Marsh-Billings-Rockefeller National Historical Park","2.60213e+06","29049","Woodstock, Vermont","Vermont"
"Mojave National Preserve","6.22413e+09","542527","Baker, California","California"
"Klondike Gold Rush National Historical Park","5.25929e+07","860048","Seattle","Alaska"
"Prince William Forest Park","6.50896e+07","379535","Dumfries, VA","Virginia"
"Sand Creek Massacre National Historic Site","5.09216e+07","1229590","Eads, CO","Colorado"
"Curecanti National Recreation Area","1.74399e+08","924468","Gunnison, CO","Colorado"
"Agate Fossil Beds National Monument","4.70123e+07","11824","Harrison, NE","Nebraska"
"Great Smoky Mountains National Park","2.11415e+09","10712674","Gatlinburg, Tennessee","Tennessee"
"Great Smoky Mountains National Park","2.11415e+09","10712674","Gatlinburg, Tennessee","North Carolina"
"Ninety Six National Historic Site","4.13589e+06","28734","Greenwood, South Carolina","South Carolina"
"Puuhonua o Hōnaunau National Historical Park","1.69968e+06","442353","Holualoa, Hawaii","Hawaii"
"Wind Cave National Park","1.36974e+08","591049","Hot Springs, South Dakota","South Dakota"
"Delaware Water Gap National Recreation Area","2.70091e+08","4986700","Stroudsburg, Pennsylvania","New Jersey"
"Minuteman Missile National Historic Site","60702.8","59389","Wall, South Dakota","South Dakota"
"Great Smoky Mountains National Park","2.11415e+09","10712674","Cherokee, North Carolina","Tennessee"
"Great Smoky Mountains National Park","2.11415e+09","10712674","Cherokee, North Carolina","North Carolina"
"Upper Delaware Scenic and Recreational River","2.24904e+08","251083","Port Jervis, NY","Pennsylvania"
"Perry's Victory and International Peace Memorial","101050.0","155689","Sandusky, Ohio","Ohio"
"Perry's Victory and International Peace Memorial","102709.0","155689","Sandusky, Ohio","Ohio"
"Cuyahoga Valley National Park","1.33344e+08","2284612","Cleveland, Ohio","Ohio"
"Lake Clark National Park and Preserve","1.63089e+10","11639","Anchorage, Alaska","Alaska"
"Glen Canyon National Recreation Area","5.07523e+09","2270817","Bullfrog, Utah","Garfield County, Utah"
"Cape Cod National Seashore","1.76472e+08","4426750","Barnstable, Massachusetts","Barnstable County, Massachusetts"
"Rocky Mountain National Park","1.0755e+09","3176941","Colorado","Boulder County, Colorado"
"Rocky Mountain National Park","1.0755e+09","3176941","Colorado","Grand County, Colorado"
"Dayton Aviation Heritage National Historical Park","348030.0","73588","Dayton, Ohio","Greene County, Ohio"
"Dayton Aviation Heritage National Historical Park","348030.0","73588","Ohio","Greene County, Ohio"
"Lewis and Clark National and State Historical Parks","1.33668e+07","191867","Portland, Oregon","Clatsop County, Oregon"
"Chattahoochee River National Recreation Area","2.05257e+07","3161297","Atlanta, Georgia","Cobb County, Georgia"
"Chattahoochee River National Recreation Area","3.96228e+07","3161297","Atlanta, Georgia","Cobb County, Georgia"
"Chattahoochee River National Recreation Area","2.05257e+07","3161297","Atlanta, Georgia","Forsyth County, Georgia"
"Chattahoochee River National Recreation Area","3.96228e+07","3161297","Atlanta, Georgia","Forsyth County, Georgia"
"Chattahoochee River National Recreation Area","2.05257e+07","3161297","Atlanta, Georgia","Fulton County, Georgia"
"Chattahoochee River National Recreation Area","3.96228e+07","3161297","Atlanta, Georgia","Fulton County, Georgia"
"Chattahoochee River National Recreation Area","2.05257e+07","3161297","Atlanta, Georgia","Gwinnett County, Georgia"
"Chattahoochee River National Recreation Area","3.96228e+07","3161297","Atlanta, Georgia","Gwinnett County, Georgia"
"Kennesaw Mountain National Battlefield Park","1.16879e+07","1005510","Atlanta, Georgia","Cobb County, Georgia"
"Kennesaw Mountain National Battlefield Park","1.1829e+07","1005510","Atlanta, Georgia","Cobb County, Georgia"
"Great Sand Dunes National Park and Preserve","3.43971e+08","271774","Alamosa, Colorado","Alamosa County, Colorado"
"Petroglyph National Monument","3.04809e+07","114428","Albuquerque, New Mexico","Bernalillo County, New Mexico"
"Homestead National Monument of America","853887.0","69845","Beatrice, Nebraska","Gage County, Nebraska"
"Little Bighorn Battlefield National Monument","3.09722e+06","312168","Billings, Montana","Big Horn County, Montana"
"Bighorn Canyon National Recreation Area","4.86822e+08","201010","Billings, Montana","Big Horn County, Montana"
"Bighorn Canyon National Recreation Area","4.86822e+08","201010","Billings, Montana","Carbon County, Montana"
"Mammoth Cave National Park","2.13795e+08","508054","Brownsville, Kentucky","Barren County, Kentucky"
"Mammoth Cave National Park","2.13795e+08","508054","Brownsville, Kentucky","Edmonson County, Kentucky"
"Chickamauga and Chattanooga National Military Park","3.63124e+07","901384","Chattanooga, Tennessee","Catoosa County, Georgia"
"Chickamauga and Chattanooga National Military Park","3.65674e+07","901384","Chattanooga, Tennessee","Catoosa County, Georgia"
"Chickamauga and Chattanooga National Military Park","3.63124e+07","901384","Chattanooga, Tennessee","Dade County, Georgia"
"Chickamauga and Chattanooga National Military Park","3.65674e+07","901384","Chattanooga, Tennessee","Dade County, Georgia"
"Glacier National Park","4.10077e+09","2338528","Columbia Falls, Montana","Flathead County, Montana"
"Big Hole National Battlefield","4.08732e+06","36290","Dillon, Montana","Beaverhead County, Montana"
"Effigy Mounds National Monument","1.02224e+07","82581","Dubuque, Iowa","Allamakee County, Iowa"
"Effigy Mounds National Monument","1.02224e+07","82581","Dubuque, Iowa","Clayton County, Iowa"
"Ozark National Scenic Riverways","3.23749e+08","1789783","Eminence, Missouri","Carter County, Missouri"
"Ozark National Scenic Riverways","3.23749e+08","1789783","Eminence, Missouri","Dent County, Missouri"
"Rocky Mountain National Park","1.0755e+09","3176941","Estes Park, Colorado","Boulder County, Colorado"
"Rocky Mountain National Park","1.0755e+09","3176941","Estes Park, Colorado","Grand County, Colorado"
"Big Cypress National Preserve","2.91603e+09","941393","Everglades City, Florida","Collier County, Florida"
"Everglades National Park","6.09447e+09","1110901","Everglades City, Florida","Collier County, Florida"
"Everglades National Park","6.10484e+09","1110901","Everglades City, Florida","Collier County, Florida"
"Wupatki National Monument","1.43348e+08","216165","Flagstaff, Arizona","Coconino County, Arizona"
"Everglades National Park","6.09447e+09","1110901","Florida City, Florida","Collier County, Florida"
"Everglades National Park","6.10484e+09","1110901","Florida City, Florida","Collier County, Florida"
"Little River Canyon National Preserve","6.18683e+07","201442","Fort Payne, Alabama","Cherokee County, Alabama"
"Monocacy National Battlefield","6.66517e+06","17985","Frederick, Maryland","Frederick County, Maryland"
"Grand Canyon National Park","4.92608e+09","4756771","Fredonia, Arizona","Coconino County, Arizona"
"Pea Ridge National Military Park","1.74015e+07","114234","Garfield, Arkansas","Benton County, Arkansas"
"Tonto National Monument","4.53248e+06","53426","Globe, Arizona","Gila County, Arizona"
"Rocky Mountain National Park","1.0755e+09","3176941","Grand Lake, Colorado","Boulder County, Colorado"
"Rocky Mountain National Park","1.0755e+09","3176941","Grand Lake, Colorado","Grand County, Colorado"
"El Morro National Monument","4.20841e+06","857883","Grants, New Mexico","Cibola County, New Mexico"
"El Morro National Monument","5.1748e+06","857883","Grants, New Mexico","Cibola County, New Mexico"
"El Malpais National Monument and National Conservation Area","4.62459e+08","105356","Grants, New Mexico","Cibola County, New Mexico"
"Hagerman Fossil Beds National Monument","1.76079e+07","21100","Hagerman, Idaho","Gooding County, Idaho"
"Denali National Park and Preserve","5.27808e+09","531315","Healy, Alaska","Denali Borough, Alaska"
"Denali National Park and Preserve","1.91858e+10","531315","Healy, Alaska","Denali Borough, Alaska"
"Johnstown Flood National Memorial","664170.0","111987","Johnstown, Pennsylvania","Cambria County, Pennsylvania"
"Katmai National Park and Preserve","1.65641e+10","39818","King Salmon, Alaska","Bristol Bay Borough, Alaska"
"Effigy Mounds National Monument","1.02224e+07","82581","Marquette, Iowa","Allamakee County, Iowa"
"Effigy Mounds National Monument","1.02224e+07","82581","Marquette, Iowa","Clayton County, Iowa"
"Theodore Roosevelt National Park","2.85085e+08","563407","Medora, North Dakota","Billings County, North Dakota"
"Pictured Rocks National Lakeshore","2.96376e+08","476888","Munising, Michigan","Alger County, Michigan"
"Cape Hatteras National Seashore","1.22826e+08","1960711","Nags Head, North Carolina","Dare County, North Carolina"
"Canaveral National Seashore","2.3335e+08","1005001","New Smyrna Beach, Florida","Volusia County, Florida"
"Canaveral National Seashore","2.3335e+08","1005001","New Smyrna Beach, Florida","Brevard County, Florida"
"City of Rocks National Reserve","5.83031e+07","95764","Oakley, Idaho","Cassia County, Idaho"
"Glen Canyon National Recreation Area","5.07523e+09","2270817","Page, Arizona","Garfield County, Utah"
"Wilson's Creek National Battlefield","7.08163e+06","160000","Republic, Missouri","Greene County, Missouri"
"Richmond National Battlefield Park","3.12834e+06","68438","Richmond, Virginia","Chesterfield County, Virginia"
"Richmond National Battlefield Park","2.95704e+07","68438","Richmond, Virginia","Chesterfield County, Virginia"
"Ozark National Scenic Riverways","3.23749e+08","1789783","Salem, Missouri","Carter County, Missouri"
"Ozark National Scenic Riverways","3.23749e+08","1789783","Salem, Missouri","Dent County, Missouri"
"Fort Pulaski National Monument","2.27555e+07","408104","Savannah, Georgia","Chatham County, Georgia"
"Coronado National Memorial","1.92235e+07","86618","Sierra Vista, Arizona","Cochise County, Arizona"
"Cumberland Island National Seashore","7.56776e+07","40291","St. Marys, Georgia","Camden County, Georgia"
"Cumberland Island National Seashore","1.47368e+08","40291","St. Marys, Georgia","Camden County, Georgia"
"Catoctin Mountain Park","2.49044e+07","264460","Thurmont, Maryland","Frederick County, Maryland"
"Canaveral National Seashore","2.3335e+08","1005001","Titusville, Florida","Volusia County, Florida"
"Canaveral National Seashore","2.3335e+08","1005001","Titusville, Florida","Brevard County, Florida"
"Lava Beds National Monument","1.88956e+08","124113","Tulelake, California","Siskiyou County, California"
"Grand Canyon National Park","4.92608e+09","4756771","Tusayan, Arizona","Coconino County, Arizona"
"Niobrara National Scenic River","9.33772e+07","54385","Valentine, Nebraska","Brown County, Nebraska"
"Niobrara National Scenic River","9.33772e+07","54385","Valentine, Nebraska","Cherry County, Nebraska"
"Ozark National Scenic Riverways","3.23749e+08","1789783","Van Buren, Missouri","Carter County, Missouri"
"Ozark National Scenic Riverways","3.23749e+08","1789783","Van Buren, Missouri","Dent County, Missouri"
"Chiricahua National Monument","4.84975e+07","40646","Willcox, Arizona","Cochise County, Arizona"
"Weir Farm National Historic Site","242811.0","34802","Wilton, Connecticut","Fairfield County, Connecticut"
"Apostle Islands National Lakeshore","2.80739e+08","176040","Bayfield, Wisconsin","Ashland County, Wisconsin"
"Apostle Islands National Lakeshore","2.80739e+08","176040","Bayfield, Wisconsin","Bayfield County, Wisconsin"
"New River Gorge National River","2.94644e+08","1128195","Beckley, West Virginia","Fayette County, West Virginia"
"Golden Spike National Historic Site","1.10682e+07","40156","Brigham City, Utah","Box Elder County, Utah"
"Jewel Cave National Monument","5.15165e+06","77146","Custer, South Dakota","Custer County, South Dakota"
"Canyonlands National Park","1.36621e+09","634607","Moab, Utah","Garfield County, Utah"
"Canyonlands National Park","1.36621e+09","634607","Moab, Utah","Grand County, Utah"
"Lake Roosevelt","4.06264e+08","1781972","Spokane, Washington","Ferry County, Washington"
"Lake Roosevelt","4.06264e+08","1781972","Spokane, Washington","Grant County, Washington"
"Bryce Canyon National Park","1.45019e+08","1435741","Tropic, Utah","Garfield County, Utah"
"Curecanti National Recreation Area","1.74399e+08","924468","Gunnison, CO","Gunnison County, Colorado"
"Lake Chelan National Recreation Area","2.50735e+08","43827","Chelan, Washington","Chelan County, Washington"
"Guadalupe Mountains National Park","3.49515e+08","166868","Dell City, Texas","Culberson County, Texas"
"Fort Donelson National Battlefield","3.81619e+06","208687","Dover, Tennessee","Calloway County, Kentucky"
"Fort Donelson National Battlefield","4.07518e+06","208687","Dover, Tennessee","Calloway County, Kentucky"
"Great Smoky Mountains National Park","2.11415e+09","10712674","Gatlinburg, Tennessee","Blount County, Tennessee"
"Great Smoky Mountains National Park","2.11415e+09","10712674","Gatlinburg, Tennessee","Cocke County, Tennessee"
"Ninety Six National Historic Site","4.13589e+06","28734","Greenwood, South Carolina","Greenwood County, South Carolina"
"Wind Cave National Park","1.36974e+08","591049","Hot Springs, South Dakota","Custer County, South Dakota"
"Lyndon B. Johnson National Historical Park","6.35356e+06","110791","Johnson City, Texas","Blanco County, Texas"
"Lyndon B. Johnson National Historical Park","6.35356e+06","110791","Johnson City, Texas","Gillespie County, Texas"
"Bryce Canyon National Park","1.45019e+08","1435741","Panguitch, Utah","Garfield County, Utah"
"Lyndon B. Johnson National Historical Park","6.35356e+06","110791","Stonewall, Texas","Blanco County, Texas"
"Lyndon B. Johnson National Historical Park","6.35356e+06","110791","Stonewall, Texas","Gillespie County, Texas"
"Guadalupe Mountains National Park","3.49515e+08","166868","Texas","Culberson County, Texas"
"Great Smoky Mountains National Park","2.11415e+09","10712674","Cherokee, North Carolina","Blount County, Tennessee"
"Great Smoky Mountains National Park","2.11415e+09","10712674","Cherokee, North Carolina","Cocke County, Tennessee"
"Palo Alto Battlefield National Historical Park","4.20719e+06","36707","Brownsville, Texas","Cameron County, Texas"
"Palo Alto Battlefield National Historical Park","1.3587e+07","36707","Brownsville, Texas","Cameron County, Texas"
"North Cascades National Park","2.04278e+09","21623","Mount Vernon, Washington","Chelan County, Washington"
"Fort Laramie National Historic Site","3.37103e+06","46455","Torrington, Wyoming","Goshen County, Wyoming"
"Glen Canyon National Recreation Area","5.07523e+09","2270817","Bullfrog, Utah","Kane County, Utah"
"Rocky Mountain National Park","1.0755e+09","3176941","Colorado","Larimer County, Colorado"
"Dayton Aviation Heritage National Historical Park","348030.0","73588","Dayton, Ohio","Montgomery County, Ohio"
"Moores Creek National Battlefield","356123.0","48406","North Carolina","Pender County, North Carolina"
"Dayton Aviation Heritage National Historical Park","348030.0","73588","Ohio","Montgomery County, Ohio"
"Isle Royale National Park","2.31395e+09","14560","Ontario","Keweenaw County, Michigan"
"Lewis and Clark National and State Historical Parks","1.33668e+07","191867","Portland, Oregon","Pacific County, Washington"
"Organ Pipe Cactus National Monuments","1.33825e+09","211405","Ajo, Arizona","Pima County, Arizona"
"Great Sand Dunes National Park and Preserve","3.43971e+08","271774","Alamosa, Colorado","Saguache County, Colorado"
"Russell Cave National Monument","1.25453e+06","20717","Bridgeport, Alabama","Jackson County, Alabama"
"Mammoth Cave National Park","2.13795e+08","508054","Brownsville, Kentucky","Hart County, Kentucky"
"Casa Grande Ruins National Monument","1.91214e+06","65106","Coolidge, Arizona","Pinal County, Arizona"
"George Washington Carver National Monument","849840.0","30787","Diamond, Missouri","Newton County, Missouri"
"Sleeping Bear Dunes National Lakeshore","2.88084e+08","1280932","Empire, Michigan","Leelanau County, Michigan"
"Rocky Mountain National Park","1.0755e+09","3176941","Estes Park, Colorado","Larimer County, Colorado"
"Big Cypress National Preserve","2.91603e+09","941393","Everglades City, Florida","Monroe County, Florida"
"Everglades National Park","6.09447e+09","1110901","Everglades City, Florida","Monroe County, Florida"
"Everglades National Park","6.10484e+09","1110901","Everglades City, Florida","Monroe County, Florida"
"Kobuk Valley National Park","7.0849e+09","11485","Fairbanks, Alaska","Northwest Arctic Borough, Alaska"
"Everglades National Park","6.09447e+09","1110901","Florida City, Florida","Monroe County, Florida"
"Everglades National Park","6.10484e+09","1110901","Florida City, Florida","Monroe County, Florida"
"Grand Canyon National Park","4.92608e+09","4756771","Fredonia, Arizona","Mohave County, Arizona"
"Pipe Spring National Monument","161874.0","57360","Fredonia, Arizona","Mohave County, Arizona"
"Colorado National Monument","8.30941e+07","454510","Grand Junction, Colorado","Mesa County, Colorado"
"Rocky Mountain National Park","1.0755e+09","3176941","Grand Lake, Colorado","Larimer County, Colorado"
"Hawaii Volcanoes National Park","1.30888e+09","1693005","Hilo, Hawaii","Hawaii County, Hawaii"
"Navajo National Monument","1.45687e+06","87388","Kayenta, Arizona","Navajo County, Arizona"
"Dry Tortugas National Park","2.48805e+08","64865","Key West, Florida","Monroe County, Florida"
"Dry Tortugas National Park","2.61836e+08","64865","Key West, Florida","Monroe County, Florida"
"Katmai National Park and Preserve","1.65641e+10","39818","King Salmon, Alaska","Kenai Peninsula Borough, Alaska"
"Katmai National Park and Preserve","1.65641e+10","39818","King Salmon, Alaska","Kodiak Island Borough, Alaska"
"Katmai National Park and Preserve","1.65641e+10","39818","King Salmon, Alaska","Lake and Peninsula Borough, Alaska"
"Crater Lake National Park","7.41481e+08","614712","Klamath Falls, Oregon","Klamath County, Oregon"
"Cape Krusenstern National Monument","2.62674e+09","24950","Kotzebue, Alaska","Northwest Arctic Borough, Alaska"
"Noatak National Preserve","2.65875e+10","31000","Kotzebue, Alaska","North Slope Borough, Alaska"
"Noatak National Preserve","2.65875e+10","31000","Kotzebue, Alaska","Northwest Arctic Borough, Alaska"
"Fort Union National Monument","2.91616e+06","9575","Las Vegas, New Mexico","Mora County, New Mexico"
"Devils Postpile National Monument","3.22939e+06","91794","Mammoth Lakes, California","Madera County, California"
"Mesa Verde National Park","2.12399e+08","547325","Mancos, Colorado","Montezuma County, Colorado"
"Yosemite National Park","3.02719e+09","4150217","Mariposa, California","Madera County, California"
"Yosemite National Park","3.02719e+09","4150217","Mariposa, California","Mariposa County, California"
"Muir Woods National Monument","2.24196e+06","897131","Mill Valley, California","Marin County, California"
"Black Canyon of the Gunnison","1.24441e+08","183045","Montrose, Colorado","Montrose County, Colorado"
"National Historical Park","837699.0","26996","Natchitoches, Louisiana","Natchitoches Parish, Louisiana"
"Cane River Creole","837699.0","26996","Natchitoches, Louisiana","Natchitoches Parish, Louisiana"
"Glen Canyon National Recreation Area","5.07523e+09","2270817","Page, Arizona","Kane County, Utah"
"Point Reyes National Seashore","2.8744e+08","2412663","Point Reyes Station, California","Marin County, California"
"Haleakalā National Park","1.34619e+08","1142040","Pukalani, Hawaii","Maui County, Hawaii"
"Lassen Volcanic National Park","4.30796e+08","407653","Redding, California","Lassen County, California"
"Lassen Volcanic National Park","4.30796e+08","407653","Redding, California","Plumas County, California"
"Richmond National Battlefield Park","3.12834e+06","68438","Richmond, Virginia","Hanover County, Virginia"
"Richmond National Battlefield Park","2.95704e+07","68438","Richmond, Virginia","Hanover County, Virginia"
"Richmond National Battlefield Park","3.12834e+06","68438","Richmond, Virginia","Henrico County, Virginia"
"Richmond National Battlefield Park","2.95704e+07","68438","Richmond, Virginia","Henrico County, Virginia"
"Kenai Fjords National Park","2.71133e+09","281279","Seward, Alaska","Kenai Peninsula Borough, Alaska"
"Pinnacles National Park","1.07671e+08","224476","Soledad, California","San Benito County, California"
"Chickasaw National Recreation Area","4.00598e+07","1212139","Sulphur, Oklahoma","Murray County, Oklahoma"
"Lassen Volcanic National Park","4.30796e+08","407653","Susanville, California","Lassen County, California"
"Lassen Volcanic National Park","4.30796e+08","407653","Susanville, California","Plumas County, California"
"Lava Beds National Monument","1.88956e+08","124113","Tulelake, California","Modoc County, California"
"Brices Cross Roads National Battlefield Site","4046.86","2035","Tupelo, Mississippi","Lee County, Mississippi"
"Grand Canyon National Park","4.92608e+09","4756771","Tusayan, Arizona","Mohave County, Arizona"
"Niobrara National Scenic River","9.33772e+07","54385","Valentine, Nebraska","Keya Paha County, Nebraska"
"Niobrara National Scenic River","9.33772e+07","54385","Valentine, Nebraska","Rock County, Nebraska"
"Moores Creek National Battlefield","356123.0","48406","Wilmington, North Carolina","Pender County, North Carolina"
"Lake Meredith National Recreation Area","1.8202e+08","502457","Amarillo, Texas","Hutchinson County, Texas"
"Lake Meredith National Recreation Area","1.8202e+08","502457","Amarillo, Texas","Potter County, Texas"
"Alibates Flint Quarries National Monument","5.54824e+06","3282","Amarillo, Texas","Potter County, Texas"
"Acadia National Park","3.77665e+06","2811184","Bar Harbor, Maine","Hancock County, Maine"
"Acadia National Park","1.98296e+08","2811184","Bar Harbor, Maine","Hancock County, Maine"
"Acadia National Park","3.77665e+06","2811184","Bar Harbor, Maine","Knox County, Maine"
"Acadia National Park","1.98296e+08","2811184","Bar Harbor, Maine","Knox County, Maine"
"New River Gorge National River","2.94644e+08","1128195","Beckley, West Virginia","Raleigh County, West Virginia"
"Zion National Park","5.93257e+08","3662220","Cedar City, Utah","Iron County, Utah"
"Zion National Park","5.93257e+08","3662220","Cedar City, Utah","Kane County, Utah"
"Harry S. Truman National Historic Site","42451.5","31316","Independence, Missouri","Jackson County, Missouri"
"Fossil Butte National Monument","3.31761e+07","16552","Kemmerer, Wyoming","Lincoln County, Wyoming"
"Zion National Park","5.93257e+08","3662220","Orderville, Utah","Iron County, Utah"
"Zion National Park","5.93257e+08","3662220","Orderville, Utah","Kane County, Utah"
"Lake Roosevelt","4.06264e+08","1781972","Spokane, Washington","Lincoln County, Washington"
"Zion National Park","5.93257e+08","3662220","Springdale, Utah","Iron County, Utah"
"Zion National Park","5.93257e+08","3662220","Springdale, Utah","Kane County, Utah"
"Isle Royale National Park","2.31395e+09","14560","Thunder Bay","Keweenaw County, Michigan"
"Bryce Canyon National Park","1.45019e+08","1435741","Tropic, Utah","Kane County, Utah"
"Prince William Forest Park","6.50896e+07","379535","Dumfries, VA","Prince William County, Virginia"
"Sand Creek Massacre National Historic Site","5.09216e+07","1229590","Eads, CO","Kiowa County, Colorado"
"Curecanti National Recreation Area","1.74399e+08","924468","Gunnison, CO","Montrose County, Colorado"
"Guadalupe Mountains National Park","3.49515e+08","166868","Dell City, Texas","Hudspeth County, Texas"
"Congaree National Park","1.05303e+08","120122","Eastover, South Carolina","Richland County, South Carolina"
"Congaree National Park","1.07428e+08","120122","Eastover, South Carolina","Richland County, South Carolina"
"Manassas National Battlefield Park","2.05297e+07","715622","Gainesville, Virginia","Prince William County, Virginia"
"Puuhonua o Hōnaunau National Historical Park","1.69968e+06","442353","Holualoa, Hawaii","Hawaii County, Hawaii"
"Mount Rushmore National Memorial","5.1737e+06","2185447","Keystone, South Dakota","Pennington County, South Dakota"
"Bryce Canyon National Park","1.45019e+08","1435741","Panguitch, Utah","Kane County, Utah"
"Mount Rainier National Park","9.566e+08","1038229","Tacoma, Washington","Lewis County, Washington"
"Mount Rainier National Park","9.566e+08","1038229","Tacoma, Washington","Pierce County, Washington"
"Guadalupe Mountains National Park","3.49515e+08","166868","Texas","Hudspeth County, Texas"
"Minuteman Missile National Historic Site","60702.8","59389","Wall, South Dakota","Jackson County, South Dakota"
"Minuteman Missile National Historic Site","60702.8","59389","Wall, South Dakota","Pennington County, South Dakota"
"Minute Man National Historical Park","3.91331e+06","1002833","Lexington, Massachusetts","Middlesex County, Massachusetts"
"Lake Mead National Recreation Area","6.05331e+09","6344714","Las Vegas, Nevada","Mohave County, Arizona"
"Lake Clark National Park and Preserve","1.63089e+10","11639","Anchorage, Alaska","Kenai Peninsula Borough, Alaska"
"Lake Clark National Park and Preserve","1.63089e+10","11639","Anchorage, Alaska","Lake and Peninsula Borough, Alaska"
"Lake Clark National Park and Preserve","1.63089e+10","11639","Anchorage, Alaska","Matanuska-Susitna Borough, Alaska"
"Great Basin National Park","3.12336e+08","116123","Border, Utah","White Pine County, Nevada"
"Glen Canyon National Recreation Area","5.07523e+09","2270817","Bullfrog, Utah","San Juan County, Utah"
"Glen Canyon National Recreation Area","5.07523e+09","2270817","Bullfrog, Utah","Wayne County, Utah"
"Glen Canyon National Recreation Area","5.07523e+09","2270817","Bullfrog, Utah","Utah"
"Florissant Fossil Beds National Monument","2.4273e+07","61289","Florissant, Colorado","Teller County, Colorado"
"Great Basin National Park","3.12336e+08","116123","Baker, Nevada","White Pine County, Nevada"
"Cuyahoga Valley National Park","1.33344e+08","2284612","Akron, Ohio","Summit County, Ohio"
"Horseshoe Bend National Military Park","8.25559e+06","58564","Alexander City, Alabama","Tallapoosa County, Alabama"
"Aztec Ruins National Monument","1.2869e+06","41106","Aztec, New Mexico","San Juan County, New Mexico"
"Chickamauga and Chattanooga National Military Park","3.63124e+07","901384","Chattanooga, Tennessee","Walker County, Georgia"
"Chickamauga and Chattanooga National Military Park","3.65674e+07","901384","Chattanooga, Tennessee","Walker County, Georgia"
"Indiana Dunes National Lakeshore","6.0974e+07","2127336","Chesterton, Indiana","Indiana"
"Casa Grande Ruins National Monument","1.91214e+06","65106","Coolidge, Arizona","Arizona"
"Effigy Mounds National Monument","1.02224e+07","82581","Dubuque, Iowa","Iowa"
"Great Basin National Park","3.12336e+08","116123","Ely, Nevada","White Pine County, Nevada"
"Ozark National Scenic Riverways","3.23749e+08","1789783","Eminence, Missouri","Shannon County, Missouri"
"Ozark National Scenic Riverways","3.23749e+08","1789783","Eminence, Missouri","Texas County, Missouri"
"Big Cypress National Preserve","2.91603e+09","941393","Everglades City, Florida","Florida"
"Big Cypress National Preserve","2.91603e+09","941393","Everglades City, Florida","Miami-Dade County, Florida"
"Everglades National Park","6.09447e+09","1110901","Everglades City, Florida","Florida"
"Everglades National Park","6.10484e+09","1110901","Everglades City, Florida","Florida"
"Everglades National Park","6.09447e+09","1110901","Everglades City, Florida","Miami-Dade County, Florida"
"Everglades National Park","6.10484e+09","1110901","Everglades City, Florida","Miami-Dade County, Florida"
"Everglades National Park","6.09447e+09","1110901","Florida City, Florida","Florida"
"Everglades National Park","6.10484e+09","1110901","Florida City, Florida","Florida"
"Everglades National Park","6.09447e+09","1110901","Florida City, Florida","Miami-Dade County, Florida"
"Everglades National Park","6.10484e+09","1110901","Florida City, Florida","Miami-Dade County, Florida"
"Fort Smith National Historic Site","303514.0","86122","Fort Smith, Arkansas","Sebastian County, Arkansas"
"Fredericksburg and Spotsylvania National Military Park","3.38884e+07","534636","Fredericksburg, Virginia","Spotsylvania County, Virginia"
"Grand Canyon National Park","4.92608e+09","4756771","Fredonia, Arizona","Arizona"
"Scotts Bluff National Monument","1.21608e+07","128811","Gering, Nebraska","Scotts Bluff County, Nebraska"
"Hagerman Fossil Beds National Monument","1.76079e+07","21100","Hagerman, Idaho","Twin Falls County, Idaho"
"Biscayne National Park","6.99989e+08","525745","Homestead, Florida","Miami-Dade County, Florida"
"Voyageurs National Park","8.83024e+08","177184","International Falls, Minnesota","St. Louis County, Minnesota"
"Navajo National Monument","1.45687e+06","87388","Kayenta, Arizona","Arizona"
"Nez Perce National Historical Park","1.84577e+07","286259","Lewiston, Idaho","Oregon"
"Yosemite National Park","3.02719e+09","4150217","Mariposa, California","Tuolumne County, California"
"Effigy Mounds National Monument","1.02224e+07","82581","Marquette, Iowa","Iowa"
"Canaveral National Seashore","2.3335e+08","1005001","New Smyrna Beach, Florida","Florida"
"Tumacácori National Historical Park","1.45687e+06","33740","Nogales, Arizona","Santa Cruz County, Arizona"
"Tumacácori National Historical Park","1.45687e+06","33740","Nogales, Arizona","Arizona"
"Assateague Island National Seashore","1.67216e+08","2105419","Ocean City, Maryland","Worcester County, Maryland"
"Glen Canyon National Recreation Area","5.07523e+09","2270817","Page, Arizona","San Juan County, Utah"
"Glen Canyon National Recreation Area","5.07523e+09","2270817","Page, Arizona","Wayne County, Utah"
"Glen Canyon National Recreation Area","5.07523e+09","2270817","Page, Arizona","Utah"
"Rainbow Bridge National Monument","647497.0","92311","Page, Arizona","San Juan County, Utah"
"Whiskeytown–Shasta–Trinity National Recreation Area","8.23887e+08","782014","Redding, California","Shasta County, California"
"Lassen Volcanic National Park","4.30796e+08","407653","Redding, California","Shasta County, California"
"Lassen Volcanic National Park","4.30796e+08","407653","Redding, California","Tehama County, California"
"Ozark National Scenic Riverways","3.23749e+08","1789783","Salem, Missouri","Shannon County, Missouri"
"Ozark National Scenic Riverways","3.23749e+08","1789783","Salem, Missouri","Texas County, Missouri"
"San Antonio Missions","1.87369e+06","614810","San Antonio","Texas"
"San Antonio Missions","3.83642e+06","614810","San Antonio","Texas"
"National Historical Park","1.87369e+06","614810","San Antonio","Texas"
"National Historical Park","3.83642e+06","614810","San Antonio","Texas"
"Channel Islands National Park","1.00994e+09","342161","Santa Barbara, California","Santa Barbara County, California"
"Saratoga National Historical Park","1.37269e+07","65043","Saratoga Springs, New York","Saratoga County, New York"
"Antietam National Battlefield","1.10965e+07","384987","Sharpsburg, Maryland","Washington County, Maryland"
"Antietam National Battlefield","1.30713e+07","384987","Sharpsburg, Maryland","Washington County, Maryland"
"Klondike Gold Rush National Historical Park","5.25929e+07","860048","Skagway, Alaska","Washington (state)"
"Lassen Volcanic National Park","4.30796e+08","407653","Susanville, California","Shasta County, California"
"Lassen Volcanic National Park","4.30796e+08","407653","Susanville, California","Tehama County, California"
"Canaveral National Seashore","2.3335e+08","1005001","Titusville, Florida","Florida"
"Grand Canyon National Park","4.92608e+09","4756771","Tusayan, Arizona","Arizona"
"Ozark National Scenic Riverways","3.23749e+08","1789783","Van Buren, Missouri","Shannon County, Missouri"
"Ozark National Scenic Riverways","3.23749e+08","1789783","Van Buren, Missouri","Texas County, Missouri"
"Lake Meredith National Recreation Area","1.8202e+08","502457","Amarillo, Texas","Texas"
"Lake Meredith National Recreation Area","1.8202e+08","502457","Amarillo, Texas","Moore County, Texas"
"Alibates Flint Quarries National Monument","5.54824e+06","3282","Amarillo, Texas","Texas"
"Apostle Islands National Lakeshore","2.80739e+08","176040","Bayfield, Wisconsin","Wisconsin"
"New River Gorge National River","2.94644e+08","1128195","Beckley, West Virginia","Summers County, West Virginia"
"Zion National Park","5.93257e+08","3662220","Cedar City, Utah","Washington County, Utah"
"Zion National Park","5.93257e+08","3662220","Cedar City, Utah","Utah"
"George Washington Birthplace National Monument","2.6778e+06","130647","Colonial Beach, Virginia","Westmoreland County, Virginia"
"Padre Island National Seashore","5.27848e+08","666580","Corpus Christi, Texas","Texas"
"Big Thicket National Preserve","4.41453e+08","137722","Kountze, Texas","Texas"
"Canyonlands National Park","1.36621e+09","634607","Moab, Utah","San Juan County, Utah"
"Canyonlands National Park","1.36621e+09","634607","Moab, Utah","Wayne County, Utah"
"Canyonlands National Park","1.36621e+09","634607","Moab, Utah","Utah"
"Zion National Park","5.93257e+08","3662220","Orderville, Utah","Washington County, Utah"
"Zion National Park","5.93257e+08","3662220","Orderville, Utah","Utah"
"Lake Roosevelt","4.06264e+08","1781972","Spokane, Washington","Stevens County, Washington"
"Zion National Park","5.93257e+08","3662220","Springdale, Utah","Washington County, Utah"
"Zion National Park","5.93257e+08","3662220","Springdale, Utah","Utah"
"Saint Croix National Scenic Riverway","3.75297e+08","521695","St. Croix Falls, Wisconsin","Wisconsin"
"Bryce Canyon National Park","1.45019e+08","1435741","Tropic, Utah","Utah"
"Marsh-Billings-Rockefeller National Historical Park","2.60213e+06","29049","Woodstock, Vermont","Windsor County, Vermont"
"Mojave National Preserve","6.22413e+09","542527","Baker, California","San Bernardino County, California"
"Klondike Gold Rush National Historical Park","5.25929e+07","860048","Seattle","Washington (state)"
"Agate Fossil Beds National Monument","4.70123e+07","11824","Harrison, NE","Sioux County, Nebraska"
"Amistad National Recreation Area","2.36741e+08","1367502","Del Rio, Texas","Val Verde County, Texas"
"Guadalupe Mountains National Park","3.49515e+08","166868","Dell City, Texas","Texas"
"National Historical Park","8.38509e+06","266717","Friday Harbor, Washington","San Juan County, Washington"
"Great Smoky Mountains National Park","2.11415e+09","10712674","Gatlinburg, Tennessee","Sevier County, Tennessee"
"Great Smoky Mountains National Park","2.11415e+09","10712674","Gatlinburg, Tennessee","Swain County, North Carolina"
"Bryce Canyon National Park","1.45019e+08","1435741","Panguitch, Utah","Utah"
"Guadalupe Mountains National Park","3.49515e+08","166868","Texas","Texas"
"Great Smoky Mountains National Park","2.11415e+09","10712674","Cherokee, North Carolina","Sevier County, Tennessee"
"Great Smoky Mountains National Park","2.11415e+09","10712674","Cherokee, North Carolina","Swain County, North Carolina"
"Grand Teton National Park","1.25453e+09","3149921","Jackson, Wyoming","Teton County, Wyoming"
"John D. Rockefeller Jr. Memorial Parkway","9.71246e+07","1137117","Jackson, Wyoming","Teton County, Wyoming"
"North Cascades National Park","2.04278e+09","21623","Mount Vernon, Washington","Skagit County, Washington"
"North Cascades National Park","2.04278e+09","21623","Mount Vernon, Washington","Whatcom County, Washington"
"North Cascades National Park","2.04278e+09","21623","Mount Vernon, Washington","Washington (state)"
"Ross Lake National Recreation Area","4.75809e+08","728353","Newhalem, Washington","Skagit County, Washington"
"Ross Lake National Recreation Area","4.75809e+08","728353","Newhalem, Washington","Whatcom County, Washington"
"Cuyahoga Valley National Park","1.33344e+08","2284612","Cleveland, Ohio","Summit County, Ohio"
"Natchez Trace Parkway","2.11659e+08","5765343","Jackson, Mississippi","Tennessee"
"Natchez Trace Parkway","2.11659e+08","5765343","Jackson, Mississippi","Alabama"
"Natchez Trace Parkway","2.11659e+08","5765343","Jackson, Mississippi","Mississippi"
"Fort Washington Park","1.37998e+06","466078","Maryland","Maryland"
"Fort Washington Park","1.37998e+06","466078","Maryland","Prince George's County, Maryland"
"Flight 93 National Memorial","8.90308e+06","300000","Pennsylvania","Pennsylvania"
"Flight 93 National Memorial","8.90308e+06","300000","Pennsylvania","Somerset County, Pennsylvania"
"Blue Ridge Parkway","3.77936e+08","12877368","Asheville, North Carolina","North Carolina"
"Carlsbad Caverns National Park","1.37188e+06","397309","Carlsbad, New Mexico","Eddy County, New Mexico"
"Carlsbad Caverns National Park","1.89255e+08","397309","Carlsbad, New Mexico","Eddy County, New Mexico"
"Hopewell Culture National Historical Park","4.73482e+06","33834","Chillicothe, Ohio","Ohio"
"Hopewell Culture National Historical Park","4.73482e+06","33834","Chillicothe, Ohio","Ross County, Ohio"
"Tuzigoot National Monument","3.2856e+06","101104","Cottonwood, Arizona","Yavapai County, Arizona"
"Walnut Canyon National Monument","1.42814e+07","125003","Flagstaff, Arizona","Coconino County, Arizona"
"Fort Washington Park","1.37998e+06","466078","Fort Washington, Maryland","Maryland"
"Fort Washington Park","1.37998e+06","466078","Fort Washington, Maryland","Prince George's County, Maryland"
"Hot Springs National Park","2.24601e+07","1382589","Hot Springs, Arkansas","Garland County, Arkansas"
"Flight 93 National Memorial","8.90308e+06","300000","Johnstown, Pennsylvania","Pennsylvania"
"Flight 93 National Memorial","8.90308e+06","300000","Johnstown, Pennsylvania","Somerset County, Pennsylvania"
"Montezuma Castle National Monument","3.47734e+06","573731","Prescott, Arizona","Yavapai County, Arizona"
"Montezuma Castle National Monument","3.47734e+06","573731","Prescott, Arizona","Arizona"
"Hopewell Furnace National Historic Site","3.43173e+06","49980","Reading, Pennsylvania","Berks County, Pennsylvania"
"Joshua Tree National Park","3.19959e+09","1383340","San Bernardino, California","San Bernardino County, California"
"Joshua Tree National Park","3.19959e+09","1383340","San Bernardino, California","Riverside County, California"
"Saguaro National Park","3.70053e+08","610045","Tucson, Arizona","Pima County, Arizona"
"Joshua Tree National Park","3.19959e+09","1383340","Twentynine Palms, California","San Bernardino County, California"
"Joshua Tree National Park","3.19959e+09","1383340","Twentynine Palms, California","Riverside County, California"
"Sequoia National Park","1.63519e+09","1106584","Visalia, California","Tulare County, California"
"Big South Fork National River and Recreation Area","5.07112e+08","600161","Whitley City, Kentucky","Tennessee"
"Harpers Ferry National Historical Park","1.48144e+07","255348","Charles Town, West Virginia","Virginia"
"Harpers Ferry National Historical Park","1.48144e+07","255348","Charles Town, West Virginia","West Virginia"
"Harpers Ferry National Historical Park","1.48144e+07","255348","Charles Town, West Virginia","Maryland"
"Shenandoah National Park","8.06025e+08","1209883","Front Royal, Virginia","Virginia"
"Arches National Park","3.10309e+08","1399247","Moab, Utah","Grand County, Utah"
"Arches National Park","3.10309e+08","1399247","Moab, Utah","Utah"
"Olympic National Park","3.73383e+09","3263761","Port Angeles, Washington","Clallam County, Washington"
"Olympic National Park","3.73383e+09","3263761","Port Angeles, Washington","Grays Harbor County, Washington"
"Olympic National Park","3.73383e+09","3263761","Port Angeles, Washington","Jefferson County, Washington"
"Olympic National Park","3.73383e+09","3263761","Port Angeles, Washington","Mason County, Washington"
"Olympic National Park","3.73383e+09","3263761","Port Angeles, Washington","Washington (state)"
"Capitol Reef National Park","2.71139e+06","786514","Torrey, Utah","Emery County, Utah"
"Capitol Reef National Park","9.78951e+08","786514","Torrey, Utah","Emery County, Utah"
"Capitol Reef National Park","2.71139e+06","786514","Torrey, Utah","Garfield County, Utah"
"Capitol Reef National Park","9.78951e+08","786514","Torrey, Utah","Garfield County, Utah"
"Capitol Reef National Park","2.71139e+06","786514","Torrey, Utah","Sevier County, Utah"
"Capitol Reef National Park","9.78951e+08","786514","Torrey, Utah","Sevier County, Utah"
"Capitol Reef National Park","2.71139e+06","786514","Torrey, Utah","Wayne County, Utah"
"Capitol Reef National Park","9.78951e+08","786514","Torrey, Utah","Wayne County, Utah"
"Capitol Reef National Park","2.71139e+06","786514","Torrey, Utah","Utah"
"Capitol Reef National Park","9.78951e+08","786514","Torrey, Utah","Utah"
"Cowpens National Battlefield","3.40745e+06","208936","Gaffney, South Carolina","Cherokee County, South Carolina"
"Great Falls Park","3.23749e+06","645000","McLean, Virginia","Fairfax County, Virginia"
"Big South Fork National River and Recreation Area","5.07112e+08","600161","Oneida, Tennessee","Tennessee"
"Gateway National Recreation Area","1.07675e+08","7697727","New York City","New Jersey"
"Cesar E. Chavez National Monument","469435.0","8157","Bakersfield, CA","California"
"Cesar E. Chavez National Monument","469435.0","8157","Bakersfield, CA","Kern County, California"
"Hampton National Historic Site","251067.0","35000","Baltimore, Maryland","Baltimore County, Maryland"
