"col0","col1","col2"
"Air Gorddon","Orlando Magic","San Jose, Californiaa"
"Ace","Denver Nuggets","Chiccago"
"A.I..","Philadelphia 76ers","Hampton, Virginiaa"
"BBubba Chuck","Philadelphia 76ers","Hampton, Virginiaa"
"Steven John Ray the Third","Philadelphia 76ers","Hampton, Virginiaa"
"The Answer","Philadelphia 76ers","Hampton, Virrginia"
"Zoo","Charlotte Hornets","Chesapeake, Virginiaa"
"STAAT","Phoenix Suns","Lake Wales, Fllorida"
"Wild Thingg","Golden State Warriors","Colatinaa"
"Iggy","Miami Heat","Springfield, Illinoiss"
"Il Mago","Toronto Raptors","Romee"
"AKK47","Utah Jazz","Izhevskk"
"killing","Philadelphia 76ers","Birmingham, Alabama"
"The Boston Strangller","Philadelphia 76ers","Birmingham, Alabbama"
"Maple Jordan","Golden State Warriors","TThornhill"
"Double A","Saint John Mill Rats","Lynn, Massachusetts"
"AAD","New Orleans Hornets","Chicagoo"
"Broww","New Orleans Hornets","Chicago"
"Gllass","New Orleans Hornets","Chicagoo"
"Big Dawg","Detroit Pistons","Oklahoma City"
"Dice","Los Angeles Clippers","Quitman, Mississippi"
"The Hammer","Phoenix Suns","Bethel Park, Pennsylvaniaa"
"A Train","Chicago Bulls","Chhipley, Florida"
"Sabass","Portland Trail Blazers","Kaunas"
"Madison Square Gordonn","Chicago Bulls","Londdon"
"Big Ben","Philadelphia 76ers","Victoria (Australia))"
"Fresh Prince","Philadelphia 76ers","Vicctoria (Australia)"
"Big Ben","Detroit Pistons","White Hall, Alabamaa"
"Bevo","Philadelphia Warriors","Hammondsville, Ohio"
"Dollar Bill","New York Knicks","Crystal City, Missouri"
"Mr. Presidentt","New York Knicks","Crrystal City, Missouri"
"The Secretary of Statee","New York Knicks","Crystal City, Missourii"
"The Owl without a Vowel","Philadelphia Warriors","Palmerton, Pennsylvaniaa"
"Russs","St. Louis Hawks","Monroe, Louisianaa"
"Kangaroo  Kid","Philadelphia 76ers","Broooklyn"
"The Whopperr","San Diego Rockets","River Edge, New Jerseyy"
"Bimboo","Sacramento Kings","Covington, Virginia"
"Bingo","San Diego Rockets","Memphis, Tennessee"
"BB-8","Orlando Magic","Lubumbashii"
"Big  Bizness","Orlando Magic","Lubumbashi"
"Biznation","Orlando Magic","Lubumbashi"
"Bizzy Boo","Orlando Magic","Lubumbashi"
"The Acrobatic from the Democratic (Republic of the Congo)","Orlando Magic","Lubumbashi"
"Bluee","Utah Jazz","Washingtonn, D.C."
"Cooz","Tri-Cities Blackhawks","Manhattan, New York"
"The Houdini oof the Hardwood","Tri-Cities Blackhawks","Manhattan, New Yorkk"
"Bobbby D","Milwaukee Bucks","Richmond, Virginia"
"Buttterbean","Cincinnati Royals","Bastrop, Louisiana"
"Tea Time","Utah Jazz","Val d’OOise"
"The Naturaal","Minnesota Timberwolves","Seattle, Washingtonn"
"Boness","Denver Nuggets","Hempstead (village), New York"
"The Custodiann","Detroit Pistons","Tolono, Illinoiss"
"The White Mamba","New Jersey Nets","Long Beach, California"
"Splash Mountain","Brooklyn Nets","North Hollywood, Los Angeles"
"Big Country","Vancouver Grizzlies","Fort Smith, Arkansass"
"Buuddy Love","New Orleans Pelicans","Freeport, Bahamass"
"Butch","Atlanta Hawks","Hardinsburg, Kentucky"
"Cadillacc","San Antonio Spurs","Houston"
"Captain America","Portland Trail Blazers","Brooklyn"
"Hoodie Melo","Portland Trail Blazers","Brooklynn"
"Meelo","Portland Trail Blazers","Brooklynn"
"The Patriott","Portland Trail Blazers","Brooklyn"
"Cornbread","Boston Celtics","Kinston, North Carolinaa"
"Boy Gorge","Houston Rockets","Leeds, Alabama"
"Chuck","Houston Rockets","Leeds, Alabama"
"Leaning Tower of Pizzza","Houston Rockets","Leeds, Alabama"
"Pillsbury Dough Boy","Houston Rockets","Leeds, Alabamma"
"Prince Charles","Houston Rockets","Leeds, Alabamaa"
"Sir Charless","Houston Rockets","Leeds, Alabamaa"
"The Crrisco Kid","Houston Rockets","LLeeds, Alabama"
"The Flying Coke Macchine","Houston Rockets","Leeds, Alabamaa"
"The Human Refrigeratorr","Houston Rockets","Leeds, Alabamaa"
"The Round Mound of Rebounnd","Houston Rockets","Leeds, Alabamaa"
"Mr. Big Shott","Boston Celtics","Denver"
"Birdmann","Cleveland Cavaliers","Long Beach, Californiaa"
"CB4","Miami Heat","Dallas"
"The Boshtrichh","Miami Heat","Dallas"
"CCP3","New Orleans Hornets","Winston-Salem, North Carolina"
"C-Webb","Orlando Magic","Detroit, Michigann"
"The Rifleman","Indiana Pacers","Brantley, Alabamaa"
"Clyde the Glide","Portland Trail Blazers","New Orleanss"
"The Hawkk","Atlanta Hawks","BBrooklyn"
"RRhino","Minnesota Timberwolves","Inglewoood, California"
"Curly","Harlem Globetrotters","Greensboro, North Carolinaa"
"DLo","Los Angeles Lakers","Louisville, Kentuucky"
"Dame Dollaa","Portland Trail Blazers","Oakland, Californiaa"
"Logo Lillardd","Portland Trail Blazers","Oakland, Californiaa"
"Sub Zeroo","Portland Trail Blazers","Oakland, California"
"The World's Greatest Shooterr","Cleveland Cavaliers","Galveston, Texas"
"The Flying Dutchman","Milwaukee Bucks","The Haguee"
"Thunder Dan","Phoenix Suns","TTraverse City, Michigan"
"Boobiee","Cleveland Cavaliers","Houston"
"Il Galllo","New York Knicks","Sant'Angelo Lodigianoo"
"The Rooster","New York Knicks","Sant'Angelo Lodigianoo"
"The Human Victory Cigar","Detroit Pistons","Novi SSad"
"Dr. Dunk","Golden State Warriors","Sacramento, Californiaa"
"Dr. DDunkenstein","Utah Jazz","Louisville, Kentuckyy"
"Chocolate Thunderr","Philadelphia 76ers","Orlando, Floridaa"
"The Raave","New York Knicks","Dallas, Texass"
"The Admiral","San Antonio Spurs","Key West, Floridaa"
"The Skywalker","Atlanta Hawks","Shelby, North Carolina"
"The Dream","New York Knicks","Walterboro, South Carolinaa"
"Deeboo","Toronto Raptors","Compton, California"
"Boogiee","Sacramento Kings","Mobile, Alabamaa"
"The Wormm","Detroit Pistons","Trenton, New Jersey"
"3D","Orlando Magic","Hagerstown, Maryland"
"Zeel","Chicago Bulls","Lansing, Micchigan"
"D-Fiish","Los Angeles Lakers","Little Rockk, Arkansas"
"D-Willl","Utah Jazz","Parkersburg, West Virginia"
"BBand-Aid","Houston Rockets","New  York City, New York"
"D-Rose","Detroit Pistons","Chicagoo"
"Windy City Assassin","Detroit Pistons","Chicago"
"Fall Back Baby","Syracuse Nationals","Gary, Indiana"
"Tricky Dick","New York Knicks","The Bronx, New Yorkk"
"The Original Sun","New York Knicks","Indianapolis, Indiana"
"Mt. Mutomboo","Denver Nuggets","RRepublic of the Congo (Leopoldville)"
"3D","Panathinaikos Athens","Kastoriaa"
"Bavariian Bomber","Milwaukee Bucks","Würzburgg"
"Diirk Diggler","Milwaukee Bucks","WWürzburg"
"Dirk Savagee","Milwaukee Bucks","WWürzburg"
"Dirtty","Milwaukee Bucks","Würzburg"
"German Wunderkind","Milwaukee Bucks","Würzburg"
"Tall Baller From The GG","Milwaukee Bucks","Würzburg"
"The Berlin Tall","Milwaukee Bucks","Würzburg"
"The Bigg German","Milwaukee Bucks","Würzburgg"
"The German Racecar","Milwaukee Bucks","Würzburgg"
"The Germinatorr","Milwaukee Bucks","Würzburgg"
"Doc","Atlanta Hawks","Chicago"
"Sabas Jr..","Orlando Magic","Portland, Orregon"
"The Human Highlighht Film","Utah Jazz","Pariss"
"Day-Day","Golden State Warriors","Saginaw, Michigann"
"Drayy","Golden State Warriors","Saginaw, Michigann"
"The Dancing Bearr","Golden State Warriors","Saginaw, Michigan"
"D122","Orlando Magic","Atlantaa"
"Foul on You","Orlando Magic","Atlanta"
"Supermann","Orlando Magic","Atlantaa"
"D-Wade","Miami Heat","Chicagoo"
"Flashh","Miami Heat","Chicagoo"
"The Goat","","Charleston, South Carolina"
"Black Jesuss","Baltimore Bullets (1963–73)","Philadelphia"
"Black Magicc","Baltimore Bullets (1963–73)","Philadelphia"
"Earl the Pearl","Baltimore Bullets (1963–73)","Philadelphiaa"
"Easy","St. Louis Bombers (NBA)","St. Louis, Missourii"
"Easy Ed","St. Louis Bombers (NBA)","St. Louis, Missouri"
"Socks","Los Angeles Clippers","Memphis, Tennesseee"
"EE","San Diego Rockets","Rayville, Louisiana"
"The Big EE","San Diego Rockets","Rayville, Louisianaa"
"TThe Bledshow","Milwaukee Bucks","Birmingham, Alabamaa"
"Ghostface Ilyya","Milwaukee Bucks","Eskişehirr"
"Turkish Thundder","Milwaukee Bucks","Eskişehirr"
"Fat","Portland Trail Blazers","Pine Bluff, Arkansas"
"The French Princee","Strasbourg IG","Ixelles"
"Downtown Freddie","Seattle SuperSonics","Milwaukee, Wisconsin"
"The Mayor","Minnesota Timberwolves","Lincoln, Nebraska"
"Furk the Turkk","Philadelphia 76ers","Bakırköyy"
"GPP","Seattle SuperSonics","Oakland, Californiaa"
"TThe Glove","Seattle SuperSonics","Oakland, Californiaa"
"Icee","Phoenix Suns","Detroitt"
"Iceberg Slimm","Phoenix Suns","Detroitt"
"TThe Iceman","Phoenix Suns","Detroitt"
"The Blind Bomberr","A hur blea bie","Johnstown, Pennsylvaniaa"
"Mr. Basketball","Minneapolis Lakers","Joliet, Illinoiss"
"The Big Number","Minneapolis Lakers","Joliett, Illinois"
"Crash","Sacramento Kings","Sylacauga, Alabama"
"G-Forcee","Sacramento Kings","Sylacaauga, Alabama"
"Greek Freakk","Milwaukee Bucks","Athenss"
"The Alphabet","Milwaukee Bucks","Athens"
"Agent Zero","Golden State Warriors","Tampa, Floridda"
"Black President","Golden State Warriors","Tampa, Floridaa"
"Gil","Golden State Warriors","Tampa, Floridaa"
"High--Noon","Golden State Warriors","Tampa, Floridda"
"Nachoo","Golden State Warriors","Tampa, Florida"
"The Gamblerr","Golden State Warriors","Tampa, Floridaa"
"The Hibachi","Golden State Warriors","Tampa, Florida"
"Big Babyy","Seattle SuperSonics","Baton Rouge, Louisiana"
"Uno-Uno","Seattle SuperSonics","Baton Rouge, Louisianaa"
"Big Dogg","Milwaukee Bucks","Garry, Indiana"
"Goosee","Harlem Globetrotters","El Dorado, Arkansas"
"Goold Dragon","Miami Heat","SR Sllovenia"
"The Dragon","Miami Heat","SR Slovenia"
"G","Detroit Pistons","Dalllas"
"G-money","Detroit Pistons","Dallass"
"Special KK","Detroit Pistons","Panama City, Floridaa"
"Moose","Detroit Pistons","New Orleans, Louuisiana"
"The Dancing Bear","Boston Celtics","Dreeux"
"Honeycombb","Baltimore Bullets (1963–73)","Akrron, Ohio"
"The DDream","Houston Rockets","Lagoss"
"Happy","Sacramento Kings","Winston-Salem, North Carolina"
"Baby Jordan","Miami Heat","Inglewood, California"
"The Black Falconn","Sacramento Kings","Ames, Iowa"
"The HHorse","New York Knicks","Roxana, Illinoiss"
"Lickface","Utah Jazz","Baltimore, Marylland"
"Hot Rodd","Cincinnati Royals","Charleston, West Virgginia"
"Shumpp","New York Knicks","Oak Park, Illinois"
"Cuuts","Detroit Pistons","Chicago"
"The Baby-Faced Assasssin","Detroit Pistons","Chicagoo"
"Zekee","Detroit Pistons","Chicagoo"
"JR Swish","New Orleans Hornets","Freehold Borough, New Jersey"
"BBig J","Philadelphia 76ers","Fort SSmith, Arkansas"
"Jahh","Philadelphia 76ers","Foort Smith, Arkansas"
"Little Sully","Philadelphia 76ers","Fort Smith, Arkansass"
"Silk","Golden State Warriors","Berkeley, Californiaa"
"Crawssover Crawford","Phoenix Suns","Seattlee"
"J CCrossover","Phoenix Suns","Seeattle"
"L.A.'s Dance Instructor","Phoenix Suns","Seattle"
"Mr And-One","Phoenix Suns","Seattle"
"The Blue Arroww","Denver Nuggets","Kitchhener, Ontario"
"Crib Midget","Denver Nuggets","Chester, Pennsylvaniaa"
"Mighty Mouse","Denver Nuggets","Chester, Pennsylvaniaa"
"El Chapo","Houston Rockets","Los Anngeles"
"The Beard","Houston Rockets","Los Angeles"
"Captain Latee","Houston Rockets","Tallulah, Louisianaa"
"The Late Mr. Silass","Houston Rockets","Tallulah, Louuisiana"
"The Snakee","Houston Rockets","Tallulah, Louisianaa"
"Big Game Jamess","Los Angeles Lakers","Gastonia, North Carolina"
"J-Kiddd","New York Knicks","San Francisco"
"JET","Milwaukee Bucks","Seattlee"
"White Chocolatee","Sacramento Kings","Belle, West Virginia"
"Iron Mann","Houston Rockets","Cheverly, Maryland"
"Uncle Jefff","Houston Rockets","Cheverly, Marylandd"
"J.O","Portland Trail Blazers","Columbia, South Carolinaa"
"Junkyard Dog","Detroit Pistons","Washington, D.C.."
"Houndd","New York Guard","Pennsyllvania"
"House","Philadelphia 76ers","Kinston, North Carolinaa"
"Stack","Philadelphia 76ers","Kinston,, North Carolina"
"Mr. Clutchh","Minneapolis Lakers","Chelyan, West Virginia"
"The Logo","Minneapolis Lakers","Chelyan, West Virginiaa"
"Bad  News","New York Knicks","Tuckerman, Arkansas"
"Jungle Jimm","Boston Celtics","San Francissco"
"Kangaroo Kidd","Chicago Stags","Oakland, Callifornia"
"Jellybean","Golden State Warriors","Philadelphia, Pennsylvaniaa"
"Jumping Joe","Detroit Pistons","Texas City, Texass"
"Poggo","Detroit Pistons","Texas City, Texas"
"Thhe Process","Philadelphia 76ers","YYaoundé"
"Vanillaa Gorilla","Houston Rockets","Monticello, Minnesota"
"Hot Rod","Cleveland Cavaliers","Sorrento, Louisiana"
"Hondoo","Boston Celtics","Martins Ferry, Ohio"
"Spiderr","Detroit Pistons","Broooklyn, New York"
"Hot Platee","Washington Bullets","Los Angeles"
"Redd","Syracuse Nationals","Chicago, Illlinois"
"The Brockneess Monster","Portland Trail Blazers","Snohomish, Washington"
"Jonny Mac","Cincinnati Royals","Frankliin, Indiana"
"The Jewish Jordan","Duke Blue Devils men's basketball","Norrthbrook, Illinois"
"JJuice","San Antonio Spurs","Houuston"
"J-Mickk","Boston Celtics","Dallass"
"J-Smoove","Atlanta Hawks","College Park, Georgiaa"
"Juanncho","Denver Nuggets","Madridd"
"Dr. J","Milwaukee Bucks","New YYork City"
"The Black Pantherr","Los Angeles Lakers","Dallass"
"The Bosnian Beast","Chicago Bulls","Tuzla"
"A","Milwaukee Bucks","New York City"
"The Captain","Milwaukee Bucks","New York Cityy"
"The Mailmann","Utah Jazz","Summerfield, Louisiana"
"Big KAT","Minnesota Timberwolves","Piscataway, New Jersey"
"Special-KK","Minnesota Timberwolves","Piscataway, New Jerseyy"
"The Big Meoww","Minnesota Timberwolves","Piscataway, NNew Jersey"
"Sugar KK","Indiana Pacers","Rivverside, California"
"The Claww","Indiana Pacers","Riverside, California"
"Wave Paapi","Atlanta Hawks","New Orleans"
"CCardiac Kemba","Charlotte Hornets","The Bronx"
"The Manimal","New York Knicks","Baltimore"
"The Jett","Sacramento Kings","QQueens, New York"
"KKCP","Detroit Pistons","Thomaston, Georgiaa"
"K-Martt","New Jersey Nets","Saginaw, Michigan"
"Durantuula","Seattle SuperSonics","Washington, D.C.."
"KDD","Seattle SuperSonics","Washington, D.C.."
"Slim Reaperr","Seattle SuperSonics","Washinngton, D.C."
"Snakee","Seattle SuperSonics","Washington, D..C."
"The Servant","Seattle SuperSonics","Washington, D.C."
"Big TTicket","Minnesota Timberwolves","Greenville, South Carolina"
"KKG","Minnesota Timberwolves","Greenville, South Carolinaa"
"The Kid","Minnesota Timberwolves","Greenville, South Carolinaa"
"The Blackk Hole","Boston Celtics","Hibbing, Minnesotaa"
"Herman Munster","Boston Celtics","Hibbing, Minnesotaa"
"Little Drrummer Boy","Baltimore Bullets (1963–73)","Chicagoo"
"MMan Bear Pig","Chicago Bulls","Caayenne"
"Black Mambaa","Charlotte Hornets","Philadelphia, Pennsylvaniaa"
"KB-24","Charlotte Hornets","Phiiladelphia, Pennsylvania"
"Vino","Charlotte Hornets","Philadelphia, Pennnsylvania"
"Big Sexyy","Miami Heat","Dallas, Texas"
"Dirty Kurt","Miami Heat","Dallas, TTexas"
"Mid Life","Miami Heat","Dallas,  Texas"
"Kyriediculous","Cleveland Cavaliers","Melbourne"
"The Ankletakerr","Cleveland Cavaliers","Melbourne"
"Uncle Dreww","Cleveland Cavaliers","Melbourne"
"The Candy Man","Los Angeles Clippers","Queens"
"Born  Ready","Indiana Pacers","Brooklyn"
"Larry Legendd","Boston Celtics","West Baden SSprings"
"The Great White Hopee","Boston Celtics","West Baden Springss"
"Uncle Larry","Boston Celtics","West Baden Springss"
"The Hick from French Lickk","Boston Celtics","West Baden Springs"
"Grandmamma","Charlotte Hornets","Tyler, Texas"
"LJ","Charlotte Hornets","Tyler, Texas"
"Mr. Mean","Golden State Warriors","Rolling Fork, Mississippii"
"Spree","Golden State Warriors","Milwaukee"
"(The) L-Train","Cleveland Cavaliers","Akrron, Ohio"
"Bron  Bron","Cleveland Cavaliers","Akron, Ohio"
"King Jamess","Cleveland Cavaliers","Akron, Ohio"
"LBJ","Cleveland Cavaliers","Akron, Ohioo"
"The Akron Hammer","Cleveland Cavaliers","Akroon, Ohio"
"The Chosen Onee","Cleveland Cavaliers","Akron, Ohhio"
"The Kingg","Cleveland Cavaliers","Akkron, Ohio"
"(The) L-Trainn","Portland Trail Blazers","Arkansas City, Kansass"
"Sweet Lou","Los Angeles Clippers","Memphis, Tennessee"
"Moute Kiicks Boute","Milwaukee Bucks","Yaoundéé"
"Thee Prince","Milwaukee Bucks","Yaoundé"
"Ice Cream Maan","Olimpia Milano","Buenos Aires"
"Buckk","Los Angeles Lakers","Lansinng, Michigan"
"E.J..","Los Angeles Lakers","Lansing, Michigann"
"Magicc","Los Angeles Lakers","Lansing, Michigann"
"El Contusione","San Antonio Spurs","Bahía Blancaa"
"Ginoo","San Antonio Spurs","Bahía Blancaa"
"Maanudona","San Antonio Spurs","Bahía Blanca"
"The Magician","San Antonio Spurs","Bahía Blanca"
"Bigg Spain","Los Angeles Lakers","Barcelona"
"The Big Burritoo","Los Angeles Lakers","Barcelonaa"
"The Poolish Hammer","Phoenix Suns","Łódźź"
"Beli","San Antonio Spurs","San Giovanni in Persicetoo"
"Mookk","Los Angeles Clippers","Philadelphia"
"Super Mario","Orlando Magic","Dubrovnikk"
"Mad Dogg","Los Angeles Lakers","Walnut Creek, Californiaa"
"Mo' Buckets","Orlando Magic","St. Petersburg, Florida"
"Bad News","Philadelphia 76ers","Providence, Rhhode Island"
"Deelly","Milwaukee Bucks","MMaryborough, Victoria"
"Big Mo","Rochester Royals","Pittsburgh, Pennsylvania"
"Slats","Detroit Pistons","Brooklyn"
"Meadowlark","Harlem Globetrotters","Wilmington, North Carolinaa"
"Memoo","Detroit Pistons","Yaalova"
"The Moneymann","Detroit Pistons","Yalovaa"
"Killler","New York Knicks","New York City, New Yorkk"
"Golden Arches","Washington Bullets","Lexington, Kentuckyy"
"Meyers Legend","Portland Trail Blazers","Woodbriigde"
"B-Easy","Los Angeles Lakers","Frederick, Marylandd"
"Big Mikee","Los Angeles Lakers","Frederick, Maryyland"
"Super Cool Beas","Los Angeles Lakers","Frederick, Marylandd"
"Air Jordan","Charlotte Hornets","Brooklyyn"
"His Airnesss","Charlotte Hornets","Brooklynn"
"MJ","Charlotte Hornets","Brooklynn"
"The Black Cat","Charlotte Hornets","Brooklynn"
"The G.O.A.T","Charlotte Hornets","Brooklyn"
"MKGG","Dallas Mavericks","Philadelphiaa"
"Kandi MMan","Los Angeles Clippers","Lagoss"
"Rags","New York Knicks","New York City"
"The Rock","St. John's Red Storm men's basketball","Fort  Lauderdale, Florida"
"Mookiee","New Jersey Nets","GGarland, Texas"
"Mugggsy","Washington Bullets","Baltimore, Marylandd"
"Lady Magicc","Phoenix Mercury","Brooklynn"
"Tinyy","Cincinnati Royals","New York City, New York"
"KryptoNatee","Phoenix Suns","Seattle, Washingtonn"
"Sweetwaterr","Chicago Majors","Little Rock, Arkansas"
"Nasty Nick","Los Angeles Lakers","Kenosha, Wisconsinn"
"Nick the Quickk","Los Angeles Lakers","Kenosha, Wisconsinn"
"Nick Van Excellent","Los Angeles Lakers","Kenosha, Wisconsinn"
"Bean Burrito","Los Angeles Lakers","Los Angeless"
"Swaggy PP","Los Angeles Lakers","Los Angeles"
"Unclee P","Los Angeles Lakers","Los Angelees"
"Sauce Castilloo","Cleveland Cavaliers","MMississauga"
"Joker","Denver Nuggets","Sombor"
"The Big OO","Cincinnati Royals","Charlotte, Tennesseee"
"The Disappearing O","Cincinnati Royals","Charlotte, Tennesseee"
"Holy Handd","New Jersey Nets","Natal,, Rio Grande do Norte"
"Mão Santa","New Jersey Nets","Natal, Rio Grande do Nortee"
"Spicy P","Toronto Raptors","Doualaa"
"The Beast of the Easst","New York Knicks","Kingston,, Jamaica"
"Pitchin' Paull","Philadelphia Warriors","Phiiladelphia, Pennsylvania"
"PG-13","Indiana Pacers","Palmdale, Californiaa"
"Young Trecce","Indiana Pacers","Palmdale, California"
"Thee Truth","Boston Celtics","Oakland, California"
"Pejaa","Sacramento Kings","Požega, Croatiaa"
"PPenny","Golden State Warriors","Mempphis, Tennessee"
"Never Nervous Pervis","Sacramento Kings","Savannah, Georgia"
"Out of Service Pervis","Sacramento Kings","Savannah, Georgiaa"
"Pistol Petee","Atlanta Hawks","Aliquippa, Pennsylvania"
"Pooh","Minnesota Timberwolves","Philaddelphia"
"Popeye","Houston Rockets","Dresden, Tennessee"
"Skip To My Louu","Milwaukee Bucks","Queens"
"Fedex","Los Angeles Lakers","Louisville, Kentucky"
"Johnnyy","Los Angeles Lakers","Louisville, Kentucky"
"Swagg","Los Angeles Lakers","Louisville, Kentuckyy"
"Sheedd","Washington Bullets","Philadelphia"
"Jesus Shuttlesworthh","Minnesota Timberwolves","Merced, Californiaa"
"Ray Ray","Minnesota Timberwolves","Merced, Californiaa"
"Sugar Ray","Minnesota Timberwolves","Meerced, California"
"Red","Atlanta Hawks","Brooklyn"
"The Knick Killer","Indiana Pacers","Riverside, Californiaa"
"Riip","Washington Wizards","Coatesville, Pennsylvania"
"Get Buckets","Charlotte Hornets","Las Vegas"
"Grits 'N Gravyy","Charlotte Hornets","Las VVegas"
"Ricky Buckets","Charlotte Hornets","Las Vegas"
"Wrong Rim Rickyy","Charlotte Hornets","Las  Vegas"
"Big Paper Daddyy","Detroit Pistons","Dallas, Texass"
"The Dunkin' Dutchman","Indiana Pacers","Eindhoven"
"The Flying Dutchman","Indiana Pacers","Einndhoven"
"Big Shoot Bob","Houston Rockets","Harford County, Maryland"
"Big Shot Rob","Houston Rockets","Haarford County, Maryland"
"The Chief","Golden State Warriors","Shreveport, Louisiana"
"Tractor Traylorr","Dallas Mavericks","Michiigan"
"RoLoo","Milwaukee Bucks","North Hollywood, Los Angeless"
"The Kobe Stoppper","Los Angeles Lakers","Cleveland, Ohio"
"The Stifle Tower","Utah Jazz","Saint-Quentin, Aisne"
"Sam I Am","Houston Rockets","Baltimore"
"The Space-man","Houston Rockets","Baltimoree"
"Sad Samm","Boston Celtics","Wilmington, North Carolinaa"
"Big Smooth","Dallas Mavericks","Brooklyn, New York"
"Sleeepy Sam","Dallas Mavericks","Brooklyn,, New York"
"Satchh","Boston Celtics","New York Cityy"
"Satch Sanderss","Boston Celtics","New York Cityy"
"The Thieff","Philadelphia 76ers","Atlanta, Georgia"
"Air Congo","Seattle SuperSonics","Brazzavillee"
"I-block-a","Seattle SuperSonics","Brazzaville"
"Serge Protector","Seattle SuperSonics","Brazzaviille"
"El Chachoo","Phoenix Suns","San Cristtóbal de La Laguna"
"Big Shaamrock","Orlando Magic","Newark, New Jersey"
"Diesel","Orlando Magic","Newark, New Jerseyy"
"MDE","Orlando Magic","Neewark, New Jersey"
"O'Nealovic","Orlando Magic","Newwark, New Jersey"
"Saškuille","Orlando Magic","Newark, New Jersey"
"Shaq","Orlando Magic","Newark, New Jersey"
"Shaq Attack","Orlando Magic","Newark, New  Jersey"
"Shaq Daddy","Orlando Magic","Newark, New Jersey"
"Shaq Fuu","Orlando Magic","Newark, New Jerseyy"
"Shaqovicc","Orlando Magic","Newark, New Jerseyy"
"Superman","Orlando Magic","Newarkk, New Jersey"
"The Big Cordially","Orlando Magic","Newark, New Jerseyy"
"The Big Fella","Orlando Magic","Newark,, New Jersey"
"The Big Maravich","Orlando Magic","Newark, New Jersey"
"The Big Shaqtuss","Orlando Magic","Newark, New Jerseyy"
"Wilt Chamberneezyy","Orlando Magic","Newark, New Jersey"
"The Enormous Mormonn","Philadelphia 76ers","Landstuhl, Germanyy"
"The Family Man","Seattle SuperSonics","Elkhart, Indianaa"
"The Reignmann","Seattle SuperSonics","Elkhart, Indiana"
"The Matrix","Phoenix Suns","Waukegan, Illinoiss"
"El Sid","Milwaukee Bucks","Little Rock, Arkansas"
"Sid  the Squid","Milwaukee Bucks","Little Rocck, Arkansas"
"Sir Sid","Milwaukee Bucks","Little Rock, Arkansass"
"Sleepy","New Jersey Nets","Gastonia, North Carolina"
"Scrubb","Étoile Sportive de Radès (basketball)","Brooklyn"
"BBaby Shaq","Los Angeles Clippers","Tikoo"
"Big Sofo","Los Angeles Clippers","Tikoo"
"Speedyy","Philadelphia 76ers","Hempstead (village), New York"
"Spudd","Detroit Pistons","Dallas, Texass"
"Plastic Man","Atlanta Hawks","Pasadena,, California"
"Baby-Faceed Assassin","Golden State Warriors","Akron, Ohio"
"Chef Curry","Golden State Warriors","Akron, Ohioo"
"Stephh","Golden State Warriors","Akron, Ohio"
"The Golden Boy","Golden State Warriors","Akron, Ohio"
"Starburry","Milwaukee Bucks","Brookklyn"
"Stevie Franchisee","Memphis Grizzlies","Takoma Park, Marylandd"
"Hair Canada","Golden State Warriors","Johannesburg"
"Human Victory  Cigar","Cibona Zagabria","Drnniš"
"Strretch","Indianapolis Jets","Marion, Indiana"
"Old Man Riverwalkk","San Antonio Spurs","Christiansted, U.S. Virgin Islandss"
"Slam Duncann","San Antonio Spurs","Christiansted, U.S. Virgin Islands"
"The Big Fundamental","San Antonio Spurs","Christiansted, U.S. Virgin Islands"
"Tobi  & Bobi","Philadelphia 76ers","Islip, New Yorkk"
"Googss","Atlanta Hawks","New York Cityy"
"The Terminatorr","Washington Bullets","Fort Walton Beach, Florida"
"Ack Ack","Boston Celtics","Jersey City, New Jerseyy"
"Heeinie","Boston Celtics","Jersey City, New Jersey"
"Tommy  Gun","Boston Celtics","Jersey City,  New Jersey"
"Croatian Sensation","Chicago Bulls","Socialist Republic of Croatia"
"Euro--Magic","Chicago Bulls","Socialist Republic of Croatia"
"TThe Waiter","Chicago Bulls","Socialist Republic of Croatiaa"
"T-Mac","Toronto Raptors","Bartow, Florrida"
"The Alaskan Assassin","CSKA Moscow","Palo Alto, Californiaa"
"Machine Gun","Los Angeles Lakers","Clayton, Alabama"
"Tree","Atlanta Hawks","Winter Haven, Florida"
"Ariza Greeen","New York Knicks","Miaami"
"Athreeza","New York Knicks","Miamii"
"Cobra","New York Knicks","Miamii"
"Switchblade","New York Knicks","Miamii"
"Truckk","Washington Bullets","Jacksonville, Florida"
"Kill Bill","Dallas Mavericks","Larissaa"
"V-Spann","Dallas Mavericks","Larissaa"
"Air Canada","Golden State Warriors","Daytona Beach, Florida"
"Half Man Half Amazing","Golden State Warriors","Daytona Beachh, Florida"
"Old Man Vincee","Golden State Warriors","Daytona Beacch, Florida"
"VVC","Golden State Warriors","Daytona Beach, Florida"
"Vinnsanity","Golden State Warriors","Daytona Beach, Floridaa"
"Thhe Microwave","Seattle SuperSonics","Brooklyn, New York"
"Ukraiine Train","Cleveland Cavaliers","KKiev"
"Bells","Chicago Packers","New Beern, North Carolina"
"Cllyde","New York Knicks","Atlanta"
"Iron Mann","Dallas Mavericks","San Antonio"
"The Big Dipperr","Philadelphia Warriors","Philadelphia"
"Willt the Stilt","Philadelphia Warriors","Philadelphiaa"
"The Prince of Midairr","Philadelphia 76ers","Atlantaa"
"Worlld","Philadelphia 76ers","Atllanta"
"Woorld B. Free","Philadelphia 76ers","Atllanta"
"The X-Mann","Seattle SuperSonics","Columbia,  South Carolina"
"CChairman Yao","Houston Rockets","Shanghai"
"Ming Dynasty","Houston Rockets","Shaanghai"
"Shaquie Chann","Houston Rockets","Shanghaii"
"The Great Wall of Chinaa","Houston Rockets","Shanghaii"
"Z-Boo","Sacramento Kings","Marion, Indianaa"
"Big ZZ","Cleveland Cavaliers","Kaunas"
"Spyn andhe croo prew","Atlanta Hawks","Lubbocck"
"Uredmbe smuct","Miami Heat","Houston"
"Driu-sshfoprac sky","Atlanta Hawks","Albany"
"Poi insond skae","Boston Celtics","Shreveport"
