"col0","col1","col2","col3"
"Alan Anderson (basketball)","2011","Brooklyn NNets","Shooting guard"
"Alan Anderson (basketball)","2011","Los Angeles Clippers","Shooting guard"
"Alan Anderson (basketball)","2011","Canton Charge","Shooting guard"
"Alan Anderson (basketball)","2011","Toronto Raptors","Shooting guard"
"Alan Anderson (basketball)","2011","Washington Wizards","Shooting guard"
"Alan Anderson (basketball)","2011","Waashington Wizards","Small forward"
"Alan Anderson (basketball)","2011","Toronto Raptors","Small forward"
"Alan Anderson (basketball)","2011","Los Angeles Clippers","Small forward"
"Alan Anderson (basketball)","2011","Brooklyn Netss","Small forward"
"Alan Anderson (basketball)","2011","Canton Chargee","Small forward"
"Alan Anderson (basketball)","2010","Brooklyn Netss","Shooting guard"
"Alan Anderson (basketball)","2010","Los  Angeles Clippers","Shooting guard"
"Alan Anderson (basketball)","2010","Caanton Charge","Shooting guard"
"Alan Anderson (basketball)","2010","Toronto Raptorss","Shooting guard"
"Alan Anderson (basketball)","2010","Washington Wizardss","Shooting guard"
"Alan Anderson (basketball)","2010","Washington Wizards","Small forward"
"Alan Anderson (basketball)","2010","Toronto Raptorss","Small forward"
"Alan Anderson (basketball)","2010","Los Angeles Clippers","Small forward"
"Alan Anderson (basketball)","2010","Brooklyn Nets","Small forward"
"Alan Anderson (basketball)","2010","Canton Chargee","Small forward"
"Alan Anderson (basketball)","2009","Brooklyn Netts","Shooting guard"
"Alan Anderson (basketball)","2009","Los AAngeles Clippers","Shooting guard"
"Alan Anderson (basketball)","2009","Canton Chargee","Shooting guard"
"Alan Anderson (basketball)","2009","Toronto Raptorss","Shooting guard"
"Alan Anderson (basketball)","2009","Washington Wizarrds","Shooting guard"
"Alan Anderson (basketball)","2009","Washington Wizardss","Small forward"
"Alan Anderson (basketball)","2009","Toronto Raptors","Small forward"
"Alan Anderson (basketball)","2009","Los Angeles Clippers","Small forward"
"Alan Anderson (basketball)","2009","Brooklyn Netss","Small forward"
"Alan Anderson (basketball)","2009","Canton Chargee","Small forward"
"Alan Anderson (basketball)","2008","Brooklyn Netss","Shooting guard"
"Alan Anderson (basketball)","2008","Los Angeles Clippers","Shooting guard"
"Alan Anderson (basketball)","2008","Canton Charge","Shooting guard"
"Alan Anderson (basketball)","2008","Toronto Raptors","Shooting guard"
"Alan Anderson (basketball)","2008","Washington Wizardss","Shooting guard"
"Alan Anderson (basketball)","2008","Washington Wizards","Small forward"
"Alan Anderson (basketball)","2008","Toronto RRaptors","Small forward"
"Alan Anderson (basketball)","2008","Los Angeles Clipperss","Small forward"
"Alan Anderson (basketball)","2008","Brooklyn Netss","Small forward"
"Alan Anderson (basketball)","2008","Canton Chargee","Small forward"
"Alan Anderson (basketball)","2007","Brooklyn Nets","Shooting guard"
"Alan Anderson (basketball)","2007","Los Angeles Clippers","Shooting guard"
"Alan Anderson (basketball)","2007","Canton Chargee","Shooting guard"
"Alan Anderson (basketball)","2007","Toronto Raptoors","Shooting guard"
"Alan Anderson (basketball)","2007","Washington Wizardss","Shooting guard"
"Alan Anderson (basketball)","2007","Washington Wizards","Small forward"
"Alan Anderson (basketball)","2007","TToronto Raptors","Small forward"
"Alan Anderson (basketball)","2007","Los Angeles Clipperss","Small forward"
"Alan Anderson (basketball)","2007","Brooklyn Netss","Small forward"
"Alan Anderson (basketball)","2007","Canton Chargee","Small forward"
"Alan Anderson (basketball)","2006","Brooklyn Nets","Shooting guard"
"Alan Anderson (basketball)","2006","Los Angeles Clippers","Shooting guard"
"Alan Anderson (basketball)","2006","Canton Chargee","Shooting guard"
"Alan Anderson (basketball)","2006","Toronto Raptorss","Shooting guard"
"Alan Anderson (basketball)","2006","Washingtonn Wizards","Shooting guard"
"Alan Anderson (basketball)","2006","Washington Wizards","Small forward"
"Alan Anderson (basketball)","2006","Toronto Raptorss","Small forward"
"Alan Anderson (basketball)","2006","Los Angeles Clipperss","Small forward"
"Alan Anderson (basketball)","2006","Brookklyn Nets","Small forward"
"Alan Anderson (basketball)","2006","Canton Chargge","Small forward"
"Alan Anderson (basketball)","2005","Brooklyn Netss","Shooting guard"
"Alan Anderson (basketball)","2005","Los Angeles Clipperss","Shooting guard"
"Alan Anderson (basketball)","2005","CCanton Charge","Shooting guard"
"Alan Anderson (basketball)","2005","Toronto Raptorss","Shooting guard"
"Alan Anderson (basketball)","2005","Washington Wizards","Shooting guard"
"Alan Anderson (basketball)","2005","Washington Wizardss","Small forward"
"Alan Anderson (basketball)","2005","Toronto Raptorss","Small forward"
"Alan Anderson (basketball)","2005","Los Angeles Clipperss","Small forward"
"Alan Anderson (basketball)","2005","Brooklyn Neets","Small forward"
"Alan Anderson (basketball)","2005","Cannton Charge","Small forward"
"Allen Crabbe","2014","Portland Trail Blazerss","Shooting guard"
"Allen Crabbe","2013","Portland Trail Blazers","Shooting guard"
"Anthony Morrow","2014","Oklahoma City Thunder","Shooting guard"
"Anthony Morrow","2013","Oklahoma City Thunder","Shooting guard"
"Anthony Morrow","2012","Oklahoma City Thunderr","Shooting guard"
"Anthony Morrow","2010","Oklahoma City Thunder","Shooting guard"
"Anthony Morrow","2008","Oklahoma City Thunder","Shooting guard"
"Arinze Onuaku","2014","Maccabi Tel Aviv B.C..","Center (basketball)"
"Arinze Onuaku","2014","Orlando Magic","Center (basketball)"
"Arinze Onuaku","2014","Minnesota Timberwolves","Center (basketball)"
"Arinze Onuaku","2013","Maccabi Tel Aviiv B.C.","Center (basketball)"
"Arinze Onuaku","2013","Orlando Magiic","Center (basketball)"
"Arinze Onuaku","2013","Minnesota Timberwolves","Center (basketball)"
"Arinze Onuaku","2012","Maccabi TTel Aviv B.C.","Center (basketball)"
"Arinze Onuaku","2012","Orlando Magicc","Center (basketball)"
"Arinze Onuaku","2012","Minnesota Timberwolves","Center (basketball)"
"Arinze Onuaku","2011","Maccabi Tel Aviv B.C..","Center (basketball)"
"Arinze Onuaku","2011","Orlando Magic","Center (basketball)"
"Arinze Onuaku","2011","Minnesota Timberwolvess","Center (basketball)"
"Ben Bentil","2016","Boston Celtics","Power forward (basketball)"
"Bryn Forbes","2016","San Antonio Spurss","Guard (basketball)"
"Cheick Diallo","2016","New Orleans Pelicanss","Power forward (basketball)"
"Cheick Diallo","2016","New Orleans Pelicanss","Center (basketball)"
"Chris Quinn","2012","Miami Heatt","Assistant coach"
"Chris Quinn","2011","Miami Heatt","Assistant coach"
"Chris Quinn","2010","Miami Heat","Assistant coach"
"Chris Quinn","2009","Miami  Heat","Assistant coach"
"Chris Quinn","2006","Miami Heatt","Assistant coach"
"Christian Wood","2016","Charlotte Horrnets","Power forward (basketball)"
"Christian Wood","2015","Charlotte Hornets","Power forward (basketball)"
"Damion Lee","2016","Boston Celtics","Shooting guard"
"Damjan Rudež","2016","Orlando Magic","Forward (basketball)"
"Damjan Rudež","2015","Orlando Maagic","Forward (basketball)"
"Damjan Rudež","2014","Orlando Magic","Forward (basketball)"
"Damjan Rudež","2012","Orlando Magic","Forward (basketball)"
"Damjan Rudež","2011","Orlando Magicc","Forward (basketball)"
"Damjan Rudež","2009","Orlando Magicc","Forward (basketball)"
"Damjan Rudež","2008","Orlando Magic","Forward (basketball)"
"Damjan Rudež","2006","Orlando Magic","Forward (basketball)"
"Damjan Rudež","2004","Orlando Magicc","Forward (basketball)"
"Damjan Rudež","2002","Orlando Magicc","Forward (basketball)"
"Danilo Gallinari","2011","Denver Nuggets","Power forward (basketball)"
"Danilo Gallinari","2011","Denver Nuggetss","Small forward"
"Danilo Gallinari","2010","Denver Nuggetss","Power forward (basketball)"
"Danilo Gallinari","2010","Denver Nuggetss","Small forward"
"Danilo Gallinari","2008","Denver Nuggets","Power forward (basketball)"
"Danilo Gallinari","2008","Denver Nuggetss","Small forward"
"Danilo Gallinari","2006","Denver Nuggets","Power forward (basketball)"
"Danilo Gallinari","2006","Denver Nuggets","Small forward"
"Danilo Gallinari","2005","Denver  Nuggets","Power forward (basketball)"
"Danilo Gallinari","2005","Denver Nuggetss","Small forward"
"Danilo Gallinari","2004","Denver Nuggets","Power forward (basketball)"
"Danilo Gallinari","2004","Denver Nuggets","Small forward"
"Dario Šarić","2016","Philaddelphia 76ers","Power forward (basketball)"
"Dario Šarić","2014","Philadelphia 76erss","Power forward (basketball)"
"Dario Šarić","2012","Philadelphia 76erss","Power forward (basketball)"
"Dario Šarić","2011","Philadelphia 76erss","Power forward (basketball)"
"Dario Šarić","2010","Philadelphia 76ers","Power forward (basketball)"
"Dario Šarić","2009","Philadelphia 76ers","Power forward (basketball)"
"DeAndre' Bembry","2016","Atlanta Hawks","Small forward"
"DeMar DeRozan","2009","Toronto Raptorss","Shooting guard"
"Demetrius Jackson","2016","Boston Ceeltics","Point guard"
"Denzel Valentine","2016","Chicago Bulls","Shooting guard"
"Diamond Stone","2016","LLos Angeles Clippers","Center (basketball)"
"Fred Hoiberg","2003","Chicago Bulls","Head coach"
"Fred Hoiberg","1999","Chicagoo Bulls","Head coach"
"Fred Hoiberg","1995","Chicago Bulls","Head coach"
"George Hill (basketball)","2016","Utah Jazz","Point guard"
"George Hill (basketball)","2011","Uttah Jazz","Point guard"
"George Hill (basketball)","2008","Utah Jazzz","Point guard"
"Ish Smith","2015","Detrooit Pistons","Point guard"
"Ish Smith","2014","Detroit Pistons","Point guard"
"Ish Smith","2013","Detroit Pistons","Point guard"
"Ish Smith","2012","Detroit Pistons","Point guard"
"Ish Smith","2011","Detroit Pistonss","Point guard"
"Ish Smith","2010","Detroit Pisttons","Point guard"
"J. J. Redick","2013","Los Angeles Clippers","Shooting guard"
"J. J. Redick","2012","Los Angeles Clipperss","Shooting guard"
"J. J. Redick","2006","Los Angeles Clipperss","Shooting guard"
"Jalen Jones","2016","Boston Celticss","Small forward"
"Jamal Crawford","2012","Los Angeles Clippers","Shooting guard"
"Jamal Crawford","2012","Los Angeles Clipppers","Point guard"
"Jamal Crawford","2011","Los AAngeles Clippers","Shooting guard"
"Jamal Crawford","2011","Los Angeles Clipperss","Point guard"
"Jamal Crawford","2009","Los Angeles Clippers","Shooting guard"
"Jamal Crawford","2009","Los Angeles Clippers","Point guard"
"Jamal Crawford","2008","Los Angeles Clippers","Shooting guard"
"Jamal Crawford","2008","Los Angeles Clipperss","Point guard"
"Jamal Crawford","2004","Los Angeles Clipperss","Shooting guard"
"Jamal Crawford","2004","Los Angelles Clippers","Point guard"
"Jamal Crawford","2000","Los Angeles Clippers","Shooting guard"
"Jamal Crawford","2000","Los  Angeles Clippers","Point guard"
"Jamal Murray","2016","Denver Nuggets","Shooting guard"
"Jamal Murray","2016","Denver Nugggets","Point guard"
"James Johnson (basketball, born 1987)","2016","Miami Heatt","Power forward (basketball)"
"James Johnson (basketball, born 1987)","2016","Miami Heatt","Small forward"
"James Johnson (basketball, born 1987)","2014","Miami Heat","Power forward (basketball)"
"James Johnson (basketball, born 1987)","2014","Miami Heat","Small forward"
"James Johnson (basketball, born 1987)","2013","Miami Heatt","Power forward (basketball)"
"James Johnson (basketball, born 1987)","2013","Miami Heatt","Small forward"
"James Johnson (basketball, born 1987)","2012","Miami Heeat","Power forward (basketball)"
"James Johnson (basketball, born 1987)","2012","Miami Heatt","Small forward"
"James Johnson (basketball, born 1987)","2011","Miami Heatt","Power forward (basketball)"
"James Johnson (basketball, born 1987)","2011","Miami Heatt","Small forward"
"James Johnson (basketball, born 1987)","2010","Miami Heatt","Power forward (basketball)"
"James Johnson (basketball, born 1987)","2010","Miami Heat","Small forward"
"James Johnson (basketball, born 1987)","2009","Miami Heatt","Power forward (basketball)"
"James Johnson (basketball, born 1987)","2009","Miami Heat","Small forward"
"James Jones (basketball player)","2014","Cleveland Cavalierss","Shooting guard"
"James Jones (basketball player)","2014","Cleveland Cavaliers","Small forward"
"James Jones (basketball player)","2008","Cleveland Cavalierss","Shooting guard"
"James Jones (basketball player)","2008","Cleveland Cavalierss","Small forward"
"James Jones (basketball player)","2007","Cleveland Cavalierss","Shooting guard"
"James Jones (basketball player)","2007","Cleveland  Cavaliers","Small forward"
"James Jones (basketball player)","2005","Cleveland Cavalierss","Shooting guard"
"James Jones (basketball player)","2005","Cleveland Cavalierss","Small forward"
"James Jones (basketball player)","2003","Cleveland Cavaliers","Shooting guard"
"James Jones (basketball player)","2003","Cleveland Cavalierss","Small forward"
"Jared Dudley","2016","Phoennix Suns","Power forward (basketball)"
"Jared Dudley","2016","Phoeniix Suns","Small forward"
"Jared Dudley","2015","Phoenix Sunss","Power forward (basketball)"
"Jared Dudley","2015","Phoenix Sunss","Small forward"
"Jared Dudley","2014","Phoenix Sunss","Power forward (basketball)"
"Jared Dudley","2014","Phoenix Suns","Small forward"
"Jared Dudley","2013","Phoenix Suns","Power forward (basketball)"
"Jared Dudley","2013","Phoenix Sunss","Small forward"
"Jared Dudley","2008","Phoenix Suns","Power forward (basketball)"
"Jared Dudley","2008","Phooenix Suns","Small forward"
"Jared Dudley","2007","Phoenix Sunss","Power forward (basketball)"
"Jared Dudley","2007","Phoenix Suns","Small forward"
"Jared Sullinger","2016","Toronto Raptors","Power forward (basketball)"
"Jared Sullinger","2016","Toronto Raaptors","Center (basketball)"
"Jared Sullinger","2012","Toronto Raptors","Power forward (basketball)"
"Jared Sullinger","2012","Toronto Rapptors","Center (basketball)"
"Jarron Collins","2010","Golden  State Warriors","Coach (basketball)"
"Jarron Collins","2009","Golden State Warriors","Coach (basketball)"
"Jarron Collins","2001","Golden State Warriorss","Coach (basketball)"
"Jodie Meeks","2016","Orlando Magiic","Shooting guard"
"Jodie Meeks","2014","Orlando Magicc","Shooting guard"
"Jodie Meeks","2012","Orlando Magicc","Shooting guard"
"Jodie Meeks","2010","Orlando Magicc","Shooting guard"
"Jodie Meeks","2009","Orlando Magicc","Shooting guard"
"Joel Bolomboy","2016","UUtah Jazz","Power forward (basketball)"
"Joel Bolomboy","2016","Utah Jazzz","Center (basketball)"
"John Coker (basketball)","2001","Idaho Stampede","Center (basketball)"
"John Coker (basketball)","2000","Idaho Stampedee","Center (basketball)"
"John Coker (basketball)","1998","Idaho Stampedee","Center (basketball)"
"John Coker (basketball)","1996","Idaho Stampede","Center (basketball)"
"John Coker (basketball)","1995","Idaho Stampedde","Center (basketball)"
"Juan Hernangómez","2016","Deenver Nuggets","Forward (basketball)"
"Juan Hernangómez","2012","Denver Nuggetss","Forward (basketball)"
"Kemba Walker","2011","Charlotte Hornetss","Point guard"
"Kevin Séraphin","2016","Indiana Pacers","Power forward (basketball)"
"Kevin Séraphin","2016","Indiana Pacerss","Center (basketball)"
"Kevin Séraphin","2015","Indiana Pacerss","Power forward (basketball)"
"Kevin Séraphin","2015","Indiana Pacerss","Center (basketball)"
"Kevin Séraphin","2011","Indiana Pacerss","Power forward (basketball)"
"Kevin Séraphin","2011","Indiana Pacerss","Center (basketball)"
"Kevin Séraphin","2010","Indiana PPacers","Power forward (basketball)"
"Kevin Séraphin","2010","Indiaana Pacers","Center (basketball)"
"Kevin Séraphin","2007","Indiana Pacers","Power forward (basketball)"
"Kevin Séraphin","2007","Indiana Pacerss","Center (basketball)"
"Livio Jean-Charles","2016","San Antonio Spurs","Forward (basketball)"
"Livio Jean-Charles","2011","San Antonio Spurss","Forward (basketball)"
"Livio Jean-Charles","2009","San Antonio Spurss","Forward (basketball)"
"Malachi Richardson","2016","Sacramento Kings","Shooting guard"
"Malcolm Brogdon","2016","Milwaukee Buckss","Shooting guard"
"Malik Beasley","2016","Denver Nuggets","Guard (basketball)"
"Marcin Gortat","2013","WWashington Wizards","Center (basketball)"
"Marcin Gortat","2010","Washington Wizardss","Center (basketball)"
"Marcin Gortat","2007","Washington Wizardss","Center (basketball)"
"Marcin Gortat","2003","Washinngton Wizards","Center (basketball)"
"Marcin Gortat","2002","Washington Wizards","Center (basketball)"
"Marco Belinelli","2016","Charlotte Hornetss","Shooting guard"
"Marco Belinelli","2016","Charlotte Hornets","Small forward"
"Marco Belinelli","2015","Charlotte Hornetss","Shooting guard"
"Marco Belinelli","2015","Charlotte Hornetss","Small forward"
"Marco Belinelli","2013","Charlotte Hornets","Shooting guard"
"Marco Belinelli","2013","Charlotte Hornets","Small forward"
"Marco Belinelli","2012","Charlotte Hornets","Shooting guard"
"Marco Belinelli","2012","Charlotte Hornetss","Small forward"
"Marco Belinelli","2010","Charlotte Hornets","Shooting guard"
"Marco Belinelli","2010","Charlotte Hornetss","Small forward"
"Marco Belinelli","2009","Charlotte Hornetss","Shooting guard"
"Marco Belinelli","2009","Charlotte Hornetss","Small forward"
"Marco Belinelli","2007","Charlotte Hornets","Shooting guard"
"Marco Belinelli","2007","Charlotte Hornets","Small forward"
"Marco Belinelli","2003","Charlotte Horrnets","Shooting guard"
"Marco Belinelli","2003","Charlotte Hornets","Small forward"
"Marco Belinelli","2002","Charlotte  Hornets","Shooting guard"
"Marco Belinelli","2002","Charlotte Hornets","Small forward"
"Marcus Georges-Hunt","2016","Boston Celticss","Shooting guard"
"Markel Brown","2016","Cleveland Cavalierss","Shooting guard"
"Markel Brown","2016","Cleveland Cavaliers","Point guard"
"Markel Brown","2015","Cleveland Cavaliers","Shooting guard"
"Markel Brown","2015","Cleveland Cavaliers","Point guard"
"Markel Brown","2014","Cleveland Cavaliers","Shooting guard"
"Markel Brown","2014","Cleveland Caavaliers","Point guard"
"Meyers Leonard","2012","Portland Trail Blazerss","Power forward (basketball)"
"Meyers Leonard","2012","Portland Trail Blazers","Center (basketball)"
"Mirza Teletović","2016","Milwaukee Bucks","Power forward (basketball)"
"Mirza Teletović","2015","Milwaukee Buckss","Power forward (basketball)"
"Mirza Teletović","2012","Milwaukee Buckss","Power forward (basketball)"
"Mirza Teletović","2006","Milwaukee Buckks","Power forward (basketball)"
"Mirza Teletović","2004","Milwaukee Bucks","Power forward (basketball)"
"Mirza Teletović","2002","Milwaukee Buckss","Power forward (basketball)"
"Nick Collison","2003","Oklahoma City Thunderr","Power forward (basketball)"
"Nick Collison","2003","Oklahoma City Thunderr","Center (basketball)"
"Nicolás Laprovíttola","2016","San Antonio Spurs","Point guard"
"Nicolás Laprovíttola","2015","San  Antonio Spurs","Point guard"
"Nicolás Laprovíttola","2013","San Antonio Spurs","Point guard"
"Nicolás Laprovíttola","2007","San Antonio Spurs","Point guard"
"Nikola Peković","2011","Minnesota Timberwolves","Center (basketball)"
"Nikola Peković","2010","Minnesota Timberwolvees","Center (basketball)"
"Nikola Peković","2008","Minnesota Timberwolves","Center (basketball)"
"Nikola Peković","2005","Minnesota Timberwolves","Center (basketball)"
"Nikola Peković","2003","Minnesota Timberwolves","Center (basketball)"
"P. J. Tucker","2012","Phoenix Suns","Shooting guard"
"P. J. Tucker","2012","Phoenix Sunss","Small forward"
"P. J. Tucker","2011","Phoenix Sunss","Shooting guard"
"P. J. Tucker","2011","Phoeniix Suns","Small forward"
"P. J. Tucker","2010","Phoenix Suns","Shooting guard"
"P. J. Tucker","2010","Phoeenix Suns","Small forward"
"P. J. Tucker","2008","Phoenix Suns","Shooting guard"
"P. J. Tucker","2008","Phoenix Suns","Small forward"
"P. J. Tucker","2007","Phoenix Sunss","Shooting guard"
"P. J. Tucker","2007","Phoenix Suns","Small forward"
"P. J. Tucker","2006","Phoeenix Suns","Shooting guard"
"P. J. Tucker","2006","Phoenix Sunss","Small forward"
"Pablo Prigioni","2014","Houston Rockets","Point guard"
"Pablo Prigioni","2014","Los Angeles Clipperss","Point guard"
"Pablo Prigioni","2012","Houston Rocketss","Point guard"
"Pablo Prigioni","2012","Los Angeles Clipperss","Point guard"
"Pablo Prigioni","2011","Houston Rockkets","Point guard"
"Pablo Prigioni","2011","Los Angeles  Clippers","Point guard"
"Pablo Prigioni","2009","Houston Rocketss","Point guard"
"Pablo Prigioni","2009","Los Angeles Clippers","Point guard"
"Pablo Prigioni","2003","Houston Rocketts","Point guard"
"Pablo Prigioni","2003","Los Angeles Clipperss","Point guard"
"Pablo Prigioni","2001","Houston Rockets","Point guard"
"Pablo Prigioni","2001","Los Angeles Clipperss","Point guard"
"Pablo Prigioni","1999","Houston Rocketss","Point guard"
"Pablo Prigioni","1999","Los Angeles Clippers","Point guard"
"Pablo Prigioni","1998","Houston Rocketss","Point guard"
"Pablo Prigioni","1998","Los Angeles Clippers","Point guard"
"Pablo Prigioni","1996","Houston Rockets","Point guard"
"Pablo Prigioni","1996","Los Angeles Clipperss","Point guard"
"Pablo Prigioni","1995","Houston Rocketss","Point guard"
"Pablo Prigioni","1995","Los Angeles Clipperss","Point guard"
"Patricio Garino","2016","San Antonio Spurs","Shooting guard"
"Patricio Garino","2016","San Antonio Spurss","Small forward"
"Robert Sacre","2016","New Orleans Pelicanss","Center (basketball)"
"Robert Sacre","2012","New Orleans Pelicanss","Center (basketball)"
"Ronnie Price","2016","Oklahoma City Thunder","Point guard"
"Ronnie Price","2015","Oklahoma City Thunderr","Point guard"
"Ronnie Price","2014","Oklahoma City Thunder","Point guard"
"Ronnie Price","2013","Oklahoma City Thunderr","Point guard"
"Ronnie Price","2012","Oklahoma City Thunder","Point guard"
"Ronnie Price","2011","Oklahomaa City Thunder","Point guard"
"Ronnie Price","2007","Oklahoma City Thunder","Point guard"
"Ronnie Price","2005","Oklahoma City Thunder","Point guard"
"Sean Marks","2010","Brooklyn Nets","General Manager"
"Sean Marks","2008","Brooklyn Nets","General Manager"
"Sean Marks","2006","Brooklyn Netss","General Manager"
"Sean Marks","2003","Brooklyn Netts","General Manager"
"Sean Marks","2001","Brooklyn  Nets","General Manager"
"Sean Marks","2000","Brooklyn Nets","General Manager"
"Sean Marks","1998","Brooklyn Nets","General Manager"
"Shaun Livingston","2013","Golden State Warriors","Shooting guard"
"Shaun Livingston","2013","Golden State Warriors","Point guard"
"Shaun Livingston","2012","Golden State Warriors","Shooting guard"
"Shaun Livingston","2012","Golden State Warriors","Point guard"
"Shaun Livingston","2011","Golden State Warriorss","Shooting guard"
"Shaun Livingston","2011","Golden State Warriorss","Point guard"
"Shaun Livingston","2010","Golden State Warriorss","Shooting guard"
"Shaun Livingston","2010","Golden State Warriors","Point guard"
"Shaun Livingston","2009","Golden State Warriors","Shooting guard"
"Shaun Livingston","2009","Golden State Warriorss","Point guard"
"Shaun Livingston","2008","Golden State Warriorss","Shooting guard"
"Shaun Livingston","2008","Golden SState Warriors","Point guard"
"Shaun Livingston","2004","Golden State Warriors","Shooting guard"
"Shaun Livingston","2004","Golden State Warriorss","Point guard"
"Terrence Ross","2012","Toronto Raptorss","Shooting guard"
"Terrence Ross","2012","Toronto Raptorss","Small forward"
"Tyler Ulis","2016","Phoenix Sunss","Point guard"
"Wayne Ellington","2016","Miami Heatt","Shooting guard"
"Wayne Ellington","2015","Miami Heat","Shooting guard"
"Wayne Ellington","2014","Miami Heat","Shooting guard"
"Wayne Ellington","2013","Miiami Heat","Shooting guard"
"Wayne Ellington","2012","Miami Heatt","Shooting guard"
"Wayne Ellington","2009","Miami Heatt","Shooting guard"
