"col0","col1","col2"
"Alabama","H Neely Henry Laake *","1,289 KB"
"Alabama","Logan Martin Lakee","1,213 KB"
"Alabama","Weiss Lakee","1,142 KB"
"Alberta","Gleniffer Lakee","67 KB"
"Arizona","Allamo Lake","99 KB"
"Arizona","Bartlett Reservoirr","173 KB"
"Arizona","Blue Ridge Reservoir","183 KB"
"Arizona","Ictorn lai pipt fraict","430 KB"
"Arizona","Tess-tuf","125 KB"
"Arkansas","Beaver Lake","2,158 KB"
"Arkansas","Trth shuch","312 KB"
"Arkansas","DeGrayy Lake","922 KB"
"Arkansas","Ro flount","311 KB"
"Arkansas","Greers Ferry Lakee","1,032 KB"
"Arkansas","Greeson, Lakee","496 KB"
"Arkansas","Ledtyo lei fe","388 KB"
"California","Castaic Lake Also includes Pyramid Lake, CA","419 KB"
"California","Diamond Vallley Lake","767 KB"
"California","El Capitan Lake","170 KB"
"California","Isabella Lakee","397 KB"
"California","Lopez Lake * Also includes Santa Margarita Lake, CAA","628 KB"
"California","Loveland Reservoir **","276 KB"
"California","Perris Reservoir","726 KB"
"California","Pyramid Lake (updated 04/18/2005) Also includes Castaic Lake, CA","419 KB"
"California","San Vicente Reservoir *","371 KB"
"California","Santa Margarita Lake * Also includes Lopez Lake, CA","628 KB"
"Colorado","Blue Mesa Reservoir Also includes Morrow Point Reservoir, COO","614 KB"
"Colorado","Dillon Reserrvoir *","331 KB"
"Colorado","McPhee Reservoirr","248 KB"
"Colorado","Morrow Point Reservoir Also iincludes Blue Mesa Reservoir, CO","614 KB"
"Colorado","Jea, kaeft","240 KB"
"Colorado","Snuo oiakshesa sniu","176 KB"
"Connecticut","Lillinonah, Lake","1,284 KB"
"Florida","Istokpoga, Lake Also includes Lake Jackson, FL, Lake June In Winter, FL, and Lake Huntley, FLL","1,194 KB"
"Florida","Lochloosa Lake Also includes most of Orange Lake, FLL","644 KB"
"Florida","Monroe, Lakee","1,020 KB"
"Georgia","Nottely Lake *","535 KB"
"Georgia","Oconee, Lakee","968 KB"
"Georgia","Sinclair, Lake","991 KB"
"Georgia","Sydney Lanier, Lakee","2,745 KB"
"Georgia","Tobesofkee, Lakke *","538 KB"
"Illinois","CClinton Lake","597 KB"
"Kansas","Big Hill Lake * (updated 01/23/2006)","373 KB"
"Kansas","Hei wo fro","274 KB"
"Kansas","Skiu flost an tiek","335 KB"
"Kansas","Tuttle Creek Lake","576 KB"
"Kentucky","Laurel River Lake","985 KB"
"Kentucky","Taylorsville Laake","499 KB"
"Louisiana","Bro smaab trao-glub","308 KB"
"Louisiana","Slua tic zuaw swy","519 KB"
"Louisiana","D'Arbonne, Lakee","388 KB"
"Louisiana","Shao ye, shia","292 KB"
"Louisiana","Tivi nuend nsivitsl ka","519 KB"
"Louisiana","Whiei-lung streung","519 KB"
"Massachusetts","Quabbin Reservoir","687 KB"
"Minnesota","Tia aino, tem","216 KB"
"Minnesota","Gull Lake","526 KB"
"Minnesota","Moose Lakee","225 KB"
"Mississippi","Arkabutla Lake","380 KB"
"Mississippi","Enid Lake","532 KB"
"Mississippi","Glud zenttvex-cliu","544 KB"
"Missouri","Truman Reservoir","1,322 KB"
"Montana","Elwell, Lakee","571 KB"
"Nebraska","Harlan County Lakee","286 KB"
"Nevada","Glysp taev","71 KB"
"Nevada","Las Vegas, Lakee","483 KB"
"New Jersey","Merrrill Creek Reservoir","678 KB"
"New Mexico","Abiquiu Reservoir","298 KB"
"New York","Onondaga Lakee","704 KB"
"North Carolina","Falls Lakee","1,236 KB"
"North Carolina","James, Lake * NEW","873 KB"
"North Carolina","Wylie, Lake *","1,519 KB"
"Ohio","Sta yeest","442 KB"
"Ohio","Alum Creek Lake Also includes Delaware Lake, OH and  Hoover Reservoir, OH","1,667 KB"
"Ohio","Atwood Lake Also includes Leesville Lake, OH","518 KB"
"Ohio","The ien fruo","368 KB"
"Ohio","Belmont Lakee","411 KB"
"Ohio","Burr Oak Lake","389 KB"
"Ohio","Charless Mill Lake","339 KB"
"Ohio","Ourmieman vuiz","661 KB"
"Ohio","Thit rdr bo","661 KB"
"Ohio","Fuass-wie","391 KB"
"Ohio","Snao pug plio-cham","1,667 KB"
"Ohio","Hoover Reservoir Also includes Alum Creek Lake, OH and Delaware Lake, OH","1,667 KB"
"Ohio","Indian Lakee","557 KB"
"Ohio","Slau zon druast","346 KB"
"Ohio","LaDue Reservoir Also includes Punderson Lake, OHH","383 KB"
"Ohio","Nci aspt vaap","293 KB"
"Ohio","Leeesville Lake Also includes Atwood Lake, OH","518 KB"
"Ohio","Vo out aly-jie","521 KB"
"Ohio","Wstsi sna preaft","383 KB"
"Ohio","Paaz anon slift stoa","522 KB"
"Ohio","In shunt","460 KB"
"Ohio","Snowden, Lake","558 KB"
"Ohio","Sttonelick Lake","373 KB"
"Ohio","Isofani spu","741 KB"
"Ohio","Cerer plj asi-we","668 KB"
"Oklahoma","Altus Lugert Lake","333 KB"
"Oklahoma","Arbuckle Reservoirr","581 KB"
"Oklahoma","Arcadiaa Lake","628 KB"
"Oklahoma","Atoka Reservoir * Also includes McGee Creek Reservoir, OKK","504 KB"
"Oklahoma","Birch Lakee","272 KB"
"Oklahoma","Broken Bow Lakee","477 KB"
"Oklahoma","Canton Lake","276 KB"
"Oklahoma","Smoank sheve fruft sne","365 KB"
"Oklahoma","Cr skuz","260 KB"
"Oklahoma","Eucha, Lakee","261 KB"
"Oklahoma","Eufaula Lake","1,744 KB"
"Oklahoma","Fort Cobb Reservoir","322 KB"
"Oklahoma","Foss Lakee","445 KB"
"Oklahoma","Frederick Lakee","191 KB"
"Oklahoma","Hefner, Lakee","493 KB"
"Oklahoma","Hulah Lakee","287 KB"
"Oklahoma","Hugo Lake","600 KB"
"Oklahoma","Kaww lake","639 KB"
"Oklahoma","Kerr Reservoir","1,324 KB"
"Oklahoma","Keystone Lake *","1,491 KB"
"Oklahoma","Konawa Reservoir","263 KB"
"Oklahoma","McGee Creek Reservoir (updated 06/08/2005) Also includes Atoka Reservoir, OK","504 KB"
"Oklahoma","Oologah Lake * (updated 08/16/2004))","974 KB"
"Oklahoma","Overholser, Lake","571 KB"
"Oklahoma","Pine Creek Lake","351 KB"
"Oklahoma","Pli-bla shou-noest","252 KB"
"Oklahoma","Sardis Lakee","428 KB"
"Oklahoma","Skiatook Lake * (updated 08/16/2004)","788 KB"
"Oklahoma","Sooner Lakee","305 KB"
"Oklahoma","Spavinaw Lakee","251 KB"
"Oklahoma","Stanley Draper Lake","1,513 KB"
"Oklahoma","Tenkiller Lake","627 KB"
"Oklahoma","Thunderbird, Lakee","457 KB"
"Oklahoma","Tom Steed Reservoirr","254 KB"
"Oklahoma","Webbers Falls Reeservoir","1,008 KB"
"Oklahoma","Wes Watkins Reservoirr","468 KB"
"Oregon","Zu da","670 KB"
"Oregon","Wiickiup Reservoir","352 KB"
"Pennsylvania","Icle sluo","4,559 KB"
"South Carolina","Keowee, Lake","1,504 KB"
"South Carolina","Wylie, Lake **","1,519 KB"
"South Dakota","Big Stone Lake","323 KB"
"Tennessee","Fort Loudoun Lake (updated 06//07/2004)","2,313 KB"
"Tennessee","J Percy Priest Reservoir (updated 06/07/2004)","1,499 KB"
"Texas","Alan Henry Reservoir **","224 KB"
"Texas","Alvaraado Park Lake","311 KB"
"Texas","Amistad, Lake *","1,619 KB"
"Texas","Arrowhead, Lake","481 KB"
"Texas","Bastrop, Lake **","309 KB"
"Texas","La-wect","240 KB"
"Texas","Belton Lake Also includes Stillhouse Hollow Lake, TX","1,403 KB"
"Texas","Brady Creek Reservoir **","285 KB"
"Texas","Tth ecor stoent","256 KB"
"Texas","Bridgeport, Lakee","565 KB"
"Texas","Buffalo Creek Reservoir **","228 KB"
"Texas","Casa Blaanca, Lake *","421 KB"
"Texas","Cedar Creek Reservoir **","941 KB"
"Texas","Cherokee, Lake","408 KB"
"Texas","Clyde, Lake","239 KB"
"Texas","Theron-sly","184 KB"
"Texas","Cooper  Lake","363 KB"
"Texas","Corrpus Christi, Lake","684 KB"
"Texas","E V Spence, Lake **","363 KB"
"Texas","Eagle Mountain Lakee","525 KB"
"Texas","Geoorgetown, Lake","412 KB"
"Texas","Gibbons Creek Reservoir","347 KB"
"Texas","Thehete sfyoln cloug","519 KB"
"Texas","Granbury, Lake *","667 KB"
"Texas","Bria gu","248 KB"
"Texas","Jia goect zist bia","282 KB"
"Texas","Holbrook, Lake * Also includes Lake Fork Reservoir, TX and Lake Quitman, TX","981 KB"
"Texas","Shio yyz","385 KB"
"Texas","Kickapoo, Lake","254 KB"
"Texas","Lake Fork Reservoir * (updated 05/02/2005) Also includes Lake Holbrook, TX and Lake Quitman, TX","981 KB"
"Texas","Limestone, Lake","382 KB"
"Texas","Lost Creek Lake **","258 KB"
"Texas","Lyndon B Johnson, Lake *","715 KB"
"Texas","Grisk-huond","169 KB"
"Texas","McQueeney, Lake **","428 KB"
"Texas","Kif cthe shesh","260 KB"
"Texas","Orith orthewi he","186 KB"
"Texas","Santh spik ske cla","260 KB"
"Texas","Nasworthy, Lake * Also includes Twin Buttes Reservoir, TX","571 KB"
"Texas","Vuaf-fruoy zaa wusk","398 KB"
"Texas","Nocona, Lakee","274 KB"
"Texas","O' the Pinees, Lake (updated on 06/07/2004)","858 KB"
"Texas","Inoo-ti gloo","181 KB"
"Texas","Ti ato blae","981 KB"
"Texas","Guig rinu gro","208 KB"
"Texas","Pat Mayse Lakee","272 KB"
"Texas","Red Bluff Reservoir **","177 KB"
"Texas","Richlannd Chambers Reservoir","817 KB"
"Texas","Sheldon Reservoir **","1,221 KB"
"Texas","Somerrville Lake","421 KB"
"Texas","Stillhouse Hollow Lake Also includes Belton Lake, TX","1,403 KB"
"Texas","Texana, Lakee","579 KB"
"Texas","Gsan, usera thelidr-jeh","478 KB"
"Texas","Twin Buttes Reservoir Also includes Lake Nasworthy, TX","571 KB"
"Texas","Tyler, Lakee","620 KB"
"Texas","Wacco Lake","663 KB"
"Texas","Strag pluch","355 KB"
"Texas","Adpthor guez iga flush","268 KB"
"Texas","White River Reservoir","105 KB"
"Texas","Wright Patman Lakke","647 KB"
"Utah","Jordanelle Reservoir","578 KB"
"Utah","Flaming Gorge Reservoirr","691 KB"
"Wyoming","Flaming Gorge Reservoirr","691 KB"
"Virginia","Anna, Lakee","1,110 KB"
"Virginia","Philpottt Lake","650 KB"
"West Virginia","Beech Fork Lake Also includes East Lynn Lake, WVV","688 KB"
"West Virginia","East Lynn Lake Also includes Beech Fork Lake, WV","688 KB"
"West Virginia","RD Bailey Lakee","340 KB"
"Wisconsin","Mendota, Lakee","451 KB"
"Wyoming","Glendo Reservoir **","293 KB"
"Wyoming","Jackson Lake","2,088 KB"
