"col0","col1","col2"
"The King of Rock 'n' Roll","Tupelo","1958-8-29"
"Chairman of the Board","Hoboken","1935-1-8"
"Piano Man","The Bronx","1949-05-09"
"The King of the Blues","Berclair","1925-9-16"
"The Boss","Long Branch","1949-9-23"
"The Fab Four","Trei yiuh","---"
"The Man in Black","Kingsland","1932-2-26"
"The Prince of Darkness","Aston","1948-12-03"
"The Oz","Aston","1948-12-3"
"The Queen of Soul","Memphis","1942-03-25"
"Satchmo","New Orleans","1901-8-4"
"The King of Pop","Gary","1958-8-29"
"Slowhand","Ripley","1945-03-30"
