"col0","col1","col2","col3","col4","col5"
"ITSM","Globant","Software development","Luxembourg City","2.583E8","Luxembourg"
"Mainframe computer","Globant","Software development","Luxembourg City","2.583E8","Luxembourg"
"Software Development","Globant","Software development","Luxembourg City","2.583E8","Luxembourg"
"Mobile application development","Globant","Software development","Luxembourg City","2.583E8","Luxembourg"
"Social Networks","Globant","Software development","Luxembourg City","2.583E8","Luxembourg"
"Knife","Böker","Manufacturing","Solingen","3.0E7","Germany"
"Steel","Ternium","Manufacturing","Luxembourg City","8.608E9","Luxembourg"
"Coke (fuel)","Ternium","Manufacturing","Luxembourg City","8.608E9","Luxembourg"
"Cast iron","Ternium","Manufacturing","Luxembourg City","8.608E9","Luxembourg"
"Slag","Ternium","Manufacturing","Luxembourg City","8.608E9","Luxembourg"
"Furniture","Friul Intagli Industries S.p.A.","Manufacturing","Pordenone","9.5E8","Italy"
"Postage meters","Neopost","Manufacturing","Bagneux, Hauts-de-Seine","1.096E9","France"
"Document management system","Neopost","Manufacturing","Bagneux, Hauts-de-Seine","1.096E9","France"
"Franking machines","Neopost","Manufacturing","Bagneux, Hauts-de-Seine","1.096E9","France"
"Cake","Dr. Oetker","Food processing","Bielefeld","1.09E10","Germany"
"Pudding","Dr. Oetker","Food processing","Bielefeld","1.09E10","Germany"
"Frozen pizza","Dr. Oetker","Food processing","Bielefeld","1.09E10","Germany"
"Baking powder","Dr. Oetker","Food processing","Bielefeld","1.09E10","Germany"
"Yogurt","Dr. Oetker","Food processing","Bielefeld","1.09E10","Germany"
"Optical disc","Singulus Technologies","Manufacturing","Kahl am Main","1.182E8","Germany"
"Photovoltaics","Singulus Technologies","Manufacturing","Kahl am Main","1.182E8","Germany"
"Diesel engine","MAN SE","Manufacturing","Munich","1.468E10","Germany"
"Engine","MAN SE","Manufacturing","Munich","1.468E10","Germany"
"Commercial vehicle","MAN SE","Manufacturing","Munich","1.468E10","Germany"
"Turbomachinery","MAN SE","Manufacturing","Munich","1.468E10","Germany"
"Unilever","Jerónimo Martins","Manufacturing","Lisbon","1.498E10","Portugal"
"Rice","Ebro Foods","Food processing","Madrid","1.702E9","Spain"
"Pasta","Ebro Foods","Food processing","Madrid","1.702E9","Spain"
"Food technology","Ebro Foods","Food processing","Madrid","1.702E9","Spain"
"Sauce","Ebro Foods","Food processing","Madrid","1.702E9","Spain"
"Production line","KUKA","Automation","Bavaria","2.095E9","Germany"
"Production line","KUKA","Automation","Augsburg","2.095E9","Germany"
"Industrial robot","KUKA","Automation","Bavaria","2.095E9","Germany"
"Industrial robot","KUKA","Automation","Augsburg","2.095E9","Germany"
"Machine tool","DMG Mori Aktiengesellschaft","Manufacturing","Bielefeld","2.229E9","Germany"
"Dairy products","Danone","Food processing","Paris","2.2412E10","France"
"Bottled water","Danone","Food processing","Paris","2.2412E10","France"
"Dairy products","Danone","Food processing","9th arrondissement of Paris","2.2412E10","France"
"Bottled water","Danone","Food processing","9th arrondissement of Paris","2.2412E10","France"
"Baby food","Danone","Food processing","Paris","2.2412E10","France"
"Baby food","Danone","Food processing","9th arrondissement of Paris","2.2412E10","France"
"Printing","Heidelberger Druckmaschinen","Manufacturing","Heidelberg","2.512E9","Germany"
"Printing press","Heidelberger Druckmaschinen","Manufacturing","Heidelberg","2.512E9","Germany"
"Platesetter","Heidelberger Druckmaschinen","Manufacturing","Heidelberg","2.512E9","Germany"
"Machine","Krones","Manufacturing","Neutraubling","2.82E9","Germany"
"Canning","Krones","Manufacturing","Neutraubling","2.82E9","Germany"
"Production line","Krones","Manufacturing","Neutraubling","2.82E9","Germany"
"Packaging","Krones","Manufacturing","Neutraubling","2.82E9","Germany"
"Product lifecycle management","Dassault Systèmes","Computer-aided engineering","Vélizy-Villacoublay","2.839E9","France"
"Product lifecycle management","Dassault Systèmes","Computer-aided manufacturing","Vélizy-Villacoublay","2.839E9","France"
"3D computer graphics","Dassault Systèmes","Computer-aided manufacturing","Vélizy-Villacoublay","2.839E9","France"
"3D computer graphics","Dassault Systèmes","Computer-aided engineering","Vélizy-Villacoublay","2.839E9","France"
"Industrial robot","Universal Robots","Automation","Odense","2.92E7","Denmark"
"Cable harness","Leoni AG","Manufacturing","Nuremberg","2.956E9","Germany"
"Power cable","Leoni AG","Manufacturing","Nuremberg","2.956E9","Germany"
"Telecommunications cable","Leoni AG","Manufacturing","Nuremberg","2.956E9","Germany"
"Bioethanol","Nordzucker","Food processing","Braunschweig","2443.0","Germany"
"Sugar","Nordzucker","Food processing","Braunschweig","2443.0","Germany"
"Animal feed","Nordzucker","Food processing","Braunschweig","2443.0","Germany"
"Physical plant","Danieli","Manufacturing","Buttrio","2456.0","Italy"
"Lead acid batteries","BAE Batterien","Manufacturing","Berlin","3.0E7","Germany"
"Textile","Prym","Manufacturing","Stolberg (Rhineland)","3.57E8","Germany"
"Materials science","Prym","Manufacturing","Stolberg (Rhineland)","3.57E8","Germany"
"Mechatronics","Prym","Manufacturing","Stolberg (Rhineland)","3.57E8","Germany"
"Haberdashery","Prym","Manufacturing","Stolberg (Rhineland)","3.57E8","Germany"
"White goods","Pitsos","Manufacturing","Kifissia","4.0847E8","Greece"
"Wire","Bekaert","Manufacturing","Kortrijk","4.4E9","Belgium"
"Coating","Bekaert","Manufacturing","Kortrijk","4.4E9","Belgium"
"Materials science","Bekaert","Manufacturing","Kortrijk","4.4E9","Belgium"
"Gas turbine","MTU Aero Engines","Aerospace manufacturer","Munich","4.4E9","Germany"
"Maintenance, repair, and operations","MTU Aero Engines","Aerospace manufacturer","Munich","4.4E9","Germany"
"Military aviation","MTU Aero Engines","Aerospace manufacturer","Munich","4.4E9","Germany"
"Furniture","Natuzzi","Manufacturing","Santeramo in Colle","4.885E8","Italy"
"Steel","Vallourec","Manufacturing","Paris","5.701E9","France"
"Machine tool","Gebr. Heller","Manufacturing","Nürtingen","559.0","Germany"
"Catering","Rational AG","Manufacturing","Landsberg am Lech","564.0","Germany"
"Oven","Rational AG","Manufacturing","Landsberg am Lech","564.0","Germany"
"Paper","Fedrigoni","Manufacturing","Verona","6.26E8","Italy"
"Helicopter","Airbus Helicopters","Aerospace manufacturer","Marignane","6.3E9","France"
"Dairy product","Parmalat","Food processing","Collecchio","6.416E9","Italy"
"Juice","Parmalat","Food processing","Collecchio","6.416E9","Italy"
"Power cable","Nexans","Manufacturing","Paris","6.7E9","France"
"Telecommunications cable","Nexans","Manufacturing","Paris","6.7E9","France"
"Conveyor belt","Semperit","Manufacturing","Vienna","6.894E8","Austria"
"Glove","Semperit","Manufacturing","Vienna","6.894E8","Austria"
"Hose (tubing)","Semperit","Manufacturing","Vienna","6.894E8","Austria"
"Medical glove","Semperit","Manufacturing","Vienna","6.894E8","Austria"
"Rubber","Semperit","Manufacturing","Vienna","6.894E8","Austria"
"Electric power transmission","Prysmian Group","Manufacturing","Milan","7.273E9","Italy"
"Telecommunications cable","Prysmian Group","Manufacturing","Milan","7.273E9","Italy"
"Biofuel","Südzucker","Food processing","Mannheim","7.735E9","Germany"
"Fruit","Südzucker","Food processing","Mannheim","7.735E9","Germany"
"Pizza","Südzucker","Food processing","Mannheim","7.735E9","Germany"
"Starch","Südzucker","Food processing","Mannheim","7.735E9","Germany"
"Sugar","Südzucker","Food processing","Mannheim","7.735E9","Germany"
"Frozen food","Südzucker","Food processing","Mannheim","7.735E9","Germany"
"Heat shield","ElringKlinger","Manufacturing","Dettingen an der Erms","7.957E8","Germany"
"Exhaust system","ElringKlinger","Manufacturing","Dettingen an der Erms","7.957E8","Germany"
"Auto parts","ElringKlinger","Manufacturing","Dettingen an der Erms","7.957E8","Germany"
"Folding bicycle","Brompton Bicycle","Manufacturing","Brentford","1.0E7","United Kingdom"
"Duvet","Dreams (bed retailer)","Manufacturing","High Wycombe","194.0","United Kingdom"
"Duvet","Dreams (bed retailer)","Manufacturing","Loudwater, Buckinghamshire","194.0","United Kingdom"
"Duvet","Dreams (bed retailer)","Manufacturing","Buckinghamshire","194.0","United Kingdom"
"Bedstead","Dreams (bed retailer)","Manufacturing","High Wycombe","194.0","United Kingdom"
"Bedstead","Dreams (bed retailer)","Manufacturing","Loudwater, Buckinghamshire","194.0","United Kingdom"
"Bedstead","Dreams (bed retailer)","Manufacturing","Buckinghamshire","194.0","United Kingdom"
"Bed","Dreams (bed retailer)","Manufacturing","High Wycombe","194.0","United Kingdom"
"Bed","Dreams (bed retailer)","Manufacturing","Loudwater, Buckinghamshire","194.0","United Kingdom"
"Bed","Dreams (bed retailer)","Manufacturing","Buckinghamshire","194.0","United Kingdom"
"Futon","Dreams (bed retailer)","Manufacturing","High Wycombe","194.0","United Kingdom"
"Futon","Dreams (bed retailer)","Manufacturing","Loudwater, Buckinghamshire","194.0","United Kingdom"
"Futon","Dreams (bed retailer)","Manufacturing","Buckinghamshire","194.0","United Kingdom"
"Pillows","Dreams (bed retailer)","Manufacturing","High Wycombe","194.0","United Kingdom"
"Pillows","Dreams (bed retailer)","Manufacturing","Loudwater, Buckinghamshire","194.0","United Kingdom"
"Pillows","Dreams (bed retailer)","Manufacturing","Buckinghamshire","194.0","United Kingdom"
"Mattress","Dreams (bed retailer)","Manufacturing","High Wycombe","194.0","United Kingdom"
"Mattress","Dreams (bed retailer)","Manufacturing","Loudwater, Buckinghamshire","194.0","United Kingdom"
"Mattress","Dreams (bed retailer)","Manufacturing","Buckinghamshire","194.0","United Kingdom"
"AVEVA","Aveva","Computer-aided manufacturing","Cambridge","2.087E8","United Kingdom"
"Health care industry","Devro","Food processing","Chryston","2.323E8","United Kingdom"
"Health care industry","Devro","Food processing","Moodiesburn","2.323E8","United Kingdom"
"Collagen","Devro","Food processing","Chryston","2.323E8","United Kingdom"
"Collagen","Devro","Food processing","Moodiesburn","2.323E8","United Kingdom"
"Cosmetics","Devro","Food processing","Chryston","2.323E8","United Kingdom"
"Cosmetics","Devro","Food processing","Moodiesburn","2.323E8","United Kingdom"
"Rubber","Avon Rubber","Manufacturing","Melksham","5.5E7","United Kingdom"
"Rubber","Avon Rubber","Manufacturing","Wiltshire","5.5E7","United Kingdom"
"Furniture","Dunelm Group","Manufacturing","Syston","8.358E8","United Kingdom"
"Furniture","Dunelm Group","Manufacturing","Leicestershire","8.358E8","United Kingdom"
"Beanbags","Dunelm Group","Manufacturing","Syston","8.358E8","United Kingdom"
"Beanbags","Dunelm Group","Manufacturing","Leicestershire","8.358E8","United Kingdom"
"Mirror","Dunelm Group","Manufacturing","Syston","8.358E8","United Kingdom"
"Mirror","Dunelm Group","Manufacturing","Leicestershire","8.358E8","United Kingdom"
"Carpet","Dunelm Group","Manufacturing","Syston","8.358E8","United Kingdom"
"Carpet","Dunelm Group","Manufacturing","Leicestershire","8.358E8","United Kingdom"
"Crafts","Dunelm Group","Manufacturing","Syston","8.358E8","United Kingdom"
"Crafts","Dunelm Group","Manufacturing","Leicestershire","8.358E8","United Kingdom"
"Quilt","Dunelm Group","Manufacturing","Syston","8.358E8","United Kingdom"
"Quilt","Dunelm Group","Manufacturing","Leicestershire","8.358E8","United Kingdom"
"Blinds","Dunelm Group","Manufacturing","Syston","8.358E8","United Kingdom"
"Blinds","Dunelm Group","Manufacturing","Leicestershire","8.358E8","United Kingdom"
"Dining","Dunelm Group","Manufacturing","Syston","8.358E8","United Kingdom"
"Dining","Dunelm Group","Manufacturing","Leicestershire","8.358E8","United Kingdom"
"Decor","Dunelm Group","Manufacturing","Syston","8.358E8","United Kingdom"
"Decor","Dunelm Group","Manufacturing","Leicestershire","8.358E8","United Kingdom"
"Pictures","Dunelm Group","Manufacturing","Syston","8.358E8","United Kingdom"
"Pictures","Dunelm Group","Manufacturing","Leicestershire","8.358E8","United Kingdom"
"Lighting","Dunelm Group","Manufacturing","Syston","8.358E8","United Kingdom"
"Lighting","Dunelm Group","Manufacturing","Leicestershire","8.358E8","United Kingdom"
"Bathroom","Dunelm Group","Manufacturing","Syston","8.358E8","United Kingdom"
"Bathroom","Dunelm Group","Manufacturing","Leicestershire","8.358E8","United Kingdom"
"Fabrics","Dunelm Group","Manufacturing","Syston","8.358E8","United Kingdom"
"Fabrics","Dunelm Group","Manufacturing","Leicestershire","8.358E8","United Kingdom"
"Pillows","Dunelm Group","Manufacturing","Syston","8.358E8","United Kingdom"
"Pillows","Dunelm Group","Manufacturing","Leicestershire","8.358E8","United Kingdom"
"Flowers","Dunelm Group","Manufacturing","Syston","8.358E8","United Kingdom"
"Flowers","Dunelm Group","Manufacturing","Leicestershire","8.358E8","United Kingdom"
"Pets","Dunelm Group","Manufacturing","Syston","8.358E8","United Kingdom"
"Pets","Dunelm Group","Manufacturing","Leicestershire","8.358E8","United Kingdom"
"Duvets","Dunelm Group","Manufacturing","Syston","8.358E8","United Kingdom"
"Duvets","Dunelm Group","Manufacturing","Leicestershire","8.358E8","United Kingdom"
"Cushions","Dunelm Group","Manufacturing","Syston","8.358E8","United Kingdom"
"Cushions","Dunelm Group","Manufacturing","Leicestershire","8.358E8","United Kingdom"
"Automotive industry","Senior plc","Manufacturing","Hertfordshire","8.495E8","United Kingdom"
"Automotive industry","Senior plc","Manufacturing","Rickmansworth","8.495E8","United Kingdom"
"Aerospace manufacturer","Senior plc","Manufacturing","Hertfordshire","8.495E8","United Kingdom"
"Aerospace manufacturer","Senior plc","Manufacturing","Rickmansworth","8.495E8","United Kingdom"
"Energy development","Senior plc","Manufacturing","Hertfordshire","8.495E8","United Kingdom"
"Energy development","Senior plc","Manufacturing","Rickmansworth","8.495E8","United Kingdom"
"Truck","Leyland Trucks","Manufacturing","Leyland, Lancashire","8.5E8","United Kingdom"
"Door","Assa Abloy","Manufacturing","Stockholm","6.8099E10","Sweden"
"Lock (security device)","Assa Abloy","Manufacturing","Stockholm","6.8099E10","Sweden"
"Rolling-element bearing","SKF","Manufacturing","Gothenburg","7.0975E10","Sweden"
"Grease (lubricant)","SKF","Manufacturing","Gothenburg","7.0975E10","Sweden"
"Seal (mechanical)","SKF","Manufacturing","Gothenburg","7.0975E10","Sweden"
"Automatic lubrication system","SKF","Manufacturing","Gothenburg","7.0975E10","Sweden"
"Condition Monitoring","SKF","Manufacturing","Gothenburg","7.0975E10","Sweden"
"Coating","Oerlikon Balzers","Manufacturing","Balzers","5.11E8","Liechtenstein"
"Confectionery","Nestlé","Food processing","Vevey","8.88E10","Switzerland"
"Ice cream","Nestlé","Food processing","Vevey","8.88E10","Switzerland"
"Pet foods","Nestlé","Food processing","Vevey","8.88E10","Switzerland"
"Dairy products","Nestlé","Food processing","Vevey","8.88E10","Switzerland"
"Bottled water","Nestlé","Food processing","Vevey","8.88E10","Switzerland"
"Baby food","Nestlé","Food processing","Vevey","8.88E10","Switzerland"
"Coffee","Nestlé","Food processing","Vevey","8.88E10","Switzerland"
"Breakfast cereals","Nestlé","Food processing","Vevey","8.88E10","Switzerland"
"Salmon","Cermaq","Food processing","Oslo","1.1634E10","Norway"
"Trout","Cermaq","Food processing","Oslo","1.1634E10","Norway"
"Coho","Cermaq","Food processing","Oslo","1.1634E10","Norway"
"Fish feed","Cermaq","Food processing","Oslo","1.1634E10","Norway"
"Salmon","Marine Harvest","Food processing","Bergen","2.788E10","Norway"
"Trout","Marine Harvest","Food processing","Bergen","2.788E10","Norway"
"Distribution (business)","Marine Harvest","Food processing","Bergen","2.788E10","Norway"
"Berry","Gartnerhallen","Food processing","Oslo","9.0E8","Norway"
"Fruit","Gartnerhallen","Food processing","Oslo","9.0E8","Norway"
"Potato","Gartnerhallen","Food processing","Oslo","9.0E8","Norway"
"Vegetable","Gartnerhallen","Food processing","Oslo","9.0E8","Norway"
"Buses","Grivița (vehicle manufacturer)","Bus manufacturing","Chitila","2.4986575E7","Romania"
