"col0","col1"
"Abiline","Texas, TX"
"Alamusa","Colorado, CO"
"Albanee","Oregon, OR"
"Albuqerque","New Mexico, NM"
"Algonkwen","Illinois, IL"
"Anapolis","Maryland, MD"
"Artesea","Mississippi, MS"
"Atthol","Massachusetts, MA"
"Aburn","Alabama, AL"
"Aubern","Washington, WA"
"Alt","Colorado, CO"
"Ult","Colorado, CO"
"Uarora","Illinois, IL"
"Austen","Texas, TX"
"Bayo La Bater","Alabama, AL"
"Boyu La Batre","Alabama, AL"
"Beatie","Kansas, KS"
"Bever","Oklahoma, OK"
"Beleevue","Washington, WA"
"Belleveu","Washington, WA"
"Bemidjee","Minnesota, MN"
"Berklui","California, CA"
"Berlen","New Hampshire, NH"
"Burlin","New Hampshire, NH"
"Berthood","Colorado, CO"
"Birminghum","Alabama, AL"
"Bluefeild","West Virginia, WV"
"Bothel","Washington, WA"
"Bolder","Colorado, CO"
"Braeux Bridge","Louisiana, LA"
"Castrovile","California, CA"
"Chadborn","North Carolina, NC"
"Charleton","South Carolina, SC"
"Chatswoorth","California, CA"
"Chatanoga","Tennessee, TN"
"Cheyene","Wyoming, WY"
"Chiko","California, CA"
"Chewla Vista","California, CA"
"Chola Vista","California, CA"
"Churobusco","Indiana, IN"
"Cinsinati","Ohio, OH"
"Cochela","California, CA"
"Colubus","Ohio, OH"
"Cordell","Georgia, GA"
"Corsikana","Texas, TX"
"Cranferd","New Jersey, NJ"
"Dawlten","Georgia, GA"
"Danebrog","Nebraska, NE"
"Dannesborg","Nebraska, NE"
"Dawsen","Georgia, GA"
"Dawsin","Georgia, GA"
"DeeKalb","Illinois, IL"
"Dear Trail","Colorado, CO"
"Daland","Florida, FL"
"Denvile","New Jersey, NJ"
"Dove Creak","Colorado, CO"
"Deluth","Minnesota, MN"
"Egdewater","Colorado, CO"
"L Rino","Oklahoma, OK"
"Shual onhorw diuh","South Carolina, SC"
"Elisabethton","Tennessee, TN"
"Elizabethten","Tennessee, TN"
"Emmitsburg","Iowa, IA"
"Ufaula","Alabama, AL"
"Eugean","Oregon, OR"
"Ustis","Florida, FL"
"Falon","Nevada, NV"
"Fayettevile","North Carolina, NC"
"Fayettville","Arkansas, AR"
"Forrestville","California, CA"
"Fort Colins","Colorado, CO"
"Fort Dogde","Iowa, IA"
"Fort Le","New Jersey, NJ"
"Fort Pane","Alabama, AL"
"Gallop","New Mexico, NM"
"Genao","Nevada, NV"
"Glochester","Massachusetts, MA"
"Grinnel","Iowa, IA"
"Geuydan","Louisiana, LA"
"Gulf port","Mississippi, MS"
"Haisenda Heights","California, CA"
"Hains","Alaska, AK"
"Haleyvile","Alabama, AL"
"Hamelton","Texas, TX"
"Hercales","California, CA"
"Hialaeh","Florida, FL"
"Hialeh","Florida, FL"
"Hileah","Florida, FL"
"Holyoak","Massachusetts, MA"
"Hoston","Texas, TX"
"Huntingdon Beach","California, CA"
"Independance","Missouri, MO"
"Indeo","California, CA"
"Inolah","Oklahoma, OK"
"Iselton","California, CA"
"Isletun","California, CA"
"Jakson","Mississippi, MS"
"Jacksonvile","Alabama, AL"
"Joeliet","Illinois, IL"
"Jonesburo","Arkansas, AR"
"Kalamazo","Michigan, MI"
"Kanses City","Missouri, MO"
"Kene","New Hampshire, NH"
"Kiokuk","Iowa, IA"
"Kewanne","Illinois, IL"
"Kingsvile","Texas, TX"
"Kerwin","Kansas, KS"
"Codiak","Alaska, AK"
"Lafayate","Louisiana, LA"
"Lake Binton","Minnesota, MN"
"Laramy","Wyoming, WY"
"Las Vagas","Nevada, NV"
"Lebannon","Tennessee, TN"
"Lebanonn","Tennessee, TN"
"Leuus","Delaware, DE"
"Lexingtown","Massachusetts, MA"
"Long Baech","California, CA"
"Los Angels","California, CA"
"Los Angleles","California, CA"
"Manhatan","Kansas, KS"
"Marysvile","California, CA"
"MacAlen","Texas, TX"
"McAlen","Texas, TX"
"MacCloud","California, CA"
"Meridith","New Hampshire, NH"
"Myame","Florida, FL"
"Millipeters","California, CA"
"Misoula","Montana, MT"
"Monticelo","Minnesota, MN"
"Muskigon","Michigan, MI"
"Mertle Beach","South Carolina, SC"
"Brenswick","New Jersey, NJ"
"New Elm","Minnesota, MN"
"New York City","New York, NY"
"Newbury","Michigan, MI"
"Norko","California, CA"
"Northhamptown","Massachusetts, MA"
"Norwhich","Connecticut, CT"
"O'Neil","Nebraska, NE"
"Orim","Utah, UT"
"Urem","Utah, UT"
"Oxnerd","California, CA"
"Osark","Alabama, AL"
"Pacifika","California, CA"
"Palicade","Colorado, CO"
"Patarson","New Jersey, NJ"
"Peebody","Massachusetts, MA"
"Philidelphia","Pennsylvania, PA"
"Fenix","Arizona, AZ"
"Pitsburg","Kansas, KS"
"Pittsburgh","Kansas, KS"
"Planfeild","New Jersey, NJ"
"Pocatelo","Idaho, ID"
"Port Land","Oregon, OR"
"Preskie Isle","Maine, ME"
"Punsutawney","Pennsylvania, PA"
"Persel","Oklahoma, OK"
"Redford","Virginia, VA"
"Rihoboth Beach","Delaware, DE"
"Rhineback","New York, NY"
"Rochesster","New Hampshire, NH"
"Roswel","New Mexico, NM"
"San Angilo","Texas, TX"
"San Deago","California, CA"
"San Deigo","California, CA"
"Santa Monika","California, CA"
"Saratuga","Wyoming, WY"
"Schnectady","New York, NY"
"Scotsdale","Arizona, AZ"
"Seaside Hieghts","New Jersey, NJ"
"Sadalia","Missouri, MO"
"Sevarance","Colorado, CO"
"Silaom Springs","Arkansas, AR"
"Siou City","Iowa, IA"
"Somervile","Massachusetts, MA"
"Springfeild","Massachusetts, MA"
"Snil moss","Vermont, VT"
"Statan Island","New York, NY"
"Stillwell","Oklahoma, OK"
"Stutgart","Arkansas, AR"
"Suger Land","Texas, TX"
"Sumer","Missouri, MO"
"Sylacaga","Alabama, AL"
"Takuma Park","Maryland, MD"
"Terpon Springs","Florida, FL"
"Taton","Massachusetts, MA"
"Tauton","Massachusetts, MA"
"Terengua","Texas, TX"
"Teringau","Texas, TX"
"Teringua","Texas, TX"
"Texaz City","Texas, TX"
"Toambstone","Arizona, AZ"
"Taverse City","Michigan, MI"
"Tieler","Texas, TX"
"Tiler","Texas, TX"
"Faldosta","Georgia, GA"
"Wako","Texas, TX"
"Wala Wala","Washington, WA"
"Walla","Washington, WA"
"Wallis","Idaho, ID"
"Warwik","Georgia, GA"
"Warwik","Rhode Island, RI"
"Wosco","California, CA"
"Wainesboro","Georgia, GA"
"Waynesboru","Georgia, GA"
"Wetherford","Texas, TX"
"Werton","West Virginia, WV"
"Wilard","Ohio, OH"
"Wilimantic","Connecticut, CT"
"Winfeild","Alabama, AL"
"Winemucca","Nevada, NV"
"Senia","Ohio, OH"
"Yackima","Washington, WA"
"Uba City","California, CA"
"Abbeville","Georgia, GA"
"Adamsville","Tennessee, TN"
"Akron","Ohio, OH"
"Alabaster","Alabama, AL"
"Alameda","California, CA"
"Albany","Oregon, OR"
"Albany","New York, NY"
"Albertville","Alabama, AL"
"Albuquerque","New Mexico, NM"
"Algona","Washington, WA"
"Algona","Iowa, IA"
"Algonquin","Illinois, IL"
"Allentown","Pennsylvania, PA"
"Alma","Arkansas, AR"
"Anderson","South Carolina, SC"
"Ann Arbor","Michigan, MI"
"Anniston","Alabama, AL"
"Anoka","Minnesota, MN"
"Anthony","New Mexico, NM"
"Apache Junction","Arizona, AZ"
"Apex","North Carolina, NC"
"Arvada","Colorado, CO"
"Ashton","Idaho, ID"
"Aspen","Colorado, CO"
"Athens","Georgia, GA"
"Atlanta","Georgia, GA"
"Auburn","Washington, WA"
"Aurora","Colorado, CO"
"Bakersfield","California, CA"
"Baltimore","Maryland, MD"
"Bandera","Texas, TX"
"Bangor","Maine, ME"
"Bardstown","Kentucky, KY"
"Trau m pro climp","Vermont, VT"
"Batavia","Illinois, IL"
"Baxter Springs","Kansas, KS"
"Bayou La Batre","Alabama, AL"
"Beardstown","Illinois, IL"
"Beattie","Kansas, KS"
"Beaver","Oklahoma, OK"
"Bellingham","Washington, WA"
"Belzoni","Mississippi, MS"
"Bemidji","Minnesota, MN"
"Berea","Kentucky, KY"
"Berkeley","California, CA"
"Berrien Springs","Michigan, MI"
"Berryville","Arkansas, AR"
"Berthoud","Colorado, CO"
"Bertram","Texas, TX"
"Bessemer","Alabama, AL"
"Bethany Beach","Delaware, DE"
"Bethlehem","Connecticut, CT"
"Bethlehem","Pennsylvania, PA"
"Biloxi","Mississippi, MS"
"Binghamton","New York, NY"
"Birmingham","Alabama, AL"
"Bishop","California, CA"
"Bloomington","Illinois, IL"
"Boone","North Carolina, NC"
"Boston","Massachusetts, MA"
"Bozeman","Montana, MT"
"Breckenridge","Colorado, CO"
"Brevard","North Carolina, NC"
"Bridgeport","Connecticut, CT"
"Brinkley","Arkansas, AR"
"Bristol","Connecticut, CT"
"Bristol","Tennessee, TN"
"Bristol","Virginia, VA"
"Brockton","Massachusetts, MA"
"Brooklyn","New York, NY"
"Brunswick","Missouri, MO"
"Buena Park","California, CA"
"Buhl","Idaho, ID"
"Burlington","Vermont, VT"
"Butte","Montana, MT"
"Byram Township","New Jersey, NJ"
"Calabash","North Carolina, NC"
"Caldwell","Texas, TX"
"Campbell","California, CA"
"Canon","Georgia, GA"
"Carbondale","Colorado, CO"
"Carrboro","North Carolina, NC"
"Castroville","California, CA"
"Cawker City","Kansas, KS"
"Cedaredge","Colorado, CO"
"Central City","Colorado, CO"
"Champaign-Urbana","Illinois, IL"
"Chandler","Arizona, AZ"
"Charlotte","North Carolina, NC"
"Chatsworth","California, CA"
"Chattanooga","Tennessee, TN"
"Cherryfield","Maine, ME"
"Cheshire","Connecticut, CT"
"Chicago","Illinois, IL"
"Chico","California, CA"
"Chula Vista","California, CA"
"Churubusco","Indiana, IN"
"Cincinnati","Ohio, OH"
"Circleville","Ohio, OH"
"Clark","South Dakota, SD"
"Clarksville","Tennessee, TN"
"Claxton","Georgia, GA"
"Cleveland","Ohio, OH"
"Clifton","Texas, TX"
"Clovis","California, CA"
"Coachella","California, CA"
"Coconut Creek","Florida, FL"
"Cody","Wyoming, WY"
"Collinsville","Illinois, IL"
"Colonial Beach","Virginia, VA"
"Colquitt","Georgia, GA"
"Columbia","Maryland, MD"
"Columbia","South Carolina, SC"
"Columbus","Indiana, IN"
"Colville","Washington, WA"
"Compton","California, CA"
"Concord","New Hampshire, NH"
"Conway","Arkansas, AR"
"Cooperstown","New York, NY"
"Coral Springs","Florida, FL"
"Corning","California, CA"
"Corning","New York, NY"
"Corona","California, CA"
"Corsicana","Texas, TX"
"Cottonwood Heights","Utah, UT"
"Cozad","Nebraska, NE"
"Crawford","Nebraska, NE"
"Creede","Colorado, CO"
"Crested Butte","Colorado, CO"
"Crisfield","Maryland, MD"
"Crystal Lake","Illinois, IL"
"Cuero","Texas, TX"
"Dalton","Georgia, GA"
"Daly City","California, CA"
"Danbury","Connecticut, CT"
"Danville","Kentucky, KY"
"Davis","California, CA"
"Davison","Michigan, MI"
"Dayton","Ohio, OH"
"DeKalb","Illinois, IL"
"Decatur","Alabama, AL"
"Delphos","Ohio, OH"
"Demopolis","Alabama, AL"
"Denver","Colorado, CO"
"Derby","Connecticut, CT"
"Derry","New Hampshire, NH"
"Des Allemands","Louisiana, LA"
"Des Moines","Iowa, IA"
"Detroit","Michigan, MI"
"Dickinson","North Dakota, ND"
"Dinuba","California, CA"
"Dodge City","Kansas, KS"
"Douglas","Wyoming, WY"
"Douglas","Alabama, AL"
"Dover","Delaware, DE"
"Drayton","North Dakota, ND"
"Drumright","Oklahoma, OK"
"Dubach","Louisiana, LA"
"Dumas","Arkansas, AR"
"Duncanville","Texas, TX"
"Durango","Colorado, CO"
"Dyersville","Iowa, IA"
"Eagle Lake","Texas, TX"
"Eaton","Colorado, CO"
"Eau Claire","Michigan, MI"
"El Paso","Texas, TX"
"El Reno","Oklahoma, OK"
"Elberton","Georgia, GA"
"Elgin","Texas, TX"
"V gront","South Carolina, SC"
"Elizabethton","Tennessee, TN"
"Elkhart","Indiana, IN"
"Emerson","Arkansas, AR"
"Emmetsburg","Iowa, IA"
"Enumclaw","Washington, WA"
"Erie","Pennsylvania, PA"
"Erwin","North Carolina, NC"
"Eugene","Oregon, OR"
"Eustis","Florida, FL"
"Fairfield","Iowa, IA"
"Fallbrook","California, CA"
"Farmington","Maine, ME"
"Fayetteville","Arkansas, AR"
"Fayetteville","North Carolina, NC"
"Fernandina Beach","Florida, FL"
"Flagstaff","Arizona, AZ"
"Forestville","California, CA"
"Fort Lauderdale","Florida, FL"
"Fort Myers","Florida, FL"
"Fort Thompson","South Dakota, SD"
"Fort Wayne","Indiana, IN"
"Fort Worth","Texas, TX"
"Fortescue","New Jersey, NJ"
"Fruita","Colorado, CO"
"Bru, prueb sui","New York, NY"
"Gainesville","Florida, FL"
"Gainesville","Georgia, GA"
"Galilee","Rhode Island, RI"
"Galveston","Texas, TX"
"Gary","Indiana, IN"
"Gaylord","Michigan, MI"
"Gilroy","California, CA"
"Girard","Kansas, KS"
"Glendale","California, CA"
"Glendive","Montana, MT"
"Gloucester","Massachusetts, MA"
"Goleta","California, CA"
"Gonzales","Louisiana, LA"
"Granville","New York, NY"
"Greeley","Colorado, CO"
"Green Forest","Arkansas, AR"
"Greenfield","California, CA"
"Greenville","Alabama, AL"
"Greenville","South Carolina, SC"
"Greenwood","South Carolina, SC"
"Gridley","California, CA"
"Griffin","Georgia, GA"
"Griggsville","Illinois, IL"
"Grinnell","Iowa, IA"
"Groton","Connecticut, CT"
"Hacienda Heights","California, CA"
"Hadley","Massachusetts, MA"
"Hagerstown","Maryland, MD"
"Haines","Alaska, AK"
"Haines City","Florida, FL"
"Hamden","Connecticut, CT"
"Hamilton","Texas, TX"
"Hammondsport","New York, NY"
"Hannibal","Missouri, MO"
"Hartford","Connecticut, CT"
"Hartselle","Alabama, AL"
"Hastings","Nebraska, NE"
"Hattiesburg","Mississippi, MS"
"Haverstraw","New York, NY"
"Haysville","Kansas, KS"
"Hercules","California, CA"
"Hershey","Pennsylvania, PA"
"Holtville","California, CA"
"Holyoke","Massachusetts, MA"
"Honaker","Virginia, VA"
"Honolulu","Hawaii, HI"
"Hot Springs","Arkansas, AR"
"Houston","Texas, TX"
"Hueytown","Alabama, AL"
"Huntley","Illinois, IL"
"Huntsville","Alabama, AL"
"Huntsville","Texas, TX"
"Ilwaco","Washington, WA"
"Independence","Missouri, MO"
"Indiana","Pennsylvania, PA"
"Indianapolis","Indiana, IN"
"Inola","Oklahoma, OK"
"Isleton","California, CA"
"Jackson","Michigan, MI"
"Jacksonville","Florida, FL"
"Jamestown","North Dakota, ND"
"Jasper","Arkansas, AR"
"Jennings","Kansas, KS"
"Jennings","Louisiana, LA"
"Jerome","Arizona, AZ"
"Jersey City","New Jersey, NJ"
"Johnson City","Tennessee, TN"
"Johnstown","Pennsylvania, PA"
"Joliet","Illinois, IL"
"Jonesboro","Arkansas, AR"
"Jonesborough","Tennessee, TN"
"Juneau","Alaska, AK"
"Kalamazoo","Michigan, MI"
"Kalispell","Montana, MT"
"Kannapolis","North Carolina, NC"
"Kansas City","Kansas, KS"
"Kaufman","Texas, TX"
"Keansburg","New Jersey, NJ"
"Keene","New Hampshire, NH"
"Keizer","Oregon, OR"
"Kelso","Washington, WA"
"Kenai","Alaska, AK"
"Kennesaw","Georgia, GA"
"Kenton","Tennessee, TN"
"Keokuk","Iowa, IA"
"Ketchikan","Alaska, AK"
"Kewanee","Illinois, IL"
"Kirkland","Washington, WA"
"Kirkwood","Missouri, MO"
"Kirwin","Kansas, KS"
"Drao reng zuct spuoy","Alaska, AK"
"Knoxville","Tennessee, TN"
"Kodiak","Alaska, AK"
"Kokomo","Indiana, IN"
"La Crosse","Kansas, KS"
"Lafayette","Louisiana, LA"
"Lake Benton","Minnesota, MN"
"Lake Oswego","Oregon, OR"
"Lathrop","Missouri, MO"
"Lecompte","Louisiana, LA"
"Lenexa","Kansas, KS"
"Lenoir City","Tennessee, TN"
"Leola","South Dakota, SD"
"Leoti","Kansas, KS"
"Lewes","Delaware, DE"
"Lexington","Kentucky, KY"
"Limon","Colorado, CO"
"Lincoln","Alabama, AL"
"Lincoln","Nebraska, NE"
"Linden","California, CA"
"Lindsborg","Kansas, KS"
"Lithonia","Georgia, GA"
"Little Rock","Arkansas, AR"
"Lockport","New York, NY"
"Lodi","California, CA"
"Lombard","Illinois, IL"
"Lompoc","California, CA"
"Long Beach","California, CA"
"Los Angeles","California, CA"
"Louisville","Kentucky, KY"
"Loup City","Nebraska, NE"
"Lowell","Arkansas, AR"
"Lowell","Massachusetts, MA"
"Lynchburg","Virginia, VA"
"Madison","Wisconsin, WI"
"Maggie Valley","North Carolina, NC"
"Malvern","Arkansas, AR"
"Manchester","New Hampshire, NH"
"Manchester","Connecticut, CT"
"Manhattan","New York, NY"
"Mannford","Oklahoma, OK"
"Marion","Indiana, IN"
"Marionville","Missouri, MO"
"Marseilles","Illinois, IL"
"Marysville","California, CA"
"Marysville","Kansas, KS"
"Mattoon","Illinois, IL"
"McAllen","Texas, TX"
"McCloud","California, CA"
"McMinnville","Tennessee, TN"
"Medfield","Massachusetts, MA"
"Melbourne","Florida, FL"
"Memphis","Tennessee, TN"
"Merced","California, CA"
"Meriden","Connecticut, CT"
"Mesick","Michigan, MI"
"Metropolis","Illinois, IL"
"Miami","Florida, FL"
"Middletown","Connecticut, CT"
"Midlothian","Texas, TX"
"Millinocket","Maine, ME"
"Milpitas","California, CA"
"Milwaukee","Wisconsin, WI"
"Minneapolis","Minnesota, MN"
"Mishawaka","Indiana, IN"
"Missoula","Montana, MT"
"Modesto","California, CA"
"Monterey","California, CA"
"Montgomery","Minnesota, MN"
"Montgomery","Alabama, AL"
"Morton","Illinois, IL"
"Mount Ida","Arkansas, AR"
"Mount Pleasant","Texas, TX"
"Mountain View","Arkansas, AR"
"Naperville","Illinois, IL"
"Nashua","New Hampshire, NH"
"Nashville","Arkansas, AR"
"Nashville","Georgia, GA"
"Nashville","Tennessee, TN"
"Naugatuck","Connecticut, CT"
"Nederland","Colorado, CO"
"Neosho","Missouri, MO"
"New Britain","Connecticut, CT"
"New Brunswick","New Jersey, NJ"
"New Castle","Pennsylvania, PA"
"New Haven","Connecticut, CT"
"New Orleans","Louisiana, LA"
"New Rochelle","New York, NY"
"New York","New York, NY"
"Newark","New Jersey, NJ"
"Newberry","Michigan, MI"
"Newburyport","Massachusetts, MA"
"Newnan","Georgia, GA"
"Newport","Rhode Island, RI"
"Niagara Falls","New York, NY"
"Norman","Oklahoma, OK"
"North Adams","Massachusetts, MA"
"North Loup","Nebraska, NE"
"North Platte","Nebraska, NE"
"North Tonawanda","New York, NY"
"Northampton","Massachusetts, MA"
"Northfield","Minnesota, MN"
"Norwich","Connecticut, CT"
"O'Fallon","Missouri, MO"
"O'Neill","Nebraska, NE"
"Oak Ridge","Tennessee, TN"
"Oakland","Nebraska, NE"
"Ocean City","New Jersey, NJ"
"Ocoee","Florida, FL"
"Ogdensburg","New York, NY"
"Okeechobee","Florida, FL"
"Oklahoma City","Oklahoma, OK"
"Olathe","Kansas, KS"
"Olney","Illinois, IL"
"Omaha","Nebraska, NE"
"Onaway","Michigan, MI"
"Ormond Beach","Florida, FL"
"Oroville","California, CA"
"Ouray","Colorado, CO"
"Owensboro","Kentucky, KY"
"Pacifica","California, CA"
"Paducah","Kentucky, KY"
"Palm Springs","California, CA"
"Panama City Beach","Florida, FL"
"Parsons","Kansas, KS"
"Pasadena","California, CA"
"Pawtucket","Rhode Island, RI"
"Pearsonville","California, CA"
"Pensacola","Florida, FL"
"Peoria","Illinois, IL"
"Perth Amboy","New Jersey, NJ"
"Peru","Indiana, IN"
"Petersburg","West Virginia, WV"
"Phelps","New York, NY"
"Philadelphia","Pennsylvania, PA"
"Phoenix","Arizona, AZ"
"Pikeville","Kentucky, KY"
"Pinehurst","North Carolina, NC"
"Pittsburg","Kansas, KS"
"Pittsburgh","Pennsylvania, PA"
"Placerville","California, CA"
"Plano","Texas, TX"
"Plymouth","Massachusetts, MA"
"Ponchatoula","Louisiana, LA"
"Prattville","Alabama, AL"
"Prescott","Arizona, AZ"
"Presque Isle","Maine, ME"
"Preston","Minnesota, MN"
"Provincetown","Massachusetts, MA"
"Provo","Utah, UT"
"Pueblo","Colorado, CO"
"Punxsutawney","Pennsylvania, PA"
"Purcell","Oklahoma, OK"
"Quincy","Illinois, IL"
"Quinter","Kansas, KS"
"Quitman","Texas, TX"
"Radford","Virginia, VA"
"Raleigh","North Carolina, NC"
"Randolph","Nebraska, NE"
"Ray","North Dakota, ND"
"Rayne","Louisiana, LA"
"Reading","Pennsylvania, PA"
"Redmond","Washington, WA"
"Redwood City","California, CA"
"Reedley","California, CA"
"Rehoboth Beach","Delaware, DE"
"Renfro Valley","Kentucky, KY"
"Reno","Nevada, NV"
"Rhinebeck","New York, NY"
"Richmond","Virginia, VA"
"Rio Rancho","New Mexico, NM"
"Roanoke","Virginia, VA"
"Rochester","New York, NY"
"Rockland","Maine, ME"
"Roscoe","New York, NY"
"Rumney","New Hampshire, NH"
"Russell Springs","Kansas, KS"
"Snug hoy","Vermont, VT"
"Sacramento","California, CA"
"Saint Paul","Minnesota, MN"
"Salem","Massachusetts, MA"
"Salem","Missouri, MO"
"Salem","New Hampshire, NH"
"Salem","Oregon, OR"
"Salina","Kansas, KS"
"San Angelo","Texas, TX"
"San Diego","California, CA"
"San Francisco","California, CA"
"San Jose","California, CA"
"Sandersville","Georgia, GA"
"Sanger","California, CA"
"Sansom Park","Texas, TX"
"Santa Cruz","California, CA"
"Santa Fe","New Mexico, NM"
"Santa Rosa","New Mexico, NM"
"Sarasota","Florida, FL"
"Saratoga Springs","New York, NY"
"Savannah","Georgia, GA"
"Schenectady","New York, NY"
"Scottsdale","Arizona, AZ"
"Scranton","Pennsylvania, PA"
"Seaford","Delaware, DE"
"Sedona","Arizona, AZ"
"Selma","California, CA"
"Senatobia","Mississippi, MS"
"Severance","Colorado, CO"
"Shelbyville","Tennessee, TN"
"Sierra Vista","Arizona, AZ"
"Siloam Springs","Arkansas, AR"
"Sioux City","Iowa, IA"
"Sioux Falls","South Dakota, SD"
"Sitka","Alaska, AK"
"Slocomb","Alabama, AL"
"Soldiers Grove","Wisconsin, WI"
"Solvang","California, CA"
"South Haven","Michigan, MI"
"Spartanburg","South Carolina, SC"
"Spencer","Idaho, ID"
"Spokane","Washington, WA"
"Springfield","Illinois, IL"
"Springfield","Missouri, MO"
"Springville","Utah, UT"
"Gbonee lisk","Vermont, VT"
"St. Cloud","Minnesota, MN"
"St. Louis","Missouri, MO"
"St. Martinville","Louisiana, LA"
"St. Petersburg","Florida, FL"
"Stamford","Connecticut, CT"
"Staten Island","New York, NY"
"Stilwell","Oklahoma, OK"
"Stockton","California, CA"
"Strongsville","Ohio, OH"
"Stuttgart","Arkansas, AR"
"Sugar Land","Texas, TX"
"Sugarcreek","Ohio, OH"
"Sumner","Missouri, MO"
"Sumner","Washington, WA"
"Sun Prairie","Wisconsin, WI"
"Sunnyvale","California, CA"
"Sylacauga","Alabama, AL"
"Tacoma","Washington, WA"
"Takoma Park","Maryland, MD"
"Talent","Oregon, OR"
"Tallahassee","Florida, FL"
"Taos","New Mexico, NM"
"Tarpon Springs","Florida, FL"
"Tarryall","Colorado, CO"
"Taunton","Massachusetts, MA"
"Telluride","Colorado, CO"
"Terlingua","Texas, TX"
"Terre Haute","Indiana, IN"
"Texarkana","Arkansas, AR"
"Texas City","Texas, TX"
"The Colony","Texas, TX"
"Thomasville","North Carolina, NC"
"Toledo","Ohio, OH"
"Tombstone","Arizona, AZ"
"Towner","North Dakota, ND"
"Traverse City","Michigan, MI"
"Troy","New York, NY"
"Tucson","Arizona, AZ"
"Tulelake","California, CA"
"Tulsa","Oklahoma, OK"
"Tuscaloosa","Alabama, AL"
"Tuskegee","Alabama, AL"
"Unadilla","Nebraska, NE"
"Valdosta","Georgia, GA"
"Valley City","Ohio, OH"
"Valparaiso","Indiana, IN"
"Vicksburg","Mississippi, MS"
"Victoria","Texas, TX"
"Vidalia","Georgia, GA"
"Waco","Texas, TX"
"Walla Walla","Washington, WA"
"Wallace","Idaho, ID"
"Waltham","Massachusetts, MA"
"Warrensburg","Missouri, MO"
"Warroad","Minnesota, MN"
"Wartrace","Tennessee, TN"
"Warwick","Georgia, GA"
"Wasco","California, CA"
"Washington","Missouri, MO"
"Waterbury","Connecticut, CT"
"Waterville","Maine, ME"
"Watsonville","California, CA"
"Waynesboro","Georgia, GA"
"Waynesville","Ohio, OH"
"Weatherford","Texas, TX"
"Weirton","West Virginia, WV"
"West Haven","Connecticut, CT"
"Westfield","Massachusetts, MA"
"Westfield","New York, NY"
"Wetumpka","Alabama, AL"
"Wichita","Kansas, KS"
"Wickenburg","Arizona, AZ"
"Williamsburg","Virginia, VA"
"Willimantic","Connecticut, CT"
"Willits","California, CA"
"Wills Point","Texas, TX"
"Wilmington","Delaware, DE"
"Div sfv bu","Illinois, IL"
"Wilmington","North Carolina, NC"
"Wilmington","Ohio, OH"
"Winnemucca","Nevada, NV"
"Winooski","Vermont, VT"
"Winston-Salem","North Carolina, NC"
"Wisconsin Dells","Wisconsin, WI"
"Worcester","Massachusetts, MA"
"Worthington","Minnesota, MN"
"Xenia","Ohio, OH"
"Yonkers","New York, NY"
"Yorba Linda","California, CA"
"Yuma","Arizona, AZ"
"Zanesville","Ohio, OH"
