<table>
<thead>
<tr>
<th>x</th>
<th>MTabES</th>
<th>BM25</th>
<th>Fuzzy</th>
<th>Wikipedia</th>
<th>Wikidata</th>
<th>BM25Fuzzy</th>
</tr>
</thead>
<tbody>
<tr>
<td>1</td>
<td>81.09</td>
<td>38.02</td>
<td>81.34</td>
<td>55</td>
<td>59.86</td>
<td>58.73</td>
</tr>
<tr>
<td>3</td>
<td>89.81</td>
<td>71.80</td>
<td>89.92</td>
<td>72.59</td>
<td>71.45</td>
<td>71.02</td>
</tr>
<tr>
<td>10</td>
<td>95.25</td>
<td>80.88</td>
<td>95.35</td>
<td>77.09</td>
<td>75.03</td>
<td>82.27</td>
</tr>
<tr>
<td>20</td>
<td>96.49</td>
<td>82.41</td>
<td>96.48</td>
<td>79.94</td>
<td>75.62</td>
<td>86.29</td>
</tr>
<tr>
<td>100</td>
<td>98.26</td>
<td>87.75</td>
<td>97.98</td>
<td>82.33</td>
<td>76.10</td>
<td>92.47</td>
</tr>
<tr>
<td>1000</td>
<td>98.85</td>
<td>89.90</td>
<td>98.10</td>
<td>82.33</td>
<td>76.10</td>
<td>94.31</td>
</tr>
</tbody>
</table>