col0,col1,col2,col3
flag of Úbeda,garnet,Spain,5:3
flag of Czechoslovakia,blue,Czechoslovakia,3:2
Flag of Chachapoyas,yellow,Peru,3:2
Russian Navy Ensign,blue,Russia,3:2
flag of Peñamellera Baja,yellow,Spain,3:2
Flag of Gran Canaria,yellow,Spain,3:2
flag of Mieres (Asturies),yellow,Spain,3:2
Flag of Fuerteventura,green,Spain,3:2
Flag of Lanzarote,blue,Spain,3:2
flag of the Weimar Republic,red,Weimar Republic,3:2
flag of Għaxaq,green,Malta,5:3
flag of the People's Liberation Army,red,People's Republic of China,5:4
Presidential standards of the Czech Republic,yellow,Czech Republic,1:1
flag of Deutsche Bundespost,red,Germany,5:3
flag of the Armenian Soviet Socialist Republic,blue,Armenian Soviet Socialist Republic,2:1
flag of Piedmont,blue,Italy,3:2
Flag of Pridnestrovie,green,Moldova,2:1
flag of Crimea,blue,Russia,2:1
flag of Guernsey,red,Guernsey,3:2
flag of Saba,yellow,Netherlands,3:2
