col0,col1,col2,col3,col4,col5,col6,col7
Konstanz,817.95,Freiburg Government Region,Frank Hämmerle,270568,Germany,Kommunalverband für Jugend und Soziales Baden-Württemberg,rural district of Baden-Württemberg
Waldshut,1131.19,Freiburg Government Region,Martin Kistler,163699,Germany,Kommunalverband für Jugend und Soziales Baden-Württemberg,rural district of Baden-Württemberg
Lörrach,806.81,Freiburg Government Region,Marion Dammann,220606,Germany,Kommunalverband für Jugend und Soziales Baden-Württemberg,rural district of Baden-Württemberg
Breisgau-Hochschwarzwald,1378.3,Freiburg Government Region,Dorothea Störr-Ritter,247711,Germany,Kommunalverband für Jugend und Soziales Baden-Württemberg,rural district of Baden-Württemberg
Emmendingen,679.9,Freiburg Government Region,Hanno Hurth,157399,Germany,Kommunalverband für Jugend und Soziales Baden-Württemberg,rural district of Baden-Württemberg
