col0,col1,col2,col3,col4,col5
Terra Nova Migratory Bird Sanctuary,Canadian Wildlife Service,Newfoundland and Labrador,Canada,IUCN category II: National Park,1967-01-01
Beckett Creek Migratory Bird Sanctuary,Canadian Wildlife Service,Ottawa,Canada,IUCN category II: National Park,1969-01-01
Harry Gibbons Migratory Bird Sanctuary,Canadian Wildlife Service,Kivalliq Region,Canada,IUCN category Ib: Wilderness Area,1959-01-01
East Bay Migratory Bird Sanctuary,Canadian Wildlife Service,Kivalliq Region,Canada,IUCN category Ib: Wilderness Area,1959-01-01
Hannah Bay Migratory Bird Sanctuary,Canadian Wildlife Service,Qikiqtaaluk Region,Canada,IUCN category Ib: Wilderness Area,1939-01-01
Prince Leopold Island Migratory Bird Sanctuary,Canadian Wildlife Service,Qikiqtaaluk Region,Canada,IUCN category Ib: Wilderness Area,1992-01-01
Akimiski Island Migratory Bird Sanctuary,Canadian Wildlife Service,Qikiqtaaluk Region,Canada,IUCN category Ib: Wilderness Area,1941-01-01
Richardson Lake Migratory Bird Sanctuary,Canadian Wildlife Service,Regional Municipality of Wood Buffalo,Canada,IUCN category Ib: Wilderness Area,1949-01-01
