col0,col1,col2,col3
Feodosiya,Russia,Great Soviet Encyclopedia,Siege of Theodosia (389 BC)
Constantinople,Latin Empire,Small Brockhaus and Efron Encyclopedic Dictionary,Siege of Constantinople (821-823)
Ashkelon,Israel,Brockhaus and Efron Encyclopedic Dictionary,Battle of Ascalon
Constantinople,Latin Empire,Small Brockhaus and Efron Encyclopedic Dictionary,Siege of Constantinople
Ashkelon,Israel,Brockhaus and Efron Encyclopedic Dictionary,Siege of Ascalon
Constantinople,Byzantine Empire,Brockhaus and Efron Encyclopedic Dictionary,Siege of Constantinople
London,United Kingdom,Brockhaus and Efron Encyclopedic Dictionary,The Blitz
