col0,col1,col2,col3
Lacombe Blacksmith Shop Museum,5020 49th Street,Alberta provincial historic resource,Canada
American Tobacco Company Prizery,619 North Heritage Street,place listed on the National Register of Historic Places,United States of America
Ira F. Powers Warehouse and Factory,123 Northeast 3rd Avenue,place listed on the National Register of Historic Places,United States of America
Woodbury Mill,1 Dover Street,place listed on the National Register of Historic Places,United States of America
