col0,col1,col2,col3
Jiangsu,Mandarin Chinese,Shanghai,Svensk uppslagsbok
Zhejiang,Wu Chinese,Jiangxi,Brockhaus and Efron Encyclopedic Dictionary
Jiangsu,Mandarin Chinese,Shandong,Brockhaus and Efron Encyclopedic Dictionary
Zhejiang,Wu Chinese,Fujian,Brockhaus and Efron Encyclopedic Dictionary
Jiangsu,Standard Chinese,Anhui,Brockhaus and Efron Encyclopedic Dictionary
Zhejiang,Wu Chinese,Anhui,Brockhaus and Efron Encyclopedic Dictionary
Jiangsu,Standard Chinese,Shanghai,Brockhaus and Efron Encyclopedic Dictionary
