col0,col1,col2,col3
1996 Brazil International Badminton Championships,1996 Brazil International Badminton Championships – Men's doubles,São Paulo,1997 Brazil International Badminton Championships
1995 Brazil International Badminton Championships,1995 Brazil International Badminton Championships – Men's doubles,São Paulo,1996 Brazil International Badminton Championships
2004 Brazil International Badminton Championships,2004 Brazil International Badminton Championships – Men's doubles,São Paulo,2005 Brazil International Badminton Championships
2019 Brazil International Badminton Championships,2019 Brazil International Badminton Championships – Men's doubles,São Paulo,2020 Brazil International Badminton Championships
