col0,col1,col2,col3
special wards of Tokyo,UTC+09:00,second-level administrative country subdivision,619
Fetakgomo Local Municipality,UTC+02:00,second-level administrative country subdivision,1107
Wagrain,UTC+01:00,second-level administrative country subdivision,50.55
Matrei in Osttirol,UTC+01:00,second-level administrative country subdivision,277.77
Bad Hall,UTC+01:00,second-level administrative country subdivision,13.36
Zella-Mehlis,UTC+01:00,second-level administrative country subdivision,28.07
Sierning,UTC+01:00,second-level administrative country subdivision,38.17
Messkirch,UTC+01:00,second-level administrative country subdivision,76.22
San Pedro de la Paz,UTC−04:00,second-level administrative country subdivision,112.5
