col0,col1,col2,col3,col4
Chiesa di San Francesco di Paola,1607-01-01,mannerism,Italy,Milazzo
Sanctuary Madonna di Mongiovino,1728-01-01,mannerism,Italy,Tavernelle
Sanctuary of San Gerardo Maiella,1200-01-01,Neoclassical architecture,Italy,Materdomini
Santuario Madonna del Tindari,1953-01-01,baroque architecture,Italy,Tindari
Santuario di Maria Santissima di Custonaci,1575-01-01,Italian Gothic architecture,Italy,Custonaci
Sanctuary of the Madonna of Miracles,1547-01-01,Baroque,Italy,Alcamo
basilica santuario di Maria Santissima Addolorata,1890-09-28,Gothic Revival architecture,Italy,Castelpetroso
