col0,col1,col2,col3,col4,col5
So Fresh: The Hits of Spring 2003,So Fresh,The Hits of Spring 2003,hit record,Australia,pop music
So Fresh: The Hits of Spring 2001,So Fresh,The Hits of Spring 2001,hit record,Australia,pop music
So Fresh: The Hits of Spring 2002,So Fresh,The Hits of Spring 2002,hit record,Australia,pop music
So Fresh: The Hits of Spring 2000,So Fresh,The Hits of Spring 2000,hit record,Australia,pop music
So Fresh: The Hits of Autumn 2010 + Bonus DVD,So Fresh,The Hits of Autumn 2010 + Bonus DVD,hit record,Australia,pop music
So Fresh: The Hits of Autumn 2009 + Bonus DVD,So Fresh,The Hits of Autumn 2009 + Bonus DVD,hit record,Australia,pop music
So Fresh: The Hits of Autumn 2008 + Bonus DVD,So Fresh,The Hits of Autumn 2008 + Bonus DVD,hit record,Australia,pop music
So Fresh: The Hits of Autumn 2006,So Fresh,The Hits of Autumn 2006,hit record,Australia,pop music
So Fresh: The Hits of Autumn 2005,So Fresh,The Hits of Autumn 2005,hit record,Australia,pop music
So Fresh: The Hits of Autumn 2004,So Fresh,The Hits of Autumn 2004,hit record,Australia,pop music
So Fresh: The Hits of Autumn 2002,So Fresh,The Hits of Autumn 2002,hit record,Australia,pop music
So Fresh: The Hits of Autumn 2003,So Fresh,The Hits of Autumn 2003,hit record,Australia,pop music
