col0,col1,col2,col3,col4,col5
Skämtaren Sune,young adult literature,2010-01-01,Lovisa Lesse,Swedish,Anders Jacobsson
"Fy katten, Sune",young adult literature,2007-01-01,Lovisa Lesse,Swedish,Anders Jacobsson
Sunes tusen tjusarknep,children's literature,2008-01-01,Lovisa Lesse,Swedish,Anders Jacobsson
Sunes skolresa,children's literature,2011-01-01,Lovisa Lesse,Swedish,Anders Jacobsson
Sune och tjejhatarligan,children's literature,2012-01-01,Lovisa Lesse,Swedish,Anders Jacobsson
Sune i Grekland,children's literature,2009-01-01,Lovisa Lesse,Swedish,Anders Jacobsson
Spik och panik Sune,children's literature,2005-01-01,Lovisa Lesse,Swedish,Anders Jacobsson
