col0,col1,col2,col3
1991 Torneo Internazionale Femminile di Palermo,1991-07-08,tennis tournament edition,1991-07-14
1990 Torneo Internazionale,1990-07-09,tennis tournament edition,1990-07-13
2011 Internazionali Femminili di Palermo,2011-07-11,tennis tournament edition,2011-07-17
2010 Internazionali Femminili di Palermo,2010-07-12,tennis tournament edition,2010-07-18
2009 Internazionali Femminili di Palermo,2009-07-13,tennis tournament edition,2009-07-19
2012 Internazionali Femminili di Palermo,2012-07-09,tennis tournament edition,2012-07-15
