col0,col1,col2,col3,col4,col5,col6,col7
Community of Madrid Sports Centre,Spain,Madrid,Community of Madrid,basketball,15000,2005-01-01,indoor arena
Madison Square Garden,United States of America,Manhattan,The Madison Square Garden Company,basketball,19812,1968-02-11,indoor arena
Wembley Arena,United Kingdom,London Borough of Brent,Quintain Estates and Development,cycle sport,12500,1934-07-25,multi-purpose hall
Madison Square Garden,United States of America,Manhattan,The Madison Square Garden Company,basketball,19812,1968-02-11,multi-purpose hall
