col0,col1,col2,col3,col4,col5
MS Viking XPRS,655,Estonia,2007-09-19,roll-on/roll-off ship,Tallinn
Gabriella,6.4,Finland,1992-01-01,roll-on/roll-off ship,Mariehamn
Richard With,4.7,Norway,1993-01-01,roll-on/roll-off ship,Tromsø
Wasa Express,4.9,Norway,1981-01-01,roll-on/roll-off ship,Ålesund
Richard With,4.7,Norway,1993-01-01,motor ship,Tromsø
IMO 9197533,6.9,Portugal,1999-01-01,cargo ship,Madeira
Richard With,4.7,Norway,1993-01-01,cruise ship,Tromsø
Rus,5.8,Bahamas,1986-01-01,ferry,Vladivostok
