col0,col1,col2,col3,col4,col5
2019 Badminton World Junior Championships,badminton,Russia,world championship,2019-09-30,World Junior Badminton Championships
2018 Badminton World Junior Championships,badminton,Canada,world championship,2018-11-05,World Junior Badminton Championships
2017 Badminton World Junior Championships,badminton,Indonesia,world championship,2017-10-09,World Junior Badminton Championships
2016 Badminton World Junior Championships,badminton,Spain,world championship,2016-11-02,World Junior Badminton Championships
2015 World Junior Badminton Championships,badminton,Peru,world championship,2015-11-04,World Junior Badminton Championships
2014 Badminton World Junior Championships,badminton,Malaysia,world championship,2014-04-07,World Junior Badminton Championships
2013 World Junior Badminton Championships,badminton,Thailand,world championship,2013-10-23,World Junior Badminton Championships
