col0,col1,col2,col3,col4
Dr. John Watson,United Kingdom of Great Britain and Ireland,John Hamish Watson,Mary Morstan,Martin Freeman
Wolverine,Canada,James Howlett,Viper,Mark Hamill
Dr. John Watson,United Kingdom of Great Britain and Ireland,John Hamish Watson,Mary Morstan,Jude Law
Wolverine,Canada,James Howlett,Viper,Hugh Jackman
Indiana Jones,United States of America,Henry Walton Jones Jr.,Marion Ravenwood,River Phoenix (alias el hermano del bromas)
Ginny Weasley,United Kingdom,Ginevra Molly Weasley,Harry Potter,Bonnie Wright
Indiana Jones,United States of America,Henry Walton Jones Jr.,Marion Ravenwood,Harrison Ford
Dr. John Watson,United Kingdom of Great Britain and Ireland,John Hamish Watson,Mary Morstan,Alan Cox
Mister Fantastic,United States of America,Reed Richards,Invisible Woman,Alex Hyde-White
Cyclops,United States of America,Scott Summers,Madelyne Pryor,James Marsden
Mister Fantastic,United States of America,Reed Richards,Invisible Woman,Ioan Gruffudd
Jason Bourne,United States of America,David Webb,Marie St. Jacques,Richard Chamberlain
Mister Fantastic,United States of America,Reed Richards,Invisible Woman,Miles Teller
Jason Bourne,United States of America,David Webb,Marie St. Jacques,Matt Damon
