col0,col1,col2,col3,col4,col5
"May Township, Kearney County, Nebraska",township of Nebraska,United States of America,632,Kearney County,36
"Marshall Township, Clay County, Nebraska",township of Nebraska,United States of America,540,Clay County,35.75
"Mariposa Township, Saunders County, Nebraska",township of Nebraska,United States of America,377,Saunders County,35.98
"Marietta Township, Saunders County, Nebraska",township of Nebraska,United States of America,372,Saunders County,30.28
Maple Township,township of Nebraska,United States of America,401,Dodge County,35.99
