col0,col1,col2,col3
M.A. Jones,merchant vessel,shipwrecking,Aberystwyth
Rachel Lewis,merchant vessel,shipwrecking,Aberystwyth
Native Pearl,merchant vessel,shipwrecking,Aberystwyth
Star of Wales,merchant vessel,shipwrecking,Aberystwyth
Naomi,merchant vessel,shipwrecking,Aberystwyth
Ceredig,merchant vessel,shipwrecking,Aberystwyth
Retriever,merchant vessel,shipwrecking,Aberystwyth
Rowland Evans,merchant vessel,shipwrecking,Aberystwyth
Solway,merchant vessel,shipwrecking,Aberystwyth
Castle Eden,merchant vessel,shipwrecking,Aberystwyth
