col0,col1,col2,col3,col4,col5,col6
2016 Vuelta a España,159,2016-08-20,Alberto Contador,"2016 Vuelta a España, Stage 1",road bicycle racing,AG2R La Mondiale 2016
2018 Vuelta a España,158,2018-08-25,Movistar 2018,2018 Vuelta a España stage 6,road bicycle racing,Movistar 2018
2016 Vuelta a España,159,2016-08-20,Alberto Contador,"2016 Vuelta a España, Stage 1",road bicycle racing,BMC Racing 2016
2017 Vuelta a España,158,2017-08-19,Ilnur Zakarin,"2017 Vuelta a España, Stage 1",road bicycle racing,Bahrain-Merida 2017
