col0,col1,col2,col3,col4
Sixty Illustrations of the True Story of Ah Q: 3,Ashmolean Museum,1978-01-01,Ah Q sitting by a large pot,Ashmolean Museum
Sixty Illustrations of the True Story of Ah Q: 6,Ashmolean Museum,1978-01-01,Ah Q peering around a corner,Ashmolean Museum
Sixty Illustrations of the True Story of Ah Q: 5,Ashmolean Museum,1978-01-01,Ah Q turning his back on three figures,Ashmolean Museum
Sixty Illustrations of the True Story of Ah Q: 4,Ashmolean Museum,1978-01-01,Ah Q picking crops,Ashmolean Museum
