col0,col1,col2,col3
2013 Klasika Primavera,1.1,OFM-Quinta da Lixa 2013,Rory Sutherland
2014 Klasika Primavera,Klasika Primavera,2014 Caja Rural-Seguros RGA season,Miguel Mínguez
2017 Klasika Primavera,Klasika Primavera,Bolivia 2017,Gorka Izagirre
2014 Klasika Primavera,1.1,2014 Movistar Team season,Miguel Mínguez
2007 Klasika Primavera,1.1,Milram 2007,Ángel Vicioso
2014 Klasika Primavera,Klasika Primavera,2014 Movistar Team season,Miguel Mínguez
2007 Klasika Primavera,Klasika Primavera,Milram 2007,David de la Fuente
