col0,col1,col2,col3
London Borough of Tower Hamlets,UTC±00:00,London borough,council of Tower Hamlets London Borough Council
London Borough of Newham,UTC±00:00,London borough,council of Newham London Borough Council
London Borough of Ealing,UTC±00:00,London borough,council of Ealing London Borough Council
London Borough of Bexley,UTC±00:00,London borough,council of Bexley London Borough Council
London Borough of Brent,UTC±00:00,London borough,council of Brent London Borough Council
London Borough of Islington,UTC±00:00,London borough,council of Islington London Borough Council
London Borough of Hillingdon,UTC±00:00,London borough,council of Hillingdon London Borough Council
London Borough of Hackney,UTC±00:00,London borough,council of Hackney London Borough Council
