col0,col1,col2,col3
Fridolin and Grapapança of Yperdamme,public domain,Fridolin and Grapapança of Yperdamme,James Ensor
Footpath at Groenendael,public domain,Footpath at Groenendael,James Ensor
Flemish Farm,public domain,Flemish Farm,James Ensor
Fishing-Boats,public domain,Fishing-Boats,James Ensor
Fishing-Boats,public domain,Fishing-Boats,James Ensor
Farm at Leffinghe,public domain,Farm at Leffinghe,James Ensor
Envy,public domain,Envy,James Ensor
Edge of the little Wood Ostend,public domain,Edge of the little Wood Ostend,James Ensor
Edge of the little Wood Ostend,public domain,Edge of the little Wood Ostend,James Ensor
Edge of the Little Wood Ostend,public domain,Edge of the Little Wood Ostend,James Ensor
Doctrinal Nourishment,public domain,Doctrinal Nourishment,James Ensor
Devils Thrashing Angels and Archangels,public domain,Devils Thrashing Angels and Archangels,James Ensor
