col0,col1,col2,col3,col4,col5
1952 Moses Lake C-124 crash,Kelly Field,United States of America,aviation accident,C-124 Globemaster II,Moses Lake
UPS Airlines Flight 1354,Birmingham-Shuttlesworth International Airport,United States of America,aviation accident,A300,Alabama
United Airlines Flight 297,Hartsfield–Jackson Atlanta International Airport,United States of America,aviation accident,Viscount 745D,Maryland
USAir Flight 1016,Charlotte/Douglas International Airport,United States of America,aviation accident,DC-9 Series 30,North Carolina
