col0,col1,col2,col3
Takamatsuzuka Tomb,archaeological site,Asuka Historical National Government Park,National Treasure
Ichinoyama Kofun,kofun,Mozu-Furuichi Kofun Group: Mounded Tombs of Ancient Japan,part of World Heritage Site
Minegazuka Kofun,kofun,Mozu-Furuichi Kofun Group: Mounded Tombs of Ancient Japan,part of World Heritage Site
Oka Misanzai Kofun,kofun,Mozu-Furuichi Kofun Group: Mounded Tombs of Ancient Japan,part of World Heritage Site
Otorizuka Kofun,kofun,Mozu-Furuichi Kofun Group: Mounded Tombs of Ancient Japan,part of World Heritage Site
Hakayama Kofun,kofun,Mozu-Furuichi Kofun Group: Mounded Tombs of Ancient Japan,part of World Heritage Site
Tsukamawari Kofun,kofun,Mozu-Furuichi Kofun Group: Mounded Tombs of Ancient Japan,part of World Heritage Site
