col0,col1,col2,col3,col4,col5,col6,col7
Oberschöneweide,36,Treptow-Köpenick,18919,UTC+01:00,Köpenick,locality of Berlin,6.18
Buckow,44,Neukölln,39184,UTC+01:00,Britz,locality of Berlin,6.35
Müggelheim,36,Treptow-Köpenick,6463,UTC+01:00,Köpenick,locality of Berlin,22.2
Baumschulenweg,37,Treptow-Köpenick,17186,UTC+01:00,Neukölln,locality of Berlin,4.82
Gesundbrunnen,53,Mitte,90748,UTC+01:00,Prenzlauer Berg,locality of Berlin,6.13
Niederschöneweide,36,Treptow-Köpenick,10446,UTC+01:00,Köpenick,locality of Berlin,3.49
"Schmargendorf, Berlin",47,Charlottenburg-Wilmersdorf,21011,UTC+01:00,Wilmersdorf,locality of Berlin,3.59
Altglienicke,34,Treptow-Köpenick,26426,UTC+01:00,Bohnsdorf,locality of Berlin,7.89
