col0,col1,col2,col3,col4
2001 German National Swimming Championships,2001-01-01,2002 German National Swimming Championships,Brunswick,2001-05-20
1999 German National Swimming Championships,1999-01-01,2000 German National Swimming Championships,Leipzig,1999-05-30
2003 German National Swimming Championships,2003-01-01,2004 German National Swimming Championships,Hamburg,2003-05-18
2017 German National Swimming Championships,2017-01-01,2018 German National Swimming Championships,Berlin,2017-06-18
