col0,col1,col2,col3,col4,col5
2018 Critérium du Dauphiné,Geraint Thomas,Quick-Step Floors 2018,road bicycle racing,Geraint Thomas,2017 Critérium du Dauphiné
2019 Critérium du Dauphiné,Alexey Lutsenko,2019 Groupama-FDJ,road bicycle racing,Alexey Lutsenko,2018 Critérium du Dauphiné
2018 Critérium du Dauphiné,Edvald Boasson Hagen,Sky 2018,road bicycle racing,Geraint Thomas,2017 Critérium du Dauphiné
2019 Critérium du Dauphiné,Alexey Lutsenko,CCC Team 2019,road bicycle racing,Alexey Lutsenko,2018 Critérium du Dauphiné
