col0,col1,col2,col3
3 Park Place,Rennie's Mill Road Historic District,Canada,St. John's
578 Charlotte Street,Avenues and Neighbourhood Heritage Conservation District,Canada,Peterborough
570 Bolivar Street,Avenues and Neighbourhood Heritage Conservation District,Canada,Peterborough
568 Bolivar Street,Avenues and Neighbourhood Heritage Conservation District,Canada,Peterborough
521 Bolivar Street,Avenues and Neighbourhood Heritage Conservation District,Canada,Peterborough
519 Bolivar Street,Avenues and Neighbourhood Heritage Conservation District,Canada,Peterborough
505 Charlotte Street,Avenues and Neighbourhood Heritage Conservation District,Canada,Peterborough
465 King Street,Avenues and Neighbourhood Heritage Conservation District,Canada,Peterborough
