col0,col1,col2,col3,col4,col5,col6
2019 La Flèche Wallonne Féminine,Marianne Vos,road bicycle racing,La Flèche Wallonne Féminine,2019 UCI Women's World Tour,Alé Cipollini 2019,Trek-Segafredo Women 2019
2018 La Flèche Wallonne Féminine,Marianne Vos,road bicycle racing,1.WWT,2018 UCI Women's World Tour,BePink Cogeas 2017,2018 Mitchelton-Scott (women) season
2019 La Flèche Wallonne Féminine,Marianne Vos,road bicycle racing,La Flèche Wallonne Féminine,2019 UCI Women's World Tour,Trek-Segafredo Women 2019,Boels Dolmans 2019
2018 La Flèche Wallonne Féminine,Marianne Vos,road bicycle racing,La Flèche Wallonne Féminine,2018 UCI Women's World Tour,2018 Tibco-Silicon Valley Bank season,2018 Mitchelton-Scott (women) season
