col0,col1,col2,col3,col4,col5,col6
Wilderness State Park,Mackinaw City,IUCN category V: Protected Landscape/Seascape,United States of America,Michigan,Michigan state park,1922-01-01
South Higgins Lake State Park,Grayling,IUCN category III: Natural Monument or Feature,United States of America,Roscommon County,Michigan state park,1927-01-01
Negwegon State Park,Alcona Township,IUCN category III: Natural Monument or Feature,United States of America,Michigan,Michigan state park,1962-01-01
Mears State Park,Pentwater,IUCN category III: Natural Monument or Feature,United States of America,Oceana County,Michigan state park,1923-01-01
