col0,col1,col2,col3
2012 AEGON Championships,2013 Aegon Championships,tennis,tennis tournament edition
2011 AEGON Championships,2012 AEGON Championships,tennis,tennis tournament edition
2017 Aegon Championships,2018 Queen's Club Championships,tennis,Queen's Club Championships
2015 Aegon Championships,2016 Aegon Championships,tennis,Queen's Club Championships
2014 Aegon Championships,2015 Aegon Championships,tennis,Queen's Club Championships
2013 Aegon Championships,2014 Aegon Championships,tennis,Queen's Club Championships
