col0,col1,col2,col3
Recommendation T.330,Recommendation X.400 (10/1984): Message handling systems: system model-service elements,1988-11-25,ITU Telecommunication Standardization Sector
Recommendation T.90,Recommendation X.25 (10/1984): Interface between data terminal equipment (DTE) and data circuit-terminating equipment (DCE) for terminals operating in the packet mode and connected to public data networks by dedicated circuit,1988-11-25,ITU Telecommunication Standardization Sector
Recommendation T.330,"Recommendation X.219 (11/1988): Remote Operations: Model, notation and service definition",1988-11-25,ITU Telecommunication Standardization Sector
Recommendation T.90,Recommendation X.213 (11/1988): Network service definition for Open Systems Interconnection for CCITT applications,1988-11-25,ITU Telecommunication Standardization Sector
Recommendation T.330,Recommendation X.208 (11/1988): Specification of Abstract Syntax Notation One (ASN.1),1988-11-25,ITU Telecommunication Standardization Sector
Recommendation T.90,Recommendation X.2 (11/1988): International data transmission services and optional user facilities in public data networks and ISDNs,1988-11-25,ITU Telecommunication Standardization Sector
Recommendation T.330,Recommendation X.121 (11/1988): International numbering plan for public data networks,1988-11-25,ITU Telecommunication Standardization Sector
Recommendation F.201,Recommendation U.70 (11/1988): Telex service signals for telex to teletex interworking,1988-11-25,ITU Telecommunication Standardization Sector
Recommendation F.60,Recommendation U.40 (11/1988): Reactions by automatic terminals connected to the telex network in the event of ineffective call attempts or signalling incidents,1988-11-25,ITU Telecommunication Standardization Sector
