col0,col1,col2,col3,col4,col5,col6
1997 Swedish Open Badminton Championships,1997-01-01,1996 Swedish Open Badminton Championships,open championship,Sweden,Swedish Open Badminton Championships,1997 Swedish Open
1990 Swedish Open Badminton Championships,1990-01-01,1989 Swedish Open Badminton Championships,open championship,Sweden,Swedish Open Badminton Championships,1990 Swedish Open
1985 Swedish Open Badminton Championships,1985-01-01,1984 Swedish Open Badminton Championships,open championship,Sweden,Swedish Open Badminton Championships,1985 Swedish Open
1980 Swedish Open Badminton Championships,1980-01-01,1979 Swedish Open Badminton Championships,open championship,Sweden,Swedish Open Badminton Championships,1980 Swedish Open
1975 Swedish Open Badminton Championships,1975-01-01,1974 Swedish Open Badminton Championships,open championship,Sweden,Swedish Open Badminton Championships,1975 Swedish Open
1978 Swedish Open Badminton Championships,1978-01-01,1977 Swedish Open Badminton Championships,open championship,Sweden,Swedish Open Badminton Championships,1978 Swedish Open
1972 Swedish Open Badminton Championships,1972-01-01,1971 Swedish Open Badminton Championships,open championship,Sweden,Swedish Open Badminton Championships,1972 Swedish Open
