col0,col1,col2,col3,col4
Carta da Província de Mato Grosso,João Lins Vieira Cansanção de Sinimbu,Mato Grosso Province,58.5,Museu Paulista collection
Goyaz,Lomelino de Carvalho,Goiás Province,33.5,Museu Paulista collection
Capitania de S. Paulo,Umbelino Alberto de Campo Limpo,São Paulo Captaincy,100,Museu Paulista collection
Carta do Império do Brasil,Duarte da Ponte Ribeiro,Empire of Brazil,67.5,Museu Paulista collection
Carta do Estado de Goiás,Francisco Ferreira dos Santos Azevedo,Goiás,72,Museu Paulista collection
"Carta Demonstrativa do Valor Estratégico de Pelotas, do Plano de Defesa do Rio Grande do Sul pelo Dr. Octacilio Camará",Otacílio de Carvalho Camará,Rio Grande do Sul,100,Museu Paulista collection
