col0,col1,col2,col3
Riigikogu ID,member of the Estonian Riigikogu,eventually complete,Wikidata property for authority control for people
Landtag of Liechtenstein ID,member of the Landtag of Liechtenstein,eventually complete,Wikidata property for authority control for people
biography at the Landtag of Mecklenburg-Vorpommern,Member of the Landtag of Mecklenburg-Vorpommern,is complete,Wikidata property for authority control for people
South Dakota legislator ID,Lieutenant Governor of South Dakota,eventually complete,Wikidata property for authority control for people
Storting person ID,member of the Parliament of Norway,eventually complete,Wikidata property for authority control for people
NAQ elected person ID,human,eventually complete,Wikidata property for authority control for people
DSBE ID,Diccionario Biográfico del Socialismo Español,always incomplete,Wikidata property for authority control for people
