col0,col1,col2,col3,col4
"Tim Ingold, Lines: A Brief History.",European Journal of Archaeology,Ethnic Identity and Imperial Power : The Batavians in the Early Roman Empire,Christopher Tilley,2008-01-01
"Gordon Childe in Print - V. Gordon Childe, Man Makes Himself.",European Journal of Archaeology,Doggerland: a Speculative Survey,Alan Saville,2009-01-01
Book Marks,European Journal of Archaeology,Mesolithic and Early Neolithic in the Iron Gates: A Paiaeodietary Perspective,Alexander Gramsch,2000-01-01
"Arkadiusz Marciniak, Placing Animals in the Neolithic: Social Zooarchaeology of Prehistoric Farming Communities.",European Journal of Archaeology,History of ergot alkaloids from ergotism to ergometrine.,Alasdair Whittle,2005-01-01
