col0,col1,col2,col3
Budyonny Raion,76.64,Proletarskyi Raion,Ukraine
"Kuibyshevskyi District, Donetsk",51,Kiev District,Ukraine
Voroshylovskyi District,9.8,Kalinin Raion,Ukraine
Budyonny Raion,76.64,Starobesheve Raion,Ukraine
Pecherskyi District,27,Dnipro Raion,Ukraine
"Kuibyshevskyi District, Donetsk",51,Leninskyi District,Ukraine
"Kirovskyi District, Donetsk",67.1,Leninskyi District,Ukraine
Voroshylovskyi District,9.8,Leninskyi District,Ukraine
Budyonny Raion,76.64,Leninskyi District,Ukraine
