col0,col1,col2,col3,col4,col5
Volcarona,list of Pokémon introduced in Generation V,172,bug-type Pokémon,Pokémon universe,46
Sewaddle,list of Pokémon introduced in Generation V,30,bug-type Pokémon,Pokémon universe,2.5
Escavalier,list of Pokémon introduced in Generation V,100,bug-type Pokémon,Pokémon universe,33
Crustle,list of Pokémon introduced in Generation V,140,bug-type Pokémon,Pokémon universe,200
Volbeat,list of Pokémon introduced in Generation III,70,bug-type Pokémon,Pokémon universe,177
Silcoon,evolutionary line of Wurmple,60,bug-type Pokémon,Pokémon universe,10
Ninjask,list of Pokémon introduced in Generation III,80,bug-type Pokémon,Pokémon universe,12
Yanma,list of Pokémon introduced in Generation II,120,bug-type Pokémon,Pokémon universe,38
