col0,col1,col2,col3
2006 Asian Badminton Championships,badminton,2005 Asian Badminton Championships,WikiProject Badminton/tournament focus list
2004 Asian Badminton Championships,badminton,2003 Asian Badminton Championships,WikiProject Badminton/tournament focus list
1999 Asian Badminton Championships,badminton,1998 Asian Badminton Championships,WikiProject Badminton/tournament focus list
1996 Asian Badminton Championships,badminton,1995 Asian Badminton Championships,WikiProject Badminton/tournament focus list
1993 Asian Badminton Championships,badminton,1992 Asian Badminton Championships,WikiProject Badminton/tournament focus list
