col0,col1,col2,col3,col4,col5,col6
Walpole-Nornalup National Park,IUCN category II: National Park,Western Australia,153,national park of Australia,Walpole Wilderness Area,Australia
Kalbarri National Park,IUCN category II: National Park,Western Australia,212,national park of Australia,Mid West,Australia
Main Range National Park,IUCN category II: National Park,Queensland,651,national park of Australia,Gondwana Rainforests of Australia,Australia
Nightcap National Park,IUCN category II: National Park,New South Wales,582,national park of Australia,Gondwana Rainforests of Australia,Australia
