col0,col1,col2,col3,col4,col5,col6
French Pro Championship,Paris,clay court,recurring tennis tournament,tennis,1968-01-01,tennis tournament
South of England Championships,Eastbourne,grass court,recurring tennis tournament,tennis,1972-01-01,tennis tournament
Düsseldorf Grand Prix,Düsseldorf,clay court,recurring tennis tournament,tennis,1977-01-01,tennis tournament
Des Moines Open,Des Moines,carpet court,recurring tennis tournament,tennis,1973-01-01,tennis tournament
Concurso Internacional de Tenis – Vigo,Vigo,clay court,recurring tennis tournament,tennis,2009-01-01,tennis tournament
Carolinas International Tennis Tournament,Charlotte,hardcourt,recurring tennis tournament,tennis,1977-01-01,tennis tournament
