col0,col1,col2,col3,col4,col5,col6
Canterbury Cathedral,William of Sens,Peter,English Gothic architecture,Grade I listed building,Anglicanism,0601-01-01
Coventry Cathedral,Basil Spence,Michael the Archangel,Modern Movement,Grade I listed building,Anglicanism,1951-01-01
Truro Cathedral,John Loughborough Pearson,Virgin Mary,Gothic Revival architecture,Grade I listed building,Anglicanism,1880-01-01
Newport Cathedral,Jasper Tudor,Gwynllyw,Gothic architecture,Grade I listed building,Anglicanism,1001-01-01
