col0,col1,col2,col3,col4
West Town,United States of America,community area in Chicago,Humboldt Park,Chicago
West Garfield Park,United States of America,community area in Chicago,Humboldt Park,Cook County
South Lawndale,United States of America,community area in Chicago,North Lawndale,Chicago
South Chicago,United States of America,community area in Chicago,South Shore,Cook County
Oakland,United States of America,community area in Chicago,Douglas,Chicago
Norwood Park,United States of America,community area in Chicago,Edison Park,Chicago
Near West Side,United States of America,community area in Chicago,Humboldt Park,Chicago
