col0,col1,col2,col3,col4,col5
Shire of Cook,Cooktown,1919-01-01,8,Queensland,local government area of Queensland
Gold Coast City,Gold Coast,1949-01-01,25,Queensland,local government area of Queensland
North Burnett Region,Gayndah,2008-01-01,260,Queensland,local government area of Queensland
Shire of Richmond,Richmond,1916-01-01,196,Queensland,local government area of Queensland
Toowoomba Region,Toowoomba,2008-01-01,381,Queensland,local government area of Queensland
Tablelands Region,Malanda,2008-01-01,242,Queensland,local government area of Queensland
Isaac Region,Clermont,2008-01-01,211,Queensland,local government area of Queensland
Maranoa Region,Roma,2008-01-01,402,Queensland,local government area of Queensland
South Burnett Region,Kingaroy,2008-01-01,439,Queensland,local government area of Queensland
