col0,col1,col2,col3
list of P600 mountains in the British Isles,Template:Mountains of Great Britain and Ireland,mountain,Wikimedia list article
list of mountains and hills of the British Isles by height,Template:Mountains of Great Britain and Ireland,mountain,Wikimedia list article
lists of mountains in Ireland,Template:Mountains of Great Britain and Ireland,mountain,Wikimedia list article
University Belt,Template:University Belt,university,Wikimedia list article
Olympic badminton venues,Template:Olympic venues badminton,sports building,Wikimedia list article
