col0,col1,col2,col3
Meuse-Argonne Offensive,American Order of Battle Meuse-Argonne Offensive,Hundred Days Offensive,Grand Est
Knoxville Campaign,Knoxville Union order of battle,American Civil War,East Tennessee
Peninsula Campaign,Peninsula Campaign Confederate Order of Battle,American Civil War,Virginia Peninsula
Gallipoli campaign,Order of battle for the Gallipoli Campaign,Middle Eastern theatre of World War I,Gallipoli
Guadalcanal Campaign,Battle of Guadalcanal order of battle,Pacific War,Guadalcanal
Camden Expedition,Camden Expedition Confederate order of battle,Trans-Mississippi Theater of the American Civil War,Ouachita County
East African Campaign,"Order of Battle, East African Campaign",Mediterranean and Middle East theatre of World War II,East Africa
Campaign of the Carolinas,Carolinas Campaign Confederate order of battle,Western Theater of the American Civil War,North Carolina
