col0,col1,col2,col3,col4
Ice hockey at the 1960 Winter Olympics,United States of America,1960-01-01,Ice hockey at the Olympic Games,Ice hockey at the 1964 Winter Olympics
Ice hockey at the 1980 Winter Olympics,United States of America,1980-01-01,Ice hockey at the Olympic Games,Ice hockey at the 1984 Winter Olympics
Ice hockey at the 1948 Winter Olympics,Switzerland,1948-01-01,Ice hockey at the Olympic Games,Ice hockey at the 1952 Winter Olympics
Ice hockey at the 1972 Winter Olympics,Japan,1972-01-01,Ice hockey at the Olympic Games,Ice hockey at the 1976 Winter Olympics
