col0,col1,col2,col3,col4
So Fresh: The Hits of Autumn 2005,Australia,Universal Music Australia Pty. Ltd.,ARIA Compilation Albums Chart,Compact Disc
So Fresh: The Hits of Autumn 2004,Australia,Universal Music Australia Pty. Ltd.,ARIA Compilation Albums Chart,Compact Disc
So Fresh: The Hits of Spring 2001,Australia,Sony Music Entertainment (Australia) Limited,ARIA Compilation Albums Chart,Compact Disc
So Fresh: The Hits of Winter 2004,Australia,BMG Australia Pty. Limited,ARIA Compilation Albums Chart,Compact Disc
