col0,col1,col2,col3
Early Open Access Journals,2012-01-01,Creative Commons Attribution 3.0 Unported,web page
Publishers of Open Access Books,2013-01-01,Creative Commons Attribution 3.0 Unported,web page
Journal Declarations of Independence,2013-01-01,Creative Commons Attribution 3.0 Unported,web page
Advocacy Organizations for Open Access,2013-01-01,Creative Commons Attribution 3.0 Unported,web page
Guides for Open Access Journal Publishers,2013-01-01,Creative Commons Attribution 3.0 Unported,MediaWiki page
Disciplinary Repositories,2013-01-01,Creative Commons Attribution 3.0 Unported,MediaWiki page
Open Access Journal Business Models,2013-01-01,Creative Commons Attribution 3.0 Unported,MediaWiki page
