col0,col1,col2,col3
Pixel Peeker Polka - slower,Pixel Peeker Polka - slower,music track without vocals,Creative Commons Attribution 3.0 Unported
Pixel Peeker Polka - faster,Pixel Peeker Polka - faster,music track without vocals,Creative Commons Attribution 3.0 Unported
Pippin the Hunchback,Pippin the Hunchback,music track without vocals,Creative Commons Attribution 3.0 Unported
Pinball Spring 160,Pinball Spring 160,music track without vocals,Creative Commons Attribution 3.0 Unported
Pinball Spring,Pinball Spring,music track without vocals,Creative Commons Attribution 3.0 Unported
Pilot Error,Pilot Error,music track without vocals,Creative Commons Attribution 3.0 Unported
Piece for Disaffected Piano Two,Piece for Disaffected Piano Two,music track without vocals,Creative Commons Attribution 3.0 Unported
Piece for Disaffected Piano One,Piece for Disaffected Piano One,music track without vocals,Creative Commons Attribution 3.0 Unported
Piano Between,Piano Between,music track without vocals,Creative Commons Attribution 3.0 Unported
Phat Sketch,Phat Sketch,music track without vocals,Creative Commons Attribution 3.0 Unported
Phantom from Space,Phantom from Space,music track without vocals,Creative Commons Attribution 3.0 Unported
Phantasm,Phantasm,music track without vocals,Creative Commons Attribution 3.0 Unported
