col0,col1,col2,col3,col4,col5
2018 Manchester City Council election in Harpurhey,Patrick Karney,Sandra Collins,2019 Manchester City Council election in Harpurhey,United Kingdom,member of Manchester City Council
2018 Manchester City Council election in Didsbury East,Wendy Lynas,Andrew Simcock,2019 Manchester City Council election in Didsbury East,United Kingdom,member of Manchester City Council
2018 Manchester City Council election in Levenshulme,Nicholas Saunders,Dzidra Noor,2019 Manchester City Council election in Levenshulme,United Kingdom,member of Manchester City Council
2018 Manchester City Council election in Didsbury East,Andrew Simcock,Andrew Simcock,2019 Manchester City Council election in Didsbury East,United Kingdom,member of Manchester City Council
2018 Manchester City Council election in Deansgate,Joan Davies,Joan Davies,2019 Manchester City Council election in Deansgate,United Kingdom,member of Manchester City Council
2018 Manchester City Council election in Crumpsall,Richard Leese,Richard Leese,2019 Manchester City Council election in Crumpsall,United Kingdom,member of Manchester City Council
2018 Manchester City Council election in Brooklands,David Semple,Sue Cooley,2019 Manchester City Council election in Brooklands,United Kingdom,member of Manchester City Council
2018 Manchester City Council election in Chorlton Park,Amaan Hashmi,Joanna Midgley,2019 Manchester City Council election in Chorlton Park,United Kingdom,member of Manchester City Council
