col0,col1,col2,col3
Cranford,7,Mr. Harrison's Confessions,Return to Cranford
Bake Off Brasil,28,The Great British Bake Off,"Bake Off Brasil, season 2"
Ich bin ein Star – Holt mich hier raus!,187,I'm a Celebrity...Get Me Out of Here!,"Ich bin ein Star – Holt mich hier raus!, season 9"
Vocea României Junior,9,The Voice of Holland,"Vocea României Junior, season 1"
Bonde söker fru,130,Farmer Wants a Wife,"Bonde söker fru, season 1"
Cranford,7,Cranford,Return to Cranford
Tu cara me suena,107,Your Face Sounds Familiar,Tu cara me suena (Spain) Season 8
Your Face Sounds Familiar,25,Your Face Sounds Familiar,"Your Face Sounds Familiar, season 5"
Tu cara me suena,107,Your Face Sounds Familiar,Tu cara me suena (Spain) Season 5
Your Face Sounds Familiar,25,Your Face Sounds Familiar,"Your Face Sounds Familiar, season 4"
