col0,col1,col2,col3,col4,col5,col6,col7
2019 Paris–Roubaix,2019-04-14,Iljo Keisse,2019 UCI World Tour,Roubaix,2018 Paris–Roubaix,43.07,Nils Politt
2018 Paris–Roubaix,2018-04-08,Thomas Scully,2018 UCI World Tour,Roubaix,2017 Paris–Roubaix,43.55,Peter Sagan
2017 Paris–Roubaix,2017-04-09,Daniel McLay,2017 UCI World Tour,Roubaix,2016 Paris–Roubaix,45.204,Zdeněk Štybar
2018 Paris–Roubaix,2018-04-08,Grégory Rast,2018 UCI World Tour,Roubaix,2017 Paris–Roubaix,43.55,Peter Sagan
2015 Paris–Roubaix,2015-04-12,Zdeněk Štybar,2015 UCI World Tour,Roubaix,2014 Paris–Roubaix,43.476,John Degenkolb
