col0,col1,col2,col3
fragmentary statuette of a woman-Sb 3789,Roland de Mecquenem,marble,"Room 310, display case 2"
Plaquette of Athena Parthenos-Sb 3909,Roman Ghirshman,marble,"Room 310, display case 2"
fragmentary statuette of a woman-Sb 96,Jacques de Morgan,marble,"Room 310, display case 2"
man playing a double flute-Sb 7304,Roman Ghirshman,bronze,"Room 310, display case 2"
small tripode vase-Sb 9029,Roman Ghirshman,bronze,"Room 310, display case 1"
Figurine of an Egyptian like god-AM 2120,Claude F. A. Schaeffer,gold,"Room 300, display case 6"
Figure with bird beak-AO 29513,Victor Place,terracotta,"Room 229, display case 1"
Pazuzu-N 8287,Paul-Émile Botta,terracotta,"Room 229, display case 1"
God with tiara-N 8281,Paul-Émile Botta,terracotta,"Room 229, display case 1"
