col0,col1,col2,col3,col4
ABC transporter-like,protein domain,protein domain,"Nodulation ABC transporter, NodI","ABC transporter, conserved site"
Cyclin-like,protein domain,protein domain,Cyclin T,"K cyclin, C-terminal"
Rieske [2Fe-2S] iron-sulphur domain,protein domain,protein domain,"Anthranilate 1,2-dioxygenase, large subunit","Aromatic-ring-hydroxylating dioxygenase, 2Fe-2S-binding site"
"Serine proteases, trypsin domain",protein domain,protein domain,Prothrombin/thrombin,"Serine proteases, trypsin family, histidine active site"
