col0,col1,col2,col3
Kaeng Krachan Forest Complex,significant natural habitats for in-situ conservation of biological diversity,Thailand,Kaeng Krachan National Park
Golden Mountains of Altai,significant natural habitats for in-situ conservation of biological diversity,Russia,Altaisky Zapovednik and Buffer zone of Teletskoye Lake
iSimangaliso Wetland Park,significant natural habitats for in-situ conservation of biological diversity,South Africa,Lake Sibhayi
Historic Sanctuary of Machu Picchu,example represents significant on-going ecological and biological processes,Peru,Machu Picchu
Zapovednik Wrangel Island,significant natural habitats for in-situ conservation of biological diversity,Russia,Herald Island
Đerdap national park,significant natural habitats for in-situ conservation of biological diversity,Serbia,Golubac
