col0,col1,col2,col3
2015 Citi Open,WTA International tournaments,United States of America,tennis tournament edition by gender
2014 Citi Open,WTA International tournaments,United States of America,tennis tournament edition by gender
2013 Citi Open,2013 WTA Tour,United States of America,tennis tournament edition by gender
2016 Citi Open,WTA International tournaments,United States of America,tennis tournament edition
1976 Virginia Slims of Washington,1976 WTA Tour,United States of America,tennis tournament edition
1975 Virginia Slims of Washington,1975 WTA Tour,United States of America,tennis tournament edition
1974 Virginia Slims of Washington,1974 WTA Tour,United States of America,tennis tournament edition
