col0,col1,col2,col3,col4,col5
1989 Stella Artois Championships,1989 Stella Artois Championships – Doubles,1989-01-01,grass court,1988 Stella Artois Championships,United Kingdom
1988 Stella Artois Championships,1988 Stella Artois Championships – Doubles,1988-01-01,grass court,1987 Stella Artois Championships,United Kingdom
1987 Stella Artois Championships,1987 Stella Artois Championships – Doubles,1987-01-01,grass court,1986 Stella Artois Championships,United Kingdom
1986 Stella Artois Championships,1986 Stella Artois Championships – Doubles,1986-01-01,grass court,1985 Stella Artois Championships,United Kingdom
1985 Stella Artois Championships,1985 Stella Artois Championships – Doubles,1985-01-01,grass court,1984 Stella Artois Championships,United Kingdom
1984 Stella Artois Championships,1984 Stella Artois Championships – Doubles,1984-01-01,grass court,1983 Stella Artois Championships,United Kingdom
1983 Stella Artois Championships,1983 Stella Artois Championships – Doubles,1983-01-01,grass court,1982 Stella Artois Championships,United Kingdom
1982 Stella Artois Championships,1982 Stella Artois Championships – Doubles,1982-01-01,grass court,1981 Stella Artois Championships,United Kingdom
1981 Stella Artois Championships,1981 Stella Artois Championships – Doubles,1981-01-01,grass court,1980 Stella Artois Championships,United Kingdom
