col0,col1,col2,col3,col4
Otsu Interchange,Otsu Service Area,Japan,interchange,Shiga Prefectural Road Route 56
Hirokawa interchange,Hirokawa service area,Japan,interchange,Fukuoka Prefectural Road Route 84
Mojiko interchange,Mekari parking area,Japan,interchange,Fukuoka Prefectural Road Route 72
Yawata-Kyotanabe interchange,Yawata-Kyotanabe junction,Japan,interchange,Kyoto Prefectural Road Route 284
Hanada interchange,Hanada toll gate,Japan,interchange,Hyogo Prefectural Road Route 397
Kobe-nishi interchange,Kobe-nishi toll booth,Japan,interchange,Hyogo Prefectural Road Route 22
Awaji interchange,Awaji service area,Japan,interchange,Hyogo Prefectural Road Route 157
Tarumi interchange,Tarumi junction,Japan,interchange,Hyogo Prefectural Road Route 488
