col0,col1,col2,col3,col4,col5,col6,col7
Kepler-296e,2014-01-01,49.437325,Draco,super-Earth,-8,286.5400083,transit method
Gliese 667 Ce,2013-01-01,-34.9968444,Scorpius,super-Earth,-214.4,259.7451583,doppler spectroscopy
Gliese 667 Cf,2013-01-01,-34.9968444,Scorpius,super-Earth,-214.4,259.7451583,doppler spectroscopy
Kepler-62e,2013-01-01,45.34983335429362,Lyra,super-Earth,-31.17,283.2127162486888,transit method
Kepler-62f,2013-01-01,45.34983335429362,Lyra,super-Earth,-31.17,283.2127162486888,transit method
HD 7924 b,2009-01-01,76.71028814467778,Cassiopeia,super-Earth,-34.643,20.49630508765708,doppler spectroscopy
