col0,col1,col2,col3
Muehler v. Mena,United States Reports,oral argument,2005-03-22
"Moseley v. V Secret Catalogue, Inc.",United States Reports,oral argument,2003-03-04
Morton v. Ruiz,United States Reports,oral argument,1974-02-20
Morton v. Mancari,United States Reports,oral argument,1974-06-17
Morse v. Frederick,United States Reports,oral argument,2007-06-25
Morrissey v. Brewer,United States Reports,oral argument,1972-06-29
Morrison v. Olson,United States Reports,oral argument,1988-06-27
Morrison v. National Australia Bank,United States Reports,oral argument,2010-06-24
Morissette v. United States,United States Reports,oral argument,1952-01-07
Morgan v. Illinois,United States Reports,oral argument,1992-06-15
Moore v. East Cleveland,United States Reports,oral argument,1977-05-31
Montana v. United States,United States Reports,oral argument,1981-03-24
Monsanto Co. v. Geertson Seed Farms,United States Reports,oral argument,2010-06-21
