col0,col1,col2,col3,col4,col5
2018 Tour of the Basque Country,Lotto-Soudal 2018,2018-04-02,Felix Großschartner,"2018 Tour of the Basque Country, Stage 6",2019 Tour of the Basque Country
2019 Tour of the Basque Country,2019 Groupama-FDJ,2019-04-08,Maximilian Schachmann,"2019 Tour of the Basque Country, stage 1",2020 Tour of the Basque Country
2018 Tour of the Basque Country,Katusha-Alpecin 2018,2018-04-02,Felix Großschartner,"2018 Tour of the Basque Country, Stage 6",2019 Tour of the Basque Country
2019 Tour of the Basque Country,Sunweb 2019,2019-04-08,Maximilian Schachmann,"2019 Tour of the Basque Country, stage 1",2020 Tour of the Basque Country
