col0,col1,col2,col3,col4,col5,col6
1975 All England Badminton Championships,1975-01-01,All England Badminton Championships,1975-03-23,1975-03-19,United Kingdom,WikiProject Badminton/tournament focus list
1974 All England Badminton Championships,1974-01-01,All England Badminton Championships,1974-03-23,1974-03-20,United Kingdom,WikiProject Badminton/tournament focus list
1973 All England Badminton Championships,1973-01-01,All England Badminton Championships,1973-03-24,1973-03-21,United Kingdom,WikiProject Badminton/tournament focus list
1972 All England Badminton Championships,1972-01-01,All England Badminton Championships,1972-03-25,1972-03-22,United Kingdom,WikiProject Badminton/tournament focus list
