col0,col1,col2,col3,col4,col5
Physiological Reviews,Physiological Reviews,American Physiological Society,Dennis Brown,physiology,1921-01-01
Philosophical Transactions of the Royal Society B,Philosophical Transactions of the Royal Society B,Royal Society,Linda Partridge,biology,1887-01-01
Proceedings of the National Academy of Sciences of the United States of America,Proceedings of the National Academy of Sciences of the United States of America,National Academy of Sciences,May Berenbaum,science,1915-01-01
The Astronomical Journal,The Astronomical Journal,IOP Publishing,John Gallagher III,astronomy,1849-01-01
