col0,col1,col2,col3
Metro-North Railroad,Williams Bridge,1983-01-01,1435 mm track gauge
Long Island Rail Road,Wantagh,1834-01-01,1435 mm track gauge
Metro-North Railroad,Tremont,1983-01-01,1435 mm track gauge
Long Island Rail Road,St. Albans,1834-01-01,1435 mm track gauge
Metro-North Railroad,Spuyten Duyvil,1983-01-01,1435 mm track gauge
Long Island Rail Road,Northport,1834-01-01,1435 mm track gauge
Metro-North Railroad,New Hamburg,1983-01-01,1435 mm track gauge
Long Island Rail Road,Merrick,1834-01-01,1435 mm track gauge
