col0,col1,col2,col3,col4,col5,col6
de la Cueva,Spanish,Latin script,de la,affixed family name,De la Cueva,space
de las Cuevas,Spanish,Latin script,de las,affixed family name,De las Cuevas,space
de Alencar,Spanish,Latin script,de,affixed family name,Alencar,space
de la Torre,Spanish,Latin script,de la,affixed family name,De la Torre,space
de Jonge,Dutch,Latin script,de,affixed family name,De Jonge,space
de la Peña,Spanish,Latin script,de la,affixed family name,De la Peña,space
de la Puerta,Spanish,Latin script,de la,affixed family name,Puerta,space
de la Cerda,Spanish,Latin script,de la,affixed family name,Cerda,space
