col0,col1,col2,col3,col4,col5
V* SV Cru,-12.66,classical Cepheid variable,-62.6461312329303,C 1154-623,11.76
V* V367 Sct,-9.56,cepheid variable,-10.4272583494121,NGC 6649,11.58
OGLE SMC-CEP-2524,125,classical Cepheid variable,-72.3545782416257,Small Magellanic Cloud,15.87
SV* HV 1582,119,classical Cepheid variable,-72.2088303699152,Small Magellanic Cloud,15.136
OGLE SMC-SC10 59347,159,classical Cepheid variable,-72.4140458346156,Small Magellanic Cloud,16.47
OGLE SMC-CEP-2330,162,classical Cepheid variable,-72.1463748459133,Small Magellanic Cloud,14.99
