col0,col1,col2,col3,col4,col5,col6
London Borough of Bexley,Arnsberg,60.5763,247258,Teresa O'Neill,United Kingdom,Boldly and Rightly
London Borough of Ealing,Steinfurt,55.5447,341982,Julian Bell,United Kingdom,Progress with Unity
London Borough of Southwark,Langenhagen,28.8621,317256,Peter John,United Kingdom,United to Serve
London Borough of Hillingdon,Emden,115.7002,304824,Raymond Puddifoot,United Kingdom,Forward
Royal Borough of Greenwich,Berlin,47.334,286186,Danny Thorpe,United Kingdom,We Govern by Serving
