col0,col1,col2,col3,col4
2019 Triptyque des Monts et Châteaux,2018 Triptyque des Monts et Châteaux,2.2U,"2019 Triptyque des Monts et Châteaux, Stage 1",Belgium
2018 Triptyque des Monts et Châteaux,2017 Triptyque des Monts et Châteaux,2.2U,"2018 Triptyque des Monts et Châteaux, Stage 1",Belgium
2017 Triptyque des Monts et Châteaux,2016 Triptyque des Monts et Châteaux,2.2,"2017 Triptyque des Monts et Châteaux, Stage 1",Belgium
2014 Triptyque des Monts et Châteaux,2013 Triptyque des Monts et Châteaux,2.2,"2014 Triptyque des Monts et Châteaux, Stage 1",Belgium
