col0,col1,col2,col3
Vyaren′ki,village in Belarus,Kamaysky village council,Belarus
Vialiec,village in Belarus,Disensky County,Belarus
Skoryčy,village in Belarus,Byelorussian Soviet Socialist Republic,Belarus
Dzieruki,former populated place,Plyussky village council,Belarus
Kašany,village in Belarus,Lobkovichy Village Council,Belarus
Bajary,village in Belarus,Lobkovichy Village Council,Belarus
Ananičy,village in Belarus,Lobkovichy Village Council,Belarus
Zabalaccie,village in Belarus,Chavusy,Belarus
Abremščyna,village in Belarus,Hrodna District,Belarus
