col0,col1,col2,col3,col4,col5,col6
Super Bowl XXI,New York Giants,Rose Bowl,Super Bowl XX,Super Bowl,United States of America,Super Bowl XXII
Super Bowl XXV,New York Giants,Tampa Stadium,Super Bowl XXIV,Super Bowl,United States of America,Super Bowl XXVI
Super Bowl XXIII,Cincinnati Bengals,Hard Rock Stadium,Super Bowl XXII,Super Bowl,United States of America,Super Bowl XXIV
Super Bowl XLVIII,Seattle Seahawks,MetLife Stadium,Super Bowl XLVII,Super Bowl,United States of America,Super Bowl XLIX
