col0,col1,col2,col3
Bogachiel State Park,Washington state park,1931-01-01,Washington
Peace Arch Park,provincial park of Canada,1939-01-01,Washington
Goldendale Observatory State Park,observatory,1981-01-01,Washington
Alta Lake State Park,lake,1951-01-01,Washington
Saddlebag Island State Park,Washington state park,1974-01-01,Washington
Yakima Sportsman State Park,Washington state park,1945-01-01,Washington
Twin Harbors State Park,Washington state park,1937-01-01,Washington
Twanoh State Park,Washington state park,1923-01-01,Mason County
Triton Cove State Park,Washington state park,1990-01-01,Washington
