col0,col1,col2,col3,col4
Conjunt fortificat de Mascarell,Spain,Bien de Interés Cultural,Mascarell,Mascarell
Stadtbefestigung,Switzerland,class A Swiss cultural property of national significance,Rheinfelden,Rheinfelden
Stadtbefestigung: Torhaus bei Brücke; Stadtmauer; Hexenturm;Lenzburger Tor mit Zeitturm,Switzerland,class A Swiss cultural property of national significance,Mellingen,Mellingen
Harrevelder Schans,Netherlands,Rijksmonument,Haaksbergen,Haaksbergen
"Dubbele Poort, Hulst",Netherlands,Rijksmonument,Hulst,Hulst
Munttoren,Netherlands,Rijksmonument,Middelburg,Middelburg
