col0,col1,col2,col3,col4,col5,col6,col7
2015 Grand Prix d'Ouverture La Marseillaise,AG2R La Mondiale 2015,2015-02-01,Pim Ligthart,France,2016 Grand Prix d'Ouverture La Marseillaise,2014 Grand Prix d’Ouverture La Marseillaise,road bicycle racing
2016 Grand Prix d'Ouverture La Marseillaise,Caja Rural-Seguros RGA 2016,2016-01-31,Daniel Díaz,France,2017 Grand Prix d'Ouverture La Marseillaise,2015 Grand Prix d'Ouverture La Marseillaise,road bicycle racing
2017 Grand Prix d'Ouverture La Marseillaise,Wanty-Groupe Gobert 2017,2017-01-29,Maxime Bouet,France,2018 Grand Prix d'Ouverture La Marseillaise,2016 Grand Prix d'Ouverture La Marseillaise,road bicycle racing
2016 Grand Prix d'Ouverture La Marseillaise,FDJ 2016,2016-01-31,Daniel Díaz,France,2017 Grand Prix d'Ouverture La Marseillaise,2015 Grand Prix d'Ouverture La Marseillaise,road bicycle racing
