col0,col1,col2,col3,col4
2001 Tour de Vendée,France,2000 Tour de Vendée,Tour de Vendée,2002 Tour de Vendée
2000 Tour de Vendée,France,1999 Tour de Vendée,Tour de Vendée,2001 Tour de Vendée
1999 Tour de Vendée,France,1998 Tour de Vendée,Tour de Vendée,2000 Tour de Vendée
1998 Tour de Vendée,France,1997 Tour de Vendée,Tour de Vendée,1999 Tour de Vendée
1995 Tour de Vendée,France,1994 Tour de Vendée,Tour de Vendée,1996 Tour de Vendée
1996 Tour de Vendée,France,1995 Tour de Vendée,Tour de Vendée,1997 Tour de Vendée
1992 Tour de Vendée,France,1991 Tour de Vendée,Tour de Vendée,1993 Tour de Vendée
2012 Tour de Vendée,France,2011 Tour de Vendée,Tour de Vendée,2013 Tour de Vendée
