col0,col1,col2,col3
Viva,Dori Media,1999-01-01,Israel
FUTV,Teletica,2019-01-01,Costa Rica
SET Max,Sony Pictures Networks India,1999-01-01,India
BBC UKTV,BBC Worldwide,1996-01-01,Australia
Fox Classics,Foxtel,2000-01-01,Australia
Crime & Investigation Network,Foxtel,2005-01-01,Australia
vtmKzoom,Medialaan,2009-01-01,Belgium
The Nashville Network,WSM,1983-03-07,United States of America
Showtime,Showtime Networks,1976-01-01,United States of America
The Nashville Network,Ryman Hospitality Properties,1983-03-07,United States of America
Syfy,NBCUniversal Cable Entertainment Group,1992-01-01,United States of America
USA Network,NBCUniversal Cable Entertainment Group,1977-01-01,United States of America
The Weather Channel,Landmark Media Enterprises,1982-05-02,United States of America
