col0,col1,col2,col3,col4,col5
Groen,Anderlecht,1982-01-01,Green party,green politics,European Green Party
Green Party Korea,Seoul,2004-01-01,Green party,Pure Democracy,Global Greens
Ecological Democratic Party,Würzburg,1982-01-01,Green party,green conservatism,The Greens–European Free Alliance
Lithuanian Peasant and Greens Union,Vilnius,2001-01-01,Green party,technocracy,Alliance for Europe of the Nations
Green Party,Stockholm,1981-09-20,Green party,green politics,European Green Party
The Greens,Warsaw,2003-09-06,Green party,sustainable development,Global Greens
Green League,Punavuori,1987-02-28,Green party,cultural liberalism,Global Greens
Alliance '90/The Greens,Berlin,1980-01-13,Green party,feminism,European Movement Germany
