col0,col1,col2,col3,col4
"Antonine Wall, W and E of Watling Lodge, Tamfourhill","Antonine Wall: Tamfourhill - Callendar Park,",scheduled monument,500,Falkirk
"Antonine Wall, Lime Road to Tamfourhill","Antonine Wall: Tamfourhill - Callendar Park,",scheduled monument,370,Falkirk
"Antonine Wall, Seabegs Wood, rampart, ditch and Military Way",Antonine Wall: Castlecary - Seabegs - Rough Castle,scheduled monument,410,Falkirk
"Antonine Wall, Dalnair to Seabegs Wood, including fortlet and camp",Antonine Wall: Castlecary - Seabegs - Rough Castle,scheduled monument,270,Falkirk
