col0,col1,col2,col3,col4,col5
1921 Scottish Open Badminton Championships,1921 Scottish Open Badminton Championships – Men's doubles,open championship,Scottish Open Badminton Championships,1922 Scottish Open Badminton Championships,WikiProject Badminton/tournament focus list
1914 Scottish Open Badminton Championships,1914 Scottish Open Badminton Championships – Men's doubles,open championship,Scottish Open Badminton Championships,1921 Scottish Open Badminton Championships,WikiProject Badminton/tournament focus list
1913 Scottish Open Badminton Championships,1913 Scottish Open Badminton Championships – Men's doubles,open championship,Scottish Open Badminton Championships,1914 Scottish Open Badminton Championships,WikiProject Badminton/tournament focus list
1912 Scottish Open Badminton Championships,1912 Scottish Open Badminton Championships – Men's doubles,open championship,Scottish Open Badminton Championships,1913 Scottish Open Badminton Championships,WikiProject Badminton/tournament focus list
1911 Scottish Open Badminton Championships,1911 Scottish Open Badminton Championships – Men's doubles,open championship,Scottish Open Badminton Championships,1912 Scottish Open Badminton Championships,WikiProject Badminton/tournament focus list
1910 Scottish Open Badminton Championships,1910 Scottish Open Badminton Championships – Men's doubles,open championship,Scottish Open Badminton Championships,1911 Scottish Open Badminton Championships,WikiProject Badminton/tournament focus list
