col0,col1,col2,col3,col4
Freightliner Trucks,United States of America,Portland,1939-01-01,Daimler AG
Chocolat Poulain,France,Villebarou,1848-01-01,Mondelēz International
Leader Price,France,Gretz-Armainvilliers,1989-01-01,Groupe Casino
Stuttgarter Hofbräu,Germany,Stuttgart,1872-01-01,Radeberger Group
Chocolat Poulain,France,Villebarou,1848-01-01,Eurazeo
Napapijri,Italy,Stabio,1987-01-01,VF Corporation
Nestlé Wagner,Germany,Nonnweiler,1969-01-01,Nestlé
Innocent Drinks,United Kingdom,London,1999-01-01,The Coca-Cola Company
