col0,col1,col2,col3,col4
2018 Setmana Ciclista Valenciana,"2018 Setmana Ciclista Valenciana, Stage 1",Setmana Ciclista Valenciana 2019,women's sports,2018-02-25
2018 Women's Herald Sun Tour,"2018 Women's Herald Sun Tour, Stage 1",2019 Women's Herald Sun Tour,women's sports,2018-01-31
2017 Healthy Ageing Tour,"2017 Healthy Ageing Tour, Stage 1a",2018 Healthy Ageing Tour,women's sports,2017-04-09
2015 Ladies Tour of Norway,"2015 Ladies Tour of Norway, Stage 1",2016 Ladies Tour of Norway,women's sports,2015-08-16
