col0,col1,col2,col3,col4
Anderstorp,registration district in Sweden,5359,Småland,Anderstorp
Lofta,registration district in Sweden,419,Småland,Lofta
Fagerhult,registration district in Sweden,661,Småland,Fagerhult
Östra Ämtervik,registration district in Sweden,781,Värmland,Östra Ämtervik
Visnum,registration district in Sweden,2308,Värmland,Visnum
Södra Finnskoga,registration district in Sweden,272,Värmland,Södra Finnskoga
Sunne,registration district in Sweden,9021,Värmland,Sunne
Storfors,registration district in Sweden,2319,Värmland,Storfors
Stora Kil,registration district in Sweden,9461,Värmland,Stora Kil
