col0,col1,col2,col3,col4,col5
箱,CJK Unified Ideographs,Radical 118,grade 3 kyōiku kanji,Table of hanja for personal names,良
相,CJK Unified Ideographs,Radical 109,grade 3 kyōiku kanji,Table of hanja for personal names,良
箱,CJK Unified Ideographs,Radical 118,grade 3 kyōiku kanji,Table of Jōyō kanji,良
相,CJK Unified Ideographs,Radical 109,grade 3 kyōiku kanji,Table of Jōyō kanji,良
箱,CJK Unified Ideographs,Radical 118,grade 3 kyōiku kanji,Table of General Standard Chinese Characters,良
