col0,col1,col2,col3
1992 Carebaco Badminton Championships,1993 Carebaco Badminton Championships,WikiProject Badminton/tournament focus list,continental championship
1990 Carebaco Badminton Championships,1992 Carebaco Badminton Championships,WikiProject Badminton/tournament focus list,continental championship
2018 Carebaco Badminton Championships,2019 Carebaco Badminton Championships,WikiProject Badminton/tournament focus list,open championship
2017 Carebaco Badminton Championships,2018 Carebaco Badminton Championships,WikiProject Badminton/tournament focus list,open championship
1981 Carebaco Badminton Championships,1982 Carebaco Badminton Championships,WikiProject Badminton/tournament focus list,open championship
1980 Carebaco Badminton Championships,1981 Carebaco Badminton Championships,WikiProject Badminton/tournament focus list,open championship
1979 Carebaco Badminton Championships,1980 Carebaco Badminton Championships,WikiProject Badminton/tournament focus list,open championship
1978 Carebaco Badminton Championships,1979 Carebaco Badminton Championships,WikiProject Badminton/tournament focus list,open championship
