col0,col1,col2,col3,col4
Sochi National Park,2085.99,Russia,national park of Russia,IUCN category II: National Park
Kenozyorsky National Park,1396.63,Russia,national park of Russia,IUCN category II: National Park
Shorian National Park,41382,Russia,national park of Russia,IUCN category II: National Park
Alkhanay National Park,1382.34,Russia,national park of Russia,IUCN category II: National Park
Yugyd Va National Park,18917.01,Russia,national park of Russia,IUCN category II: National Park
Zyuratkul National Park,882,Russia,national park of Russia,IUCN category II: National Park
Russky Sever National Park,1664,Russia,national park of Russia,IUCN category II: National Park
