col0,col1,col2,col3
2019 Vuelta a la Independencia Nacional,Dominican Republic,Óscar Sevilla,Saitel Team
2017 Vuelta a la Independencia Nacional,Dominican Republic,JB Ropa Deportiva,Vélo Passion Caraïbe
2019 Vuelta a la Independencia Nacional,Dominican Republic,Óscar Sevilla,Vélo Passion Caraïbe
2017 Vuelta a la Independencia Nacional,Dominican Republic,JB Ropa Deportiva,Asocipe-Moca
2019 Vuelta a la Independencia Nacional,Dominican Republic,Óscar Sevilla,Asocipe-Moca
2017 Vuelta a la Independencia Nacional,Dominican Republic,JB Ropa Deportiva,Global Cycling Team
2019 Vuelta a la Independencia Nacional,Dominican Republic,Óscar Sevilla,Global Cycling Team
2017 Vuelta a la Independencia Nacional,Dominican Republic,JB Ropa Deportiva,Aero Cycling Team
