col0,col1,col2,col3,col4
OGLE LMC-ECL-19624,eclipsing binary star,15.79,emission-line star,Dorado
TYC 3695-992-1,Beta Lyrae variable,12.4,emission-line star,Perseus
OGLE LMC-ECL-2152,eclipsing binary star,17.184,emission-line star,Mensa
SS 38,pulsating variable star,11.2,emission-line star,Gemini
OGLE BLG626.32 89962,rotating ellipsoidal variable,16.3,emission-line star,Ophiuchus
EM* GGA 332,T Tauri type star,12.38,emission-line star,Auriga
USNO-A2.0 0975-01864840,rotating variable star,9.589,emission-line star,Orion
