col0,col1,col2,col3,col4
Pasewalk railway station,Pasewalk Ost railway station,Germany,Pasewalk,architectural heritage monument in Mecklenburg-Vorpommern
Bergen auf Rügen railway station,Lietzow (Rügen) railway station,Germany,Bergen auf Rügen,architectural heritage monument in Mecklenburg-Vorpommern
Anklam railway station,Ducherow railway station,Germany,Anklam,architectural heritage monument in Mecklenburg-Vorpommern
Züssow railway station,Groß Kiesow railway station,Germany,Züssow,architectural heritage monument in Mecklenburg-Vorpommern
Ludwigslust railway station,Grabow (Meckl) railway station,Germany,Ludwigslust,architectural heritage monument in Mecklenburg-Vorpommern
Demmin railway station,Rakow railway station,Germany,Demmin,architectural heritage monument in Mecklenburg-Vorpommern
Greifswald railway station,Greifswald Süd railway station,Germany,Greifswald,architectural heritage monument in Mecklenburg-Vorpommern
