col0,col1,col2,col3
1998–99 New Jersey Devils season,ice hockey,1999–2000 New Jersey Devils season,1997–98 New Jersey Devils season
1998–99 Mighty Ducks of Anaheim season,ice hockey,1999–2000 Mighty Ducks of Anaheim season,1997–98 Mighty Ducks of Anaheim season
1998–99 Los Angeles Kings season,ice hockey,1999–2000 Los Angeles Kings season,1997–98 Los Angeles Kings season
1998–99 Edmonton Oilers season,ice hockey,1999–2000 Edmonton Oilers season,1997–98 Edmonton Oilers season
1998–99 Detroit Red Wings season,ice hockey,1999–2000 Detroit Red Wings season,1997–98 Detroit Red Wings season
1998–99 Dallas Stars season,ice hockey,1999–2000 Dallas Stars season,1997–98 Dallas Stars season
1998–99 Colorado Avalanche season,ice hockey,1999–2000 Colorado Avalanche season,1997–98 Colorado Avalanche season
