col0,col1,col2,col3,col4,col5,col6
Donaustadt,Vienna,Essling,102.29,district of Vienna,Lower Austria,Austria
Josefstadt,Vienna,Altlerchenfeld,1.08,district of Vienna,Alsergrund,Austria
Margareten,Vienna,Hundsturm,2.03,district of Vienna,Wieden,Austria
Floridsdorf,Vienna,Strebersdorf,44.52,car-free place,Donaustadt,Austria
Währing,Vienna,Neustift am Walde,6.28,district of Vienna,Neustift am Walde,Austria
Neubau,Vienna,Altlerchenfeld,1.61,district of Vienna,Rudolfsheim-Fünfhaus,Austria
Mariahilf,Vienna,Gumpendorf,1.48,district of Vienna,Rudolfsheim-Fünfhaus,Austria
Rudolfsheim-Fünfhaus,Vienna,Fünfhaus,3.86,district of Vienna,Hietzing,Austria
