col0,col1,col2,col3,col4,col5,col6
Scale model of Cygne-MnM 17 MG 13,141,Section Fer à Cheval,France,106,1/36th-scale model of the brig-corvette [[:en:French brig Cygne (1806)|''Cygne'']],1829-01-01
Scale model of a 16-gun cutter-MnM 17 MG 15,150,Section Fer à Cheval,France,127.5,1/28.8th-scale model of a 16-gun cutter of the First Empire,1805-01-01
Scale model of Muiron-MnM 17 MG 7,105,Section Fer à Cheval,France,72.5,Model of the frigate Muiron,1803-01-01
Scale model of a 24-gun xebec-MnM 13 MG 13,212,Section Canots d'apparat,France,153,"1/12.8th scale model of a 24-gun xebec, possibly ''Requin'' (Toulon, 1751)",1750-01-01
Scale model of Minerve-MnM 3 MG 4,196,Section Canots d'apparat,France,130,1/25th scale model of the ordinary galley ''Minerve'',1746-01-01
Scale model of Valmy-MnM 21 MG 4,281,Section Canots d'apparat,France,208,1/40 scale model of the ship ''Valmy'',1840-01-01
Scale model of Sphinx-MnM 23 MG 2,167,Section Marines de guerre contemporaines,France,96,1/40th scale model of [[:en:French corvette Sphinx (1829)|''Sphinx'']],1829-01-01
