col0,col1,col2,col3,col4,col5,col6
Svartviksfjärden coastal water body,WFD Chemical status: Poor status,Sweden,Ljungan,3286267,coastal water body,WFD Ecological status: Poor status
Kramforsfjärden coastal water body,WFD Chemical status: Poor status,Sweden,Ångerman River,36760987,coastal water body,WFD Ecological status: Moderate status
Saltkällefjorden coastal water body,WFD Chemical status: Poor status,Sweden,Örekilsälven,4680158,coastal water body,WFD Ecological status: Moderate status
Fjällbacka inner archipelago coastal water body,WFD Chemical status: Poor status,Sweden,Anråsälven,13425322,coastal water body,WFD Ecological status: Moderate status
