col0,col1,col2,col3
GSI Helmholtz Centre for Heavy Ion Research,Darmstadt,Helmholtz Association of German Research Centres,ExtreMe Matter Institute
University of Bamberg,Bamberg,European University Association,Bamberg University Library
TU Dortmund,Dortmund,European University Association,Dortmund University Library
Hamburg Institute for Social Research,Hamburg,Informationsdienst Wissenschaft e.V.,Hamburger Edition
Helmholtz Centre for Infection Research,Brunswick,Helmholtz Association of German Research Centres,Gesellschaft für Biotechnologische Forschung
Leibniz Institute for Science and Mathematics Education at the University of Kiel,Kiel,Leibniz Association,Leibniz-Institut für die Pädagogik der Naturwissenschaften
