col0,col1,col2,col3,col4,col5,col6,col7
2019 Tour de Langkawi,Benjamin Dyball,2018 Tour de Langkawi,Mohd Hariff Saleh,2019-04-06,"2019 Tour de Langkawi, stage 5",Malaysia,road bicycle racing
2018 Tour de Langkawi,Artem Ovechkin,2017 Tour de Langkawi,Amanuel Gebrezgabihier,2018-03-18,2018 Tour de Langkawi stage 3,Malaysia,road bicycle racing
2019 Tour de Langkawi,Benjamin Dyball,2018 Tour de Langkawi,Mohd Hariff Saleh,2019-04-06,"2019 Tour de Langkawi, stage 2",Malaysia,road bicycle racing
2018 Tour de Langkawi,Artem Ovechkin,2017 Tour de Langkawi,Manuel Belletti,2018-03-18,2018 Tour de Langkawi stage 4,Malaysia,road bicycle racing
