col0,col1,col2,col3,col4,col5
2010 World Allround Speed Skating Championships,Netherlands,2010-03-01,Stephanie Beckert,2011 World Allround Speed Skating Championships,Sven Kramer
2002 World Allround Speed Skating Championships,Netherlands,2002-01-01,Claudia Pechstein,2003 World Allround Speed Skating Championships,Anni Friesinger-Postma
1987 World Allround Speed Skating Championships for men,Netherlands,1987-01-01,Nikolay Gulyayev,1988 World All-Round Speed Skating Championships for Men,Nikolay Gulyayev
1996 World Allround Speed Skating Championships,Germany,1997-02-01,Claudia Pechstein,1997 World Allround Speed Skating Championships,Rintje Ritsma
1997 World Allround Speed Skating Championships,Japan,1997-01-01,Claudia Pechstein,1998 World Allround Speed Skating Championships,Gunda Niemann-Stirnemann
1996 World Allround Speed Skating Championships,Germany,1997-02-01,Gunda Niemann-Stirnemann,1997 World Allround Speed Skating Championships,Gunda Niemann-Stirnemann
