col0,col1,col2,col3
The Sublime Karsts of Papua New Guinea,Papua New Guinea,Tentative World Heritage Site,example represents significant on-going ecological and biological processes
Whakarua Moutere,New Zealand,Tentative World Heritage Site,example represents significant on-going ecological and biological processes
"Kahurangi National Park, Farewell Spit and Canaan karst system",New Zealand,Tentative World Heritage Site,example represents significant on-going ecological and biological processes
Waters and seabed of Fiordland,New Zealand,Tentative World Heritage Site,example represents significant on-going ecological and biological processes
