col0,col1,col2,col3,col4,col5,col6
Verdure with border,Town Hall of Vézelay,France,silk,verdure,Classified object  as historical monument,Tapisserie d'Aubusson
Verdure,Autun Cathedral,France,wool,verdure,Classified object  as historical monument,Tapisserie d'Aubusson
Verdure with Swans,Château du Bourg-Saint-Léonard,France,wool,verdure,Classified object  as historical monument,Tapisserie d'Aubusson
4 tapestry fragments,Town Hall of Vézelay,France,silk,tapestry,Classified object  as historical monument,Tapisserie d'Aubusson
Verdures,Town Hall of Vézelay,France,silk,tapestry,Classified object  as historical monument,Tapisserie d'Aubusson
8 tapestry fragments,Town Hall of Vézelay,France,silk,tapestry,Classified object  as historical monument,Tapisserie d'Aubusson
Verdure,Town Hall of Vézelay,France,silk,tapestry,Classified object  as historical monument,Flemish workshop
Verdure with Border,Town Hall of Vézelay,France,silk,tapestry,Classified object  as historical monument,Tapisserie d'Aubusson
