col0,col1,col2,col3,col4,col5,col6
Bandai Namco Entertainment,Cellius,Masaya Nakamura,Bandai Namco Holdings,video game developer,list of Namco Bandai games,Bandai Namco Holdings
Bethesda Softworks,Bethesda Game Studios,Christopher Weaver,ZeniMax Media,video game developer,software,ZeniMax Media
"Activision Publishing, Inc.",Radical Entertainment,Larry Kaplan,Activision Blizzard,video game developer,software,Activision Blizzard
Rockstar Games,Rockstar North,Dan Houser,Take-Two Interactive,video game publisher,software,Take-Two Interactive
