col0,col1,col2,col3
2032 Slovak International Badminton Championships,badminton,Slovakia,2031 Slovak International Badminton Championships
2031 Slovak International Badminton Championships,badminton,Slovakia,2030 Slovak International Badminton Championships
2030 Slovak International Badminton Championships,badminton,Slovakia,2029 Slovak International Badminton Championships
2029 Slovak International Badminton Championships,badminton,Slovakia,2028 Slovak International Badminton Championships
2028 Slovak International Badminton Championships,badminton,Slovakia,2027 Slovak International Badminton Championships
2027 Slovak International Badminton Championships,badminton,Slovakia,2026 Slovak International Badminton Championships
2026 Slovak International Badminton Championships,badminton,Slovakia,2025 Slovak International Badminton Championships
