col0,col1,col2,col3,col4,col5,col6
2004 Denmark Open Badminton Championships,WikiProject Badminton/tournament focus list,badminton,2005 Denmark Open Badminton Championships,Denmark,2004-01-01,open championship
2003 Denmark Open Badminton Championships,WikiProject Badminton/tournament focus list,badminton,2004 Denmark Open Badminton Championships,Denmark,2003-01-01,open championship
2002 Denmark Open Badminton Championships,WikiProject Badminton/tournament focus list,badminton,2003 Denmark Open Badminton Championships,Denmark,2002-01-01,open championship
2001 Denmark Open Badminton Championships,WikiProject Badminton/tournament focus list,badminton,2002 Denmark Open Badminton Championships,Denmark,2001-01-01,open championship
