col0,col1,col2,col3
Safari,Safari,web browser,Safari
musical tuning,tone,dyad,tuning system
Citizenship in the United States,Americans,Wikipedia article covering multiple topics,United States nationality law
Find My iPhone,Find My Friends,Wikipedia article covering multiple topics,Find My
ground forces,field army,Wikipedia article covering multiple topics,military
musical tuning,tone,Wikipedia article covering multiple topics,tuning system
Find My iPhone,Find My Friends,conflation,Find My
musical tuning,tone,dyad,musical tuning
