col0,col1,col2,col3,col4,col5
2019 Russian Cup Final - senior men's singles free skating,Makar Ignatov,2019-02-22,Rostelecom,Sergei Roslyakov,13
2019 Russian Cup Final - senior ladies' singles free skating,Elizaveta Nugumanova,2019-02-22,Rostelecom,Sergei Roslyakov,12
2019 Russian Cup Final - senior men's singles free skating,Artem Lezheev,2019-02-22,Rostelecom,Sergei Roslyakov,13
2019 Russian Cup Final - senior ladies' singles free skating,Evgenia Medvedeva,2019-02-22,Rostelecom,Sergei Roslyakov,12
