col0,col1,col2,col3
Commission Nationale de la Certification Professionnelle,Commission et instance ministérielle consultative ou délibérative,France,2002-01-01
Commission des Titres d'Ingénieur,Commission et instance ministérielle consultative ou délibérative,France,1937-01-01
Comité national pour la mémoire et l'histoire de l'esclavage,Commission et instance ministérielle consultative ou délibérative,France,2004-01-05
Centre d'Etudes Prospectives et d'Informations Internationales,Commission et instance ministérielle consultative ou délibérative,France,1978-01-01
