col0,col1,col2,col3,col4,col5
Comac,World Federation of Democratic Youth,communism,Brussels,juvenile political organisation,2003-01-01
Socialist German Workers Youth,World Federation of Democratic Youth,Marxism–Leninism,Essen,juvenile political organisation,1968-05-05
Free German Youth,World Federation of Democratic Youth,Marxism–Leninism,Karl-Liebknecht-Haus,juvenile political organisation,1936-01-01
International Federation of Liberal Youth,European Youth Forum,liberalism,United Kingdom,juvenile political organisation,1947-01-01
