col0,col1,col2,col3
Chuanzhu,People's Republic of China,fourth-level administrative country subdivision,Sichuan
Daochang,People's Republic of China,fourth-level administrative country subdivision,Zhejiang
"Anle, Shandong",People's Republic of China,fourth-level administrative country subdivision,Shandong
Luofugou,People's Republic of China,fourth-level administrative country subdivision,Liaoning
Bei'ershijiazi,People's Republic of China,fourth-level administrative country subdivision,Liaoning
Haladaokou,People's Republic of China,fourth-level administrative country subdivision,Liaoning
Caiha,People's Republic of China,fourth-level administrative country subdivision,Sichuan
Maoniuping,People's Republic of China,fourth-level administrative country subdivision,Sichuan
