col0,col1,col2,col3,col4,col5,col6
Währing,Vienna,Salmannsdorf,6.28,district of Vienna,Alsergrund,Austria
Penzing,Vienna,Unterbaumgarten,33.82,district of Vienna,Hernals,Austria
Döbling,Vienna,Oberdöbling,24.9,district of Vienna,Lower Austria,Austria
Favoriten,Vienna,Rothneusiedl,31.8,district of Vienna,Lower Austria,Austria
Währing,Vienna,Neustift am Walde,6.28,district of Vienna,Alsergrund,Austria
Penzing,Vienna,Breitensee,33.82,district of Vienna,Hernals,Austria
Neubau,Vienna,Sankt Ulrich,1.61,district of Vienna,Josefstadt,Austria
