col0,col1,col2,col3
Manitou and Pike's Peak Railway 1,Vauclain compound,0-4-2T,Colorado Railroad Museum
Santa Cruz Portland Cement 2,tank locomotive,0-4-0ST,Northwest Railway Museum
Berwind-White Coal Mining Company “Nancy”,tank locomotive,0-4-0ST,Railroaders Memorial Museum
Brooklyn Eastern District Terminal 16,tank locomotive,0-6-0ST,RMLI Riverhead
Roaring Camp and Big Trees Narrow Gauge Railroad 3 “Kahuku”,tank locomotive,0-4-2ST,Roaring Camp and Big Trees Narrow Gauge Railroad
Reading Company 1251,tank locomotive,0-6-0T,Railroad Museum of Pennsylvania
