col0,col1,col2,col3,col4,col5
2012 World Junior Badminton Championships,badminton,Japan,world championship,2012-10-25,World Junior Badminton Championships
2007 World Junior Badminton Championships,badminton,New Zealand,world championship,2007-10-25,World Junior Badminton Championships
2008 World Junior Badminton Championships,badminton,India,world championship,2008-10-24,World Junior Badminton Championships
2009 World Junior Badminton Championships,badminton,Malaysia,world championship,2009-10-23,World Junior Badminton Championships
