col0,col1,col2,col3
2003 IAAF World Cross Country Championships,IAAF World Cross Country Championships,World Athletics,2002 IAAF World Cross Country Championships
1999 IAAF World Cross Country Championships,IAAF World Cross Country Championships,World Athletics,1998 IAAF World Cross Country Championships
1977 IAAF World Cross Country Championships,IAAF World Cross Country Championships,World Athletics,1976 IAAF World Cross Country Championships
2001 IAAF World Cross Country Championships,IAAF World Cross Country Championships,World Athletics,2000 IAAF World Cross Country Championships
