col0,col1,col2,col3,col4
Papa John's Pizza,pizzeria chain,United States of America,gastronomy,Jeffersontown
Sbarro,pizzeria chain,United States of America,fast food,New York City
Domino's Pizza,pizzeria chain,United States of America,fast food,Ypsilanti
Pizza Hut,pizzeria chain,United States of America,quick service restaurant sector,Wichita
Church's Chicken,restaurant chain,United States of America,fast food,San Antonio
Domino's Pizza,restaurant chain,United States of America,fast food,Ypsilanti
Planet Hollywood,restaurant chain,United States of America,hospitality industry,New York City
