col0,col1,col2,col3,col4
HMAS Mildura,Australia,World War II,Bathurst-class corvette,Royal Australian Navy
HMAS Maryborough,Australia,World War II,Bathurst-class corvette,Royal Australian Navy
HMAS Lithgow,Australia,World War II,Bathurst-class corvette,Royal Australian Navy
HMAS Latrobe,Australia,World War II,Bathurst-class corvette,Royal Australian Navy
HMAS Katoomba,Australia,World War II,Bathurst-class corvette,Royal Australian Navy
HMAS Kapunda,Australia,World War II,Bathurst-class corvette,Royal Australian Navy
HMAS Junee,Australia,World War II,Bathurst-class corvette,Royal Australian Navy
HMAS Horsham,Australia,World War II,Bathurst-class corvette,Royal Australian Navy
