col0,col1,col2,col3
Little Shop Of Horrors - Original Motion Picture Soundtrack,Little Shop of Horrors,Original Motion Picture Soundtrack,soundtrack album
Heart of Darkness – Original Soundtrack Recording,Heart of Darkness,Original Soundtrack Recording,soundtrack album
Beauty and the Beast – Original Motion Picture Soundtrack,Beauty and the Beast,Original Motion Picture Soundtrack,soundtrack album
Broken Arrow - Original Motion Picture Soundtrack,Broken Arrow,Original Motion Picture Soundtrack,soundtrack album
