col0,col1,col2,col3,col4
figure skating at the 1998 Winter Olympics – pairs,1998-02-10,International Olympic Committee,White Ring,20
figure skating at the 1992 Winter Olympics – pairs,1992-02-12,International Skating Union,La halle de glace Olympique,18
figure skating at the 1992 Winter Olympics – men's singles,1992-02-15,International Skating Union,La halle de glace Olympique,31
figure skating at the 1992 Winter Olympics – pairs,1992-02-12,International Olympic Committee,La halle de glace Olympique,18
figure skating at the 1992 Winter Olympics – men's singles,1992-02-15,International Olympic Committee,La halle de glace Olympique,31
