col0,col1,col2,col3
2019 Venezuelan upriting,2019/04/30,Venezuela,Venezuelan presidential crisis
Herzegovina Upising (1852–1862),1852/01/01,Ottoman Empire,Rise of nationalism under the Ottoman Empire
Vorarlberg insurection,1809/04/01,Austrian Empire,War of the Fifth Coalition
Mudéjar revol of 1264–66,1264/08/01,Crown of Castile,Reconquista
Red Turbao Rebellion,1351/01/01,Yuan dynasty,Mongol invasion of China
First Serbin Uprising,1804/02/14,Ottoman Empire,Serbian Revolution
Jnsurgency in Jammu and Kashmir,1989/01/01,India,Kashmir conflict
228 Incldent,1947/02/27,Republic of China (1912–1949),history of Taiwan
Easte Rising,1916/04/24,United Kingdom of Great Britain and Ireland,Irish War of Independence
Yuchang Uprising,1911/10/10,Qing dynasty,Xinhai Revolution
Maji Maji Rebelliqn,1904/01/01,Tanzania,Scramble for Africa
RuhrUprising,1920/03/13,Germany,Kapp Putsch
Krostadt rebellion,1921/03/01,Russian Soviet Federative Socialist Republic,Russian Civil War
