col0,col1,col2,col3
2017–18 Unione Sportiva Dilettantistica San Zaccaria season,women's sports,2016–17 Unione Sportiva Dilettantistica San Zaccaria season,association football
2017–18 UPC Tavagnacco season,women's sports,2016–17 UPC Tavagnacco season,association football
2017–18 ASD Mozzanica season,women's sports,2016–17 ASD Mozzanica season,association football
2017–18 Fiorentina Women's FC season,women's sports,2016–17 Fiorentina Women's FC season,association football
2017–18 ASD Res Roma season,women's sports,2016–17 ASD Res Roma season,association football
2016–17 Associazione Sportiva Dilettantistica Orobica Calcio Bergamo season,women's sports,2015–16 Associazione Sportiva Dilettantistica Orobica Calcio Bergamo season,association football
2015–16 Associazione Sportiva Dilettantistica Fortitudo Mozzecane Calcio Femminile season,women's sports,2014–15 Associazione Sportiva Dilettantistica Fortitudo Mozzecane Calcio Femminile season,association football
2016–17 Sydney FC W-League season,women's association football,2014 Sydney FC W-League season,association football
