col0,col1,col2,col3
Proceedings of the Tenth Global Wordnet Conference,Christiane Fellbaum,422,Proceedings of the Global WordNet Meeting
Proceedings of the 17th Nordic Conference of Computational Linguistics,Eckhard Bick,296,NEALT Proceedings Series
CMS Beiheft 1,Ingo Pini,190,Corpus of Minoan and Mycenean Seals
"Language, Data, and Knowledge: First International Conference, LDK 2017, Galway, Ireland, June 19-20, 2017, Proceedings",Sebastian Hellmann,409,Lecture Notes in Computer Science
Proceedings of the Third Global WordNet Meeting,Christiane Fellbaum,362,Proceedings of the Global WordNet Meeting
Advances in Neural Information Processing Systems 18,John C. Platt,1676,Advances in Neural Information Processing Systems
"The Semantic Web: 15th International Conference, ESWC 2018, Heraklion, Crete, Greece, June 3–7, 2018, Proceedings",María-Esther Vidal,795,Lecture Notes in Computer Science
"Proceedings of the LREC 2018 Workshop ""6th Workshop on Linked Data in Linguistic (LDL-2018)""",John P. McCrae,91,Proceedings of the Workshop on Linked Data in Linguistics
Proceedings of the Eighth Global WordNet Conference,Christiane Fellbaum,457,Proceedings of the Global WordNet Meeting
EMNLP '11 Proceedings of the Conference on Empirical Methods in Natural Language Processing,Regina Barzilay,1663,Proceedings of the Conference on Empirical Methods in Natural Language Processing
Advances in Neural Information Processing Systems 12,Klaus-Robert Müller,1098,Advances in Neural Information Processing Systems
