col0,col1,col2,col3,col4
1994 Giro del Trentino,road bicycle racing,1995 Giro del Trentino,1994-05-13,1993 Giro del Trentino
1993 Giro del Trentino,road bicycle racing,1994 Giro del Trentino,1993-05-14,1992 Giro del Trentino
1992 Giro del Trentino,road bicycle racing,1993 Giro del Trentino,1992-05-15,1991 Giro del Trentino
1991 Giro del Trentino,road bicycle racing,1992 Giro del Trentino,1991-05-17,1990 Giro del Trentino
1990 Giro del Trentino,road bicycle racing,1991 Giro del Trentino,1990-05-10,1989 Giro del Trentino
1989 Giro del Trentino,road bicycle racing,1990 Giro del Trentino,1989-05-10,1988 Giro del Trentino
1988 Giro del Trentino,road bicycle racing,1989 Giro del Trentino,1988-05-06,1987 Giro del Trentino
1987 Giro del Trentino,road bicycle racing,1988 Giro del Trentino,1987-05-09,1986 Giro del Trentino
1985 Giro del Trentino,road bicycle racing,1986 Giro del Trentino,1985-05-09,1984 Giro del Trentino
1984 Giro del Trentino,road bicycle racing,1985 Giro del Trentino,1984-05-10,1983 Giro del Trentino
1983 Giro del Trentino,road bicycle racing,1984 Giro del Trentino,1983-05-05,1982 Giro del Trentino
1982 Giro del Trentino,road bicycle racing,1983 Giro del Trentino,1982-05-06,1981 Giro del Trentino
1981 Giro del Trentino,road bicycle racing,1982 Giro del Trentino,1981-05-07,1980 Giro del Trentino
1980 Giro del Trentino,road bicycle racing,1981 Giro del Trentino,1980-05-10,1979 Giro del Trentino
2018 Tour of the Alps,road bicycle racing,Tour of the Alps 2019,2018-04-20,2017 Tour of the Alps
