col0,col1,col2,col3
Medal of Extremadura,1986-01-01,Junta de Extremadura,Spain
Ibsen medal,1984-01-01,Skien,Norway
Defence Medal 1940–1945,1945-09-19,Norway,Norway
Thomson Medal,1985-01-01,Royal Society Te Apārangi,New Zealand
MacDiarmid Medal,2011-01-01,Royal Society Te Apārangi,New Zealand
Hutton Medal,1909-01-01,Royal Society Te Apārangi,New Zealand
Jones Medal,2010-01-01,Royal Society Te Apārangi,New Zealand
Bach Medal,2003-01-01,Leipzig,Germany
Royal Philharmonic Society Gold Medal,1871-01-01,Royal Philharmonic Society,United Kingdom
Aquinas Medal,1949-01-01,American Catholic Philosophical Association,United States of America
Echegaray Medal,1907-01-01,Spanish Royal Academy of Sciences,Spain
