col0,col1,col2,col3
Kolkata flyover collapse,2016-03-31,26,80
Dalfsen train crash,2016-02-23,1,6
Bento Rodrigues dam disaster,2015-11-05,17,16
Mecca crane collapse,2015-09-11,111,394
2015 Tianjin explosions,2015-08-12,129,797
2014 Kunshan explosion,2014-08-02,146,114
sinking of the MV Sewol,2014-04-16,299,13
Phillips Disaster of 1989,1989-10-23,23,314
1999 incheon Beer Hope Fire,1999-10-30,56,78
Lapua Cartridge Factory Explosion,1976-04-13,40,60
Comandante Ferraz Antarctic Base fire,2012-02-25,2,1
Hindenburg disaster,1937-05-06,36,62
