col0,col1,col2,col3
Hurricane Hilary,1993-08-17,105,Pacific hurricane
Hurricane Fefa,1991-07-29,105,Pacific hurricane
Hurricane Ekeka,1992-01-28,100,Pacific hurricane
Hurricane Darby,1992-07-02,105,Pacific hurricane
Hurricane Bud,2012-05-20,100,Pacific hurricane
Hurricane Hernan,2008-08-06,105,Pacific hurricane
Hurricane Ileana,2006-08-21,105,Pacific hurricane
Hurricane Bud,2006-07-11,110,Pacific hurricane
Hurricane Lane,2006-09-13,110,Pacific hurricane
Hurricane Ellen,1973-09-14,185,Atlantic hurricane
Hurricane Becky,1974-08-26,54,Atlantic hurricane
Hurricane Frances,1976-08-27,185,Atlantic hurricane
Hurricane Frances,1980-09-06,185,Atlantic hurricane
