col0,col1,col2,col3
V* GT Aur,-25.42,9.829,classical Cepheid variable
V* BB Gem,78.13,11.16,classical Cepheid variable
V* V336 Aql,11.5,9.87,classical Cepheid variable
TYC 170-1019-1,53.56,11.35,classical Cepheid variable
ASAS J200152-1752.0,-18.52,9.179,classical Cepheid variable
V* V394 Vir,-11.61,11.44,rotating variable star
V* V342 Cas,-71.83,8.513,classical Cepheid variable
UCAC2 8675675,-23.13,12.43,classical Cepheid variable
SV* HV 882,236.05,13.314,classical Cepheid variable
V* V371 Gem,29.17,10.74,classical Cepheid variable
TYC 1892-1190-1,-37.23,11.48,classical Cepheid variable
TYC 1905-845-1,49.33,9.8,classical Cepheid variable
ROTSE1 J164726.25+201141.1,46.83,11.25,classical Cepheid variable
V* V1189 Sgr,-17.42,10.086,classical Cepheid variable
V* FM Car,31.53,9.225,classical Cepheid variable
