col0,col1,col2,col3
1949 Denmark Open Badminton Championships,1949 Denmark Open Badminton Championships – Men's singles,1948 Denmark Open Badminton Championships,badminton
1948 Denmark Open Badminton Championships,1948 Denmark Open Badminton Championships – Men's singles,1947 Denmark Open Badminton Championships,badminton
1947 Denmark Open Badminton Championships,1947 Denmark Open Badminton Championships – Men's singles,1946 Denmark Open Badminton Championships,badminton
1946 Denmark Open Badminton Championships,1946 Denmark Open Badminton Championships – Men's singles,1938 Denmark Open Badminton Championships,badminton
1938 Denmark Open Badminton Championships,1938 Denmark Open Badminton Championships – Men's singles,1937 Denmark Open Badminton Championships,badminton
1937 Denmark Open Badminton Championships,1937 Denmark Open Badminton Championships – Men's singles,1936 Denmark Open Badminton Championships,badminton
2012 Denmark Open Badminton Championships,2012 Denmark Open Badminton Championships – Men's singles,2011 Denmark Open Badminton Championships,badminton
2011 Denmark Open Badminton Championships,2011 Denmark Open Badminton Championships – Men's singles,2010 Denmark Open Badminton Championships,badminton
2006 Denmark Open Badminton Championships,2006 Denmark Open Badminton Championships – Men's singles,2005 Denmark Open Badminton Championships,badminton
