col0,col1,col2,col3,col4,col5,col6,col7
2016 Women's WorldTour Ronde van Drenthe,Hoogeveen,Trixi Worrack,2017 Women's WorldTour Ronde van Drenthe,road bicycle racing,2015 Ronde van Drenthe World Cup,women's sports,71
2016 Trofeo Alfredo Binda-Comune di Cittiglio,Cittiglio,Emma Johansson,2017 Trofeo Alfredo Binda-Comune di Cittiglio,road bicycle racing,2015 Trofeo Alfredo Binda-Comune di Cittiglio,women's sports,81
2016 Tour of Flanders for Women,Oudenaarde,Claudia Lichtenberg,2017 Tour of Flanders for Women,road bicycle racing,2015 Tour of Flanders for Women,women's sports,110
2016 Strade Bianche Women,Siena,Claudia Lichtenberg,2017 Strade Bianche Women,road bicycle racing,2015 Strade Bianche Women,women's sports,59
2016 La Flèche Wallonne Féminine,Mur de Huy,Marianne Vos,2017 La Flèche Wallonne Féminine,road bicycle racing,2015 La Flèche Wallonne Féminine,women's sports,118
2017 Gent–Wevelgem – women's race,Wevelgem,Lisa Brennauer,2018 Gent–Wevelgem – women's race,road bicycle racing,2016 Gent–Wevelgem – women's race,women's sports,102
2017 Trofeo Alfredo Binda-Comune di Cittiglio,Cittiglio,Annemiek van Vleuten,2018 Trofeo Alfredo Binda-Comune di Cittiglio,road bicycle racing,2016 Trofeo Alfredo Binda-Comune di Cittiglio,women's sports,89
2017 Women's WorldTour Ronde van Drenthe,Hoogeveen,Marianne Vos,2018 Women's WorldTour Ronde van Drenthe,road bicycle racing,2016 Women's WorldTour Ronde van Drenthe,women's sports,37
2017 Strade Bianche Women,Siena,Lizzie Deignan,2018 Strade Bianche Women,road bicycle racing,2016 Strade Bianche Women,women's sports,80
2017 Tour of Flanders for Women,Oudenaarde,Annemiek van Vleuten,2018 Tour of Flanders for Women,road bicycle racing,2016 Tour of Flanders for Women,women's sports,97
2018 Amstel Gold Race (women's race),Valkenburg aan de Geul,Marianne Vos,2019 Amstel Gold Race (women's race),road bicycle racing,2017 Amstel Gold Race (women),women's sports,89
