col0,col1,col2,col3
The Day the Earth Disappeared,The Day the Earth Stood Still,CBS,Teenage Mutant Ninja Turtles
Super Irma,Superman,CBS,Teenage Mutant Ninja Turtles
Turtle Trek,Star Trek,CBS,Teenage Mutant Ninja Turtles
Requiem,mass for the dead,Nickelodeon Korea,Teenage Mutant Ninja Turtles
"When Worlds Collide, Part 2",When Worlds Collide,Nickelodeon,Teenage Mutant Ninja Turtles
"When Worlds Collide, Part 1",When Worlds Collide,Nickelodeon,Teenage Mutant Ninja Turtles
"Return of Savanti, Part 1",The Return of Savanti Romero,4Kids TV,Teenage Mutant Ninja Turtles
"Return of Savanti, Part 2",The Return of Savanti Romero,4Kids TV,Teenage Mutant Ninja Turtles
The Freaks Come Out at Night,2105,4Kids TV,Teenage Mutant Ninja Turtles
Enter the Jammerhead,Enter the Dragon,4Kids TV,Teenage Mutant Ninja Turtles
Prodigal Son,Parable of the Prodigal Son,4Kids TV,Teenage Mutant Ninja Turtles
Invasion of the Bodyjacker,Invasion of the Body Snatchers,4Kids TV,Teenage Mutant Ninja Turtles
"De gamla och kloka må le, fallera",Vi gå över daggstänkta berg,SVT2,Hundra svenska år
