col0,col1,col2,col3,col4
Neverwinter Nights: Pirates of the Sword Coast,Neverwinter Nights,Atari,2005-09-20,digital download
Fallout 4: Automatron,Fallout,Bethesda Softworks,2016-03-22,Steam
The Witcher 3: Wild Hunt – Blood and Wine,The Witcher,CD Projekt,2016-05-30,digital distribution
Serious 8,Serious Sam,Devolver Digital,2011-01-01,digital distribution
The Witcher 3: Wild Hunt – Hearts of Stone,The Witcher,CD Projekt RED,2015-10-12,digital distribution
ArmA 2: Army of the Czech Republic,ARMA,Bohemia Interactive,2012-07-30,digital distribution
The Elder Scrolls V: Skyrim —  Dawnguard,The Elder Scrolls,Bethesda Softworks,2012-06-26,digital distribution
