col0,col1,col2,col3
Colombian Women's Football League,20,División Mayor del Fútbol Profesional Colombiano,women's association football
2018–19 CEV Women's Champions League,27,European Volleyball Confederation,women's volleyball
FIVB Volleyball Women's Nations League,16,Fédération Internationale de Volleyball,women's sports
LEN Super Cup,2,LEN,men's water polo
LNH Division 1,14,Ligue Nationale de Handball,men's handball
SEHA League,10,European Handball Federation,men's handball
Handball-Bundesliga,18,German Handball Association,men's handball
Maltese Premier League,12,Malta Football Association,men's association football
First Macedonian Football League,10,Football Federation of North Macedonia,men's association football
Danish Superliga,14,Danish Football Association,men's association football
