col0,col1,col2,col3,col4
1989 Israeli Badminton Championships,badminton,1990 Israeli Badminton Championships,1989-01-01,1989 Israel Badminton Championships – Men's doubles
1988 Israeli Badminton Championships,badminton,1989 Israeli Badminton Championships,1988-01-01,1988 Israel Badminton Championships – Men's doubles
1987 Israeli Badminton Championships,badminton,1988 Israeli Badminton Championships,1987-01-01,1987 Israel Badminton Championships – Men's doubles
1986 Israeli Badminton Championships,badminton,1987 Israeli Badminton Championships,1986-01-01,1986 Israel Badminton Championships – Men's doubles
1985 Israeli Badminton Championships,badminton,1986 Israeli Badminton Championships,1985-01-01,1985 Israel Badminton Championships – Men's doubles
1984 Israeli Badminton Championships,badminton,1985 Israeli Badminton Championships,1984-01-01,1984 Israel Badminton Championships – Men's doubles
1983 Israeli Badminton Championships,badminton,1984 Israeli Badminton Championships,1983-01-01,1983 Israel Badminton Championships – Men's doubles
1982 Israeli Badminton Championships,badminton,1983 Israeli Badminton Championships,1982-01-01,1982 Israel Badminton Championships – Men's doubles
