col0,col1,col2,col3
2016 World Single Distance Speed Skating Championships – Men's mass start,2015 World Single Distance Speed Skating Championships – Men's mass start,2016-02-14,2016 World Single Distance Speed Skating Championships
2016 World Single Distance Speed Skating Championships – Men's 500 metres,2015 World Single Distance Speed Skating Championships – Men's 500 metres,2016-02-14,2016 World Single Distance Speed Skating Championships
2016 World Single Distance Speed Skating Championships – Women's 3000 metres,2015 World Single Distance Speed Skating Championships – Women's 3000 metres,2016-02-11,2016 World Single Distance Speed Skating Championships
2016 World Single Distance Speed Skating Championships – Men's 10000 metres,2015 World Single Distance Speed Skating Championships – Men's 10000 metres,2016-02-11,2016 World Single Distance Speed Skating Championships
