col0,col1,col2,col3,col4
Refugi d'Amitges,Aigüestortes i Estany de Sant Maurici National Park,74,Spain,Vall de Ratera
refugi de la Restanca,Aigüestortes i Estany de Sant Maurici National Park,80,Spain,Capçalera de Valarties
refugi de la Centraleta,Aigüestortes i Estany de Sant Maurici National Park,10,Spain,vall de Sant Nicolau
Refugi de Vall Ferrera,Alt Pirineu Natural Park,60,Spain,Vall Ferrera
Refugi de Saboredo,Aigüestortes i Estany de Sant Maurici National Park,28,Spain,Circ de Saboredo
Refugi Costabona,Parc Natural les Capçaleres del Ter i del Freser,18,Spain,Costabona
