col0,col1,col2,col3
"High We Exalt Thee, Realm of the Free","Land that we love, our Sierra Leone.",John Akar,"High we exalt thee, realm of the free;"
"Namibia, Land of the Brave","Namibia our Country, Namibia Motherland, we love thee.",Axali Doëseb,"Namibia, land of the brave"
Forged from the Love of Liberty,And may God bless our nation.,Patrick Castagne,Forged from the love of liberty
God Save Our Solomon Islands,Stands forever more.,Panapasa Balekana,God Save our Solomon Islands from shore to shore
