col0,col1,col2,col3,col4
Gliese 581 e,High Accuracy Radial Velocity Planet Searcher,Libra,229.86177875,-7.72227472
HD 40307 d,High Accuracy Radial Velocity Planet Searcher,Pictor,88.51767081413502,-60.02346992995805
HD 40307 c,High Accuracy Radial Velocity Planet Searcher,Pictor,88.51767081413502,-60.02346992995805
HD 40307 b,High Accuracy Radial Velocity Planet Searcher,Pictor,88.51767081413502,-60.02346992995805
Kepler-62e,Kepler,Lyra,283.2127162486888,45.34983335429362
Kepler-62f,Kepler,Lyra,283.2127162486888,45.34983335429362
Kepler-9d,Kepler,Lyra,285.5739767104517,38.40088256864889
Mu Arae c,High Accuracy Radial Velocity Planet Searcher,Ara,266.03626514261543,-51.83405306920083
HD 69830 b,High Accuracy Radial Velocity Planet Searcher,Puppis,124.599779417,-12.632169889
