col0,col1,col2,col3
Moorhen,46,paper,death
Study with a topper.,57.5,oil paint,top hat
Study of Rocks,18.7,paper,rock
Study of a Jew.,30,oil paint,Jewish people
Portrait of Stella Kähler,22.3,oil paint,girl
Plant Study,14.3,paper,plant
"Study for the painting Symbolic dance"".""",74.3,oil paint,woman
Study of a young woman.,40,oil paint,woman
Saint James the Younger,49.5,oil paint,"James, son of Alphaeus"
The Tuileries (Study),54,oil paint,Tuileries Garden
Quatre Baigneuses (Study of Four Women Bathing),203,paper,bathing
A Bed: drapery study,14,watercolor paint,bed
