col0,col1,col2,col3,col4,col5,col6
assassination of Archeduke Franz Ferdinand of Austria,causes of World War I,Archduke Franz Ferdinand,20,1914-06-28,Bosnia and Herzegovina,FN Model 1910
Orly Airport attack,terrorism in France,Armenian Secret Army for the Liberation of Armenia,55,1983-07-15,France,explosive material
Sterling Hall bombing,Opposition to the U.S. involvement in the Vietnam War,David Fine,3,1970-08-24,United States of America,car bomb
1974 Toulouse serial bombing,terrorism in France,Groupes d'action révolutionnaires internationalistes,0,1974-07-29,France,explosive device
