col0,col1,col2,col3,col4
2018 Tour of California stage 4,2018 Tour of California,Tejay van Garderen,road bicycle racing,34.7
"2018 Tour of the Basque Country, Stage 4",2018 Tour of the Basque Country,Vasil Kiryienka,road bicycle racing,19.4
2018 Tour of Japan Prologue,2018 Tour of Japan,Grega Bole,road bicycle racing,2.6
2018 Emakumeen Euskal Bira stage 2,2018 Emakumeen Euskal Bira,Lisa Brennauer,road bicycle racing,28
2018 Tour de Suisse stage 9,2018 Tour de Suisse,Nikias Arndt,road bicycle racing,34.1
"2018 Healthy Ageing Tour, Stage 1",2018 Healthy Ageing Tour,Trixi Worrack,road bicycle racing,8
"2013 Eneco Tour, Stage 5",2013 Eneco Tour,Bradley Wiggins,road bicycle racing,13.2
