col0,col1,col2,col3,col4
2010 Cebu local elections,2013 Cebu local elections,"Philippine general election, 2007",Gwendolyn Garcia,governor
1995 Lombard regional election,2000 Lombard regional election,1990 Lombard regional election,Roberto Formigoni,president of Lombardy
2010 Lombard regional election,2013 Lombard regional election,2005 Lombard regional election,Roberto Formigoni,president of Lombardy
2000 Lombard regional election,2005 Lombard regional election,1995 Lombard regional election,Roberto Formigoni,president of Lombardy
