col0,col1,col2,col3,col4
Vuelta al Táchira 2019,Bramon,2018 Vuelta al Táchira,2019-01-11,"2019 Vuelta al Táchira, Stage 1"
2018 Vuelta Ciclista a Costa Rica,Pavas District,2017 Vuelta Ciclista a Costa Rica,2018-12-16,"2018 Vuelta a Costa Rica, stage 1"
2018 Vuelta a Guatemala,Guatemala City,2017 Vuelta a Guatemala,2018-10-23,"2018 Vuelta a Guatemala, stage 1"
2018 Vuelta a Venezuela,Maracaibo,2017 Vuelta a Venezuela,2018-07-05,"2018 Vuelta a Venezuela, stage 1"
2018 Tour du Loir-et-Cher,Blois,2017 Tour du Loir-et-Cher,2018-04-11,"2018 Tour du Loir-et-Cher, Stage 1"
2017 Circuit des Ardennes,Acy-Romance,2016 Circuit des Ardennes,2017-04-07,"2017 Circuit des Ardennes, Stage 1"
Tour du Cameroun 2017,Yaoundé,Tour du Cameroun 2016,2017-03-11,"2017 Tour du Cameroun, Stage 1"
2017 New Zealand Cycle Classic,Masterton,2016 New Zealand Cycle Classic,2017-01-22,"2017 New Zealand Cycle Classic, Stage 1"
2017 Istrian Spring Trophy,Umag,2016 Istrian Spring Trophy,2017-03-09,"2017 Istrian Spring Trophy, Prologue"
