col0,col1,col2,col3
Judith,Roger Avermaete,1980-01-31,Dutch
De Wonderbare Mandarijn,Melchior Lengyel,1982-02-18,Dutch
Nachteiland,Rudi van Dantzig,1971-03-03,Dutch
De Les,Flemming Flindt,1971-12-18,Dutch
Liefdesscène,Maurice Béjart,1970-12-15,Dutch
Giselle,Théophile Gautier,1974-01-17,Dutch
Cage of God,Jack Carter,1971-12-01,English
Masque of Separation,Robert Cohan,1979-10-06,English
Concerto di Aranjuez,André Leclair,1970-09-17,Spanish
Divertimento,André Leclair,1971-05-20,Italian
Concerto,Jeanne Brabants,1980-03-20,Italian
Rossiniazata,Jeanne Brabants,1982-02-20,Italian
Ritus Paganus,André Leclair,1972-04-22,Latin
