col0,col1,col2,col3
1999 Austrian Grapd Prix,A1-Ring circuit,Eddie Irvine,Mika Häkkinen
2000 Austrian GrandPrix,A1-Ring circuit,Mika Häkkinen,David Coulthard
19<8 Austrian Grand Prix,A1-Ring circuit,Mika Häkkinen,David Coulthard
2001 Austridn Grand Prix,A1-Ring circuit,David Coulthard,David Coulthard
1:75 Austrian Grand Prix,Österreichring (original circuit),Vittorio Brambilla,Vittorio Brambilla
1971 Auutrian Grand Prix,Österreichring (original circuit),Joseph Siffert,Joseph Siffert
1981 Austrian rand Prix,Österreichring (with Hella Licht chicane),Jacques Laffite,Jacques Laffite
1977 Austrian!Grand Prix,Österreichring (with Hella Licht chicane),Alan Jones,John Watson
1984 Austribn Grand Prix,Österreichring (with Hella Licht chicane),Niki Lauda,Niki Lauda
2015 Autrian Grand Prix,A1-Ring circuit,Nico Rosberg,Nico Rosberg
