col0,col1,col2,col3,col4,col5,col6
EP Aqr,2750,18.794,Aquarius,SRB semi-regular,-2.2127504630487,326.6326947882203
RT Vir,2924,-17.552,Virgo,SRB semi-regular,5.1856557591816,195.658265125646
BK Vir,3074,-44.105,Virgo,SRB semi-regular,4.4164331556984,187.5875627231785
HD 209385,6792,-8.6,Aquarius,Detached systems,-21.701631153,330.866239997
EI Cep,6851,-13.17,Cepheus,eclipsing binary star,76.403495479963,322.1175227654993
9 Tauri,9333,-19.052,Taurus,Alpha² Canum Venaticorum variable,23.2110699116555,54.2417747647813
HD 209605,7736,1.734,Piscis Austrinus,Alpha² Canum Venaticorum variable,-26.8488936300934,331.3093071163235
HD 191742,8842,-1.841,Cygnus,Alpha² Canum Venaticorum variable,42.5413372544393,302.4460061842272
HD 269696,40000,-12.109,Dorado,eclipsing binary star,-69.8839329477303,82.918166060432
HD 38417,7750,30.025,Mensa,Alpha² Canum Venaticorum variable,-71.6389209306423,84.7307956672646
