col0,col1,col2,col3,col4
Komuna e Gracenit,UTC+01:00,Elbasan County,762,Albania
Komuna e Gjocajt,UTC+01:00,Elbasan County,87,Albania
Komuna e Shezes,UTC+01:00,Elbasan County,77,Albania
Komuna e Shalesit,UTC+01:00,Elbasan County,152,Albania
Komuna e Pojanit,UTC+01:00,Korçë County,824,Albania
Bashkia e Memaliajt,UTC+01:00,Gjirokastër County,127,Albania
Komuna e Dajçit,UTC+01:00,Shkodër County,5,Albania
Komuna e Bushatit,UTC+01:00,Shkodër County,2,Albania
Komuna e Barbullushit,UTC+01:00,Shkodër County,6,Albania
Komuna e Pultit,UTC+01:00,Shkodër County,465,Albania
Komuna e Temalit,UTC+01:00,Shkodër County,760,Albania
