col0,col1,col2,col3
1997 IAAF World Half Marathon Championships,half marathon,1998 IAAF World Half Marathon Championships,1997-01-01
2007 IAAF World Road Running Championships,half marathon,2008 IAAF World Half Marathon Championships,2007-10-14
2001 IAAF World Half Marathon Championships,half marathon,2002 IAAF World Half Marathon Championships,2001-01-01
1995 IAAF World Half Marathon Championships,half marathon,1996 IAAF World Half Marathon Championships,1995-01-01
2009 IAAF World Half Marathon Championships,half marathon,2010 IAAF World Half Marathon Championships,2009-10-11
2002 IAAF World Half Marathon Championships,half marathon,2003 IAAF World Half Marathon Championships,2002-01-01
1999 IAAF World Half Marathon Championships,half marathon,2000 IAAF World Half Marathon Championships,1999-01-01
