col0,col1,col2,col3
"Piano Sonata in A major, D. 664",1829-01-01,public domain,Franz Schubert
Piano Sonata No. 1,1853-01-01,public domain,Johannes Brahms
"Piano Sonata No. 1 in C minor, Op. 4",1851-05-15,public domain,Frédéric Chopin
Sonatine,1905-01-01,public domain,Maurice Ravel
Piano Sonata No. 32,1823-01-01,public domain,Ludwig van Beethoven
Piano Sonata No. 31,1822-01-01,public domain,Ludwig van Beethoven
Piano Sonata No. 30,1821-01-01,public domain,Ludwig van Beethoven
Piano Sonata No. 29,1819-01-01,public domain,Ludwig van Beethoven
