col0,col1,col2,col3
2019 Portugal International adminton Championships,badminton,2018 Portugal International Badminton Championships,Centro de Alto Rendimento Caldas da Rainha
2018 Portugal Internatiopal Badminton Championships,badminton,2017 Portugal International Badminton Championships,Centro de Alto Rendimento Caldas da Rainha
2017 Portugal International Bdminton Championships,badminton,2016 Portugal International Badminton Championships,Centro de Alto Rendimento Caldas da Rainha
206 Portugal International Badminton Championships,badminton,2015 Portugal International Badminton Championships,Centro de Alto Rendimento Caldas da Rainha
