col0,col1,col2,col3
Tingvoll Church,Church of Norway,Indre Nordmøre prosti,Tingvollvågen
Hov Church,Church of Norway,Indre Nordmøre prosti,Sunndalsøra
Church of Sant Cristòfol les Fonts,Catholicism,parish of Sant Cristòfol les Fonts,Sant Cristòfol les Fonts
Església de Santa Margarida de Bianya,Catholicism,parish of Santa Margarida de Bianya,La Vall de Bianya
Sør-Tustna Chapel,Church of Norway,Ytre Nordmøre prosti,Tømmervåg
Gullstein Church,Church of Norway,Ytre Nordmøre prosti,Gullstein
Aure Church,Church of Norway,Ytre Nordmøre prosti,Aure
Stemshaug Church,Church of Norway,Ytre Nordmøre prosti,Stemshaug
Grip Stave Church,Church of Norway,Ytre Nordmøre prosti,Grip
Halsa Church,Church of Norway,Orkdal prosti,Halsanaustan
