col0,col1,col2,col3
Mühle Sommerfeld,Germany,Bad Düben,Kulturdenkmal
"Huizermolen, Arnhem",Netherlands,Arnhem,municipal monument in the Netherlands
Doesburgermolen,Netherlands,Ede,Rijksmonument
Sint Jan,Netherlands,Weert,Rijksmonument
Post mill Ketzür,Germany,Beetzseeheide,architectural heritage monument
Post mill Beelitz,Germany,Beelitz,architectural heritage monument
Rethem windmill,Germany,Rethem (Aller),architectural heritage monument
Bourn Windmill,United Kingdom,Bourn,scheduled monument
Saxtead Green Windmill,United Kingdom,Saxtead,scheduled monument
