col0,col1,col2,col3,col4
Cygnus NG-12,docking and berthing of spacecraft,Unity,Mid-Atlantic Regional Spaceport Launch Pad 0,Commercial Resupply Services
Cygnus NG-11,docking and berthing of spacecraft,Unity,Mid-Atlantic Regional Spaceport Launch Pad 0,Commercial Resupply Services
Cygnus CRS OA-9E,docking and berthing of spacecraft,Unity,Mid-Atlantic Regional Spaceport Launch Pad 0,Commercial Resupply Services
Cygnus CRS OA-8E,docking and berthing of spacecraft,Unity,Mid-Atlantic Regional Spaceport Launch Pad 0,Commercial Resupply Services
Cygnus NG-10,docking and berthing of spacecraft,Unity,Mid-Atlantic Regional Spaceport Launch Pad 0,Commercial Resupply Services
Cygnus CRS OA-6,atmospheric entry,Unity,Cape Canaveral Air Force Station Space Launch Complex 41,Commercial Resupply Services
SpaceX CRS-18,rocket launch,Harmony,Cape Canaveral Air Force Station Space Launch Complex 40,Commercial Resupply Services
SpaceX CRS-16,rocket launch,Harmony,Cape Canaveral Air Force Station Space Launch Complex 40,Commercial Resupply Services
SpaceX CRS-15,rocket launch,Harmony,Cape Canaveral Air Force Station Space Launch Complex 40,Commercial Resupply Services
SpaceX CRS-13,rocket launch,Harmony,Cape Canaveral Air Force Station Space Launch Complex 40,Commercial Resupply Services
SpaceX CRS-11,docking and berthing of spacecraft,Harmony,Cape Canaveral Air Force Station Space Launch Complex 40,Commercial Resupply Services
SpaceX CRS-4,docking and berthing of spacecraft,Harmony,Cape Canaveral Air Force Station Space Launch Complex 40,Commercial Resupply Services
SpaceX CRS-9,epoch,Harmony,Cape Canaveral Air Force Station Space Launch Complex 40,Commercial Resupply Services
