col0,col1,col2,col3,col4,col5
Palma Soriano,Santiago de Cuba Province,76500,150,1825-01-01,845.8
Mella,Santiago de Cuba Province,33667,120,1976-01-01,335.2
San Luis,Santiago de Cuba Province,88496,200,1827-01-01,498
Santiago de Cuba,Santiago de Cuba Province,444851,82,1514-01-01,1032.29
Morón,Ciego de Ávila Province,59371,5,1543-06-03,615.1
Venezuela,Ciego de Ávila Province,28470,25,1812-01-01,716
Ciego de Ávila,Ciego de Ávila Province,143449,55,1840-01-01,445000000
Florida,Camagüey Province,71676,65,1907-01-01,1800
Nuevitas,Camagüey Province,38995,20,1818-01-01,415
Carlos Manuel de Céspedes,Camagüey Province,224488,75,1976-01-01,653
Camagüey,Camagüey Province,321992,5,1514-01-01,1106000000
"Sandino, Cuba",Pinar del Río Province,37293,10,1964-01-01,1718
Guane,Pinar del Río Province,35718,25,1602-01-01,717
Abreus,Cienfuegos Province,23144,60,1840-01-01,564
