col0,col1,col2,col3
Devonshire Volunteers Memorial,Exeter,Grade II listed building,Northernhay Gardens
Speke's Monument,City of Westminster,Grade II listed building,Kensington Gardens
Stratford Martyrs Memorial,London Borough of Newham,Grade II listed building,Stratford
1St And 2Nd World War Memorial Approximately 25 Metres West Of Town Hall,Wakefield,Grade II listed building,Wakefield
Sunny Lawns ( Child Memorial Home For The Blind),Wakefield,Grade II listed building,Wakefield
David Campbell Memorial,Portland,place listed on the National Register of Historic Places,Portland Firefighters Park
Stone memorial of U-Mawthoh-dur briew,Jaintia Hills district,Monument of National Importance,Nartiang
Memorial to Napoleon's general Valhubert at Tyršův sad,Veveří,part of national heritage site in the Czech Republic,Tyršův sad
Monument Gabrielle Petit,Brussels,protected heritage site in Brussels,Pentagon
Josef Merhaut memorial,Brno-střed,part of national heritage site in the Czech Republic,Lužánky
Padrão de Elvas,"Caia, São Pedro e Alcáçova",National Monument of Portugal,Alcáçova
Padrão do Campo Pequeno,Areeiro (Lisbon),National Monument of Portugal,São João de Deus
Burke & Wills Memorial Obelisk,Victoria,listed on the Victorian Heritage Register,Castlemaine
Memorial of G. H. Damant,Kohima district,Monument of National Importance,Khonoma
Titanic Memorial Bandstand,Victoria,listed on the Victorian Heritage Register,Sturt Street Gardens
