col0,col1,col2,col3
Volvo Open Cup 37th - senior ice dance rhythm dance,Sergei Mozgov,senior,Volvo Open Cup 37th - senior ice dance
2018 Grand Prix of Helsinki - ice dance rhythm dance,Alexandra Stepanova,senior,2018 Grand Prix of Helsinki - ice dance
2018 Skate Canada International - ice dance rhythm dance,Madison Hubbell,senior,2018 Skate Canada International - ice dance
2018 Minsk-Arena Ice Star - junior ice dance rhythm dance,Ekaterina Andreeva,junior,2018 Minsk-Arena Ice Star - junior ice dance
2018 Minsk-Arena Ice Star - ice dance rhythm dance,Francesco Fioretti,senior,2018 Minsk-Arena Ice Star - ice dance
2018 Skate America - ice dance rhythm dance,Madison Hubbell,senior,2018 Skate America - ice dance
2018 Junior Grand Prix Armenia - ice dance rhythm dance,Maxim Nekrasov,junior,2018 Junior Grand Prix Armenia - ice dance
2018 CS Finlandia Trophy - ice dance rhythm dance,Alexandra Stepanova,senior,2018 CS Finlandia Trophy - ice dance
2018 Junior Grand Prix Slovenia - ice dance rhythm dance,Avonley Nguyen,junior,2018 Junior Grand Prix Slovenia - ice dance
2018 Junior Grand Prix Czech Republic - ice dance rhythm dance,Elizaveta Khudaiberdieva,junior,2018 Junior Grand Prix Czech Republic - ice dance
2018 CS Nebelhorn Trophy - ice dance rhythm dance,Paul Poirier,senior,2018 CS Nebelhorn Trophy - ice dance
