col0,col1,col2,col3
DR Class 22,3,tender locomotive,Rekonstruktionslokomotive
DR Class 58.30,3,tender locomotive,Rekonstruktionslokomotive
DRB Class 06,3,tender locomotive,Einheitsdampflokomotive
DRB Class 03.10,3,tender locomotive,Einheitsdampflokomotive
DRG Class 05,3,tender locomotive,Einheitsdampflokomotive
DRG Class 44,3,tender locomotive,Einheitsdampflokomotive
DRB Class 01.10,3,tender locomotive,Einheitsdampflokomotive
DRG Class 85,3,tank locomotive,Einheitsdampflokomotive
DB Class 10,3,tender locomotive,Neubaulokomotive
Indonesian B20 class locomotives,2,tank locomotive,bi-cabine
GWR No. 12,2,tank locomotive,preserved steam locomotive
FBD 410,2,tank locomotive,compound locomotive
FS 743,2,tender locomotive,Franco-Crosti boiler
NER 66 “Aerolite”,2,compound locomotive,preserved steam locomotive
