col0,col1,col2,col3,col4
NGC 3363,0.01928,Édouard Stephan,84.41,161.2892917
NGC 2535,0.01361,Édouard Stephan,63.14,122.8061833
NGC 906,0.0156,Édouard Stephan,69,36.3177292
NGC 5975,0.01464,Édouard Stephan,62.81,234.9915167
NGC 4018,0.01496,John Louis Emil Dreyer,72.6,179.6696
NGC 548,0.017976,George Mary Searle,84.72,21.5104771585314
NGC 2738,0.01034,Heinrich Louis d'Arrest,46.63,136.0019695032921
NGC 829,0.013523,Heinrich Louis d'Arrest,54.11,32.1758
NGC 326,0.0477,Heinrich Louis d'Arrest,136.14,14.5943208
