col0,col1,col2,col3
Sec61 translocon complex,SecY/SEC61-alpha family,Translocon,protein
axoneme,microtubule,cytoskeleton,cellular anatomical entity
microtubule,Tubulin,microtubule cytoskeleton,polymeric cytoskeletal fiber
glycocalyx,hydrogen,cell envelope,external encapsulating structure
basal lamina,laminin complex,basement membrane,extracellular matrix component
nucleosome,carbon,chromatin,protein-DNA complex
mitochondrion,mitochondrial DNA,cytoplasm,intracellular membrane-bounded organelle
centrosome,centriole,chromosome,microtubule organizing center
heterochromatin,Heterochromatin protein 1 family,chromosome,chromatin
complex of collagen trimers,collagen,collagen-containing extracellular matrix,supramolecular complex
proton-transporting ATP synthase complex,ATP synthase gamma subunit,intracellular,proton-transporting two-sector ATPase complex
DnaB-DnaG complex,DnaB helicase complex,core primosome complex,DNA helicase complex
autosome,homologous chromosome,genome,homologous chromosome
