col0,col1,col2,col3
Sextans Dwarf Spheroidal,0.000767,153.26208,Mike Irwin
NGC 77,0.063064,5.0068342175222,Frank Muller
Messier 60,0.00339,190.9167,Johann Gottfried Koehler
Messier 59,0.001438,190.509675,Johann Gottfried Koehler
Leo I,0.00056,152.117167,Albert George Wilson
NGC 1265,0.025,49.5653083,Guillaume Bigourdan
Maffei 1,0.00002,39.1477875,Paolo Maffei
IC 5350,0.02858,356.8110333,Lewis A. Swift
NGC 6303,0.04064,256.2612292,Lewis A. Swift
NGC 6258,0.010424,253.1241267781113,Lewis A. Swift
NGC 6230,0.031132,252.6945792,Lewis A. Swift
NGC 6198,0.01764,248.87775412419,Lewis A. Swift
Messier 105,0.002922,161.9566667,Pierre Méchain
NGC 6172,0.016608,245.5429237700462,Édouard Stephan
NGC 6311,0.035723,257.6815792,Édouard Stephan
