col0,col1,col2,col3,col4
State Bank of India ATP Challenger Tour,tennis tournament,ATP Challenger Tour,tennis,2014-01-01
PL Reddy Memorial ATP Challenger,tennis tournament,ATP Challenger Tour,tennis,2014-01-01
Tennis at the Island Games,tennis tournament,Island Games,tennis,1991-01-01
Poprad-Tatry ATP Challenger Tour,ATP tennis tournament,ATP Challenger Tour,tennis,2015-01-01
Manila Challenger,tennis tournament,ATP Challenger Tour,tennis,2016-01-01
ATP Challenger Corrientes,tennis tournament,ATP Challenger Tour,tennis,2015-01-01
KPIT MSLTA Challenger,tennis tournament,ATP Challenger Tour,tennis,2014-01-01
Indore Open ATP Challenger,tennis tournament,ATP Challenger Tour,tennis,2014-01-01
Shenzhen Open (WTA),WTA tennis tournament,Shenzhen Open,tennis,2013-01-01
San Marino CEPU Open,ATP tennis tournament,San Marino Open,tennis,1988-01-01
