col0,col1,col2,col3,col4,col5
2022 Badminton World Championships,Japan,Tokyo,2023 Badminton World Championships,badminton,2022 Badminton World Championships – Men's doubles
2021 Badminton World Championships,Spain,Huelva,2022 Badminton World Championships,badminton,2021 Badminton World Championships – Men's doubles
2019 Badminton World Championships,Switzerland,Münchenstein,2021 Badminton World Championships,badminton,2019 Badminton World Championships – Qualification
2018 Badminton World Championships,People's Republic of China,Nanjing,2019 Badminton World Championships,badminton,2018 Badminton World Championships – Qualification
