col0,col1,col2,col3
San Francisco Gotera,Morazán Department,1875-07-08,301
El Divisadero,Morazán Department,1543-01-01,274
Nueva Granada,Usulután Department,1907-05-15,356
Santa Tecla,La Libertad Department,1854-01-01,931
San Miguel,San Miguel Department,1530-01-01,129
Santa Ana,Santa Ana Department,1569-01-01,665
Concepción de Ataco,Ahuachapán Department,1770-01-01,1240
Ahuachapán,Ahuachapán Department,1862-01-01,799
Sonsonate,Sonsonate Department,1553-01-01,246
La Unión,La Unión Department,1865-01-01,52
El Triunfo,Usulután Department,1680-01-15,470
Santiago de María,Usulután Department,1896-04-27,923
