col0,col1,col2,col3,col4,col5
221 Rostelecom Cup,Cup of Russia,2011–2012 Grand Prix of Figure Skating Final,senior,2011/11/01,Rostelecom
2205 Cup of China,Cup of China,2005–2006 Grand Prix of Figure Skating Final,senior,2005/11/01,Samsung Anycall
2005 Skate Canad International,Skate Canada International,2005–2006 Grand Prix of Figure Skating Final,senior,2005/10/01,Mastercard
004 Skate Canada International,Skate Canada International,2004–2005 Grand Prix of Figure Skating Final,senior,2004/10/01,Mastercard
2013 up of China,Cup of China,2013–14 Grand Prix of Figure Skating Final,senior,2013/11/01,Lexus
207 Skate Canada International,Skate Canada International,2007–2008 Grand Prix of Figure Skating Final,senior,2007/11/01,HomeSense
2010 Cup of Rutia,Cup of Russia,2010–2011 Grand Prix of Figure Skating Final,senior,2010/11/01,Rostelecom
2009 Rosteleco Cup,Cup of Russia,2009–2010 Grand Prix of Figure Skating Final,senior,2009/10/01,Rostelecom
2010 Cup of Chkna,Cup of China,2010–2011 Grand Prix of Figure Skating Final,senior,2010/11/01,Samsung Anycall
2009 Cup of Chiqa,Cup of China,2009–2010 Grand Prix of Figure Skating Final,senior,2009/01/01,Samsung Anycall
4016 Cup of China,Cup of China,2016–17 Grand Prix of Figure Skating Final,senior,2016/11/01,Audi
205 Cup of China,Cup of China,2015–16 Grand Prix of Figure Skating Final,senior,2015/11/01,Audi
