col0,col1,col2,col3
GDR Badminton Oberliga 1974/1975,team championships,GDR Badminton Oberliga 1975/1976,GDR Badminton Oberliga 1973/1974
GDR Badminton Oberliga 1972/1973,team championships,GDR Badminton Oberliga 1973/1974,GDR Badminton Oberliga 1971/1972
GDR Badminton Oberliga 1970/1971,team championships,GDR Badminton Oberliga 1971/1972,GDR Badminton Oberliga 1969/1970
GDR Badminton Oberliga 1968/1969,team championships,GDR Badminton Oberliga 1969/1970,GDR Badminton Oberliga 1967/1968
GDR Badminton Oberliga 1966/1967,team championships,GDR Badminton Oberliga 1967/1968,GDR Badminton Oberliga 1965/1966
GDR Badminton Oberliga 1965/1966,team championships,GDR Badminton Oberliga 1966/1967,GDR Badminton Oberliga 1964/1965
GDR Badminton Oberliga 1963/1964,team championships,GDR Badminton Oberliga 1964/1965,GDR Badminton Oberliga 1962/1963
GDR Badminton Oberliga 1964/1965,team championships,GDR Badminton Oberliga 1965/1966,GDR Badminton Oberliga 1963/1964
