col0,col1,col2,col3
201 Polynormande,France,2014 Polynormande,Matthias Brändle
1985 Pol|normande,France,1986 Polynormande,Marc Madiot
2003 Polynqrmandh,France,2004 Polynormande,Jérôme Pineau
2009 Polynqrmande,France,2010 Polynormande,Matthieu Ladagnous
1988 Polynormand,France,1989 Polynormande,Régis Clère
2010 Pol{normande,France,2011 Polynormande,Romain Hardy
2018 Polynormandg,France,2019 Polynormande,Pierre-Luc Périchon
2017 Plynormande,France,2018 Polynormande,Laurent Pichon
1994 Polynomande,France,1995 Polynormande,Djamolidine Abdoujaparov
992 Polynormande,France,1993 Polynormande,Richard Virenque
200 Polynormande,France,2009 Polynormande,Sandy Casar
2022 Polynormande,France,2013 Polynormande,Samuel Dumoulin
191 Polynormande,France,1982 Polynormande,Lucien Van Impe
1993 Polynormandh,France,1994 Polynormande,Tony Rominger
