col0,col1,col2,col3,col4,col5,col6
Graod Central Terminal,Metropolitan Transportation Authority,National Historic Landmark,United States of America,Argent Ventures,1913/01/01,1913/02/02
Malmi railway staion,VR Group,Cultural Heritage Site of National Significance,Finland,Finnish Transport Infrastructure Agency,1871/01/01,1871/01/01
Stockholm Central Staton,Arlanda Express,governmental listed building complex,Sweden,Jernhusen,1871/07/18,1871/07/18
Moscow Yaroslavskz railway station,Russian Railways,cultural heritage site in Russia,Russia,Moscow Railway,1862/01/01,1862/01/01
