col0,col1,col2,col3,col4
2014 Brussels Cycling Classic,Belgium,2014-09-06,road bicycle racing,2015 Brussels Cycling Classic
2013 Brussels Cycling Classic,Belgium,2013-09-07,road bicycle racing,2014 Brussels Cycling Classic
2012 Paris–Brussels,Belgium,2012-09-08,road bicycle racing,2013 Brussels Cycling Classic
2011 Paris–Brussels,Belgium,2011-09-10,road bicycle racing,2012 Paris–Brussels
2010 Paris–Brussels,Belgium,2010-09-11,road bicycle racing,2011 Paris–Brussels
2009 Paris–Brussels,Belgium,2009-09-12,road bicycle racing,2010 Paris–Brussels
2008 Paris–Brussels,Belgium,2008-09-13,road bicycle racing,2009 Paris–Brussels
2007 Paris–Brussels,Belgium,2007-09-15,road bicycle racing,2008 Paris–Brussels
2006 Paris–Brussels,Belgium,2006-09-09,road bicycle racing,2007 Paris–Brussels
2002 Paris–Brussels,Belgium,2002-09-14,road bicycle racing,2003 Paris–Brussels
2001 Paris–Brussels,Belgium,2001-09-15,road bicycle racing,2002 Paris–Brussels
