col0,col1,col2,col3
Oppidum Závist,cultural monument of the Czech Republic,Lhota,Czech Republic
Lenensburg,Kulturdenkmal,Kressbronn am Bodensee,Germany
Houbirg,Kulturdenkmal,Happurg,Germany
Heidetrank Oppidum,Kulturdenkmal,Oberursel,Germany
Glauberg,Kulturdenkmal,Hesse,Germany
Calleva Atrebatum,scheduled monument,Hampshire,United Kingdom
Camp de Bierre,bien recensé dans l'inventaire général du patrimoine culturel,Merri,France
Penchâteau protohistoric camp,registered historic monument,Le Pouliguen,France
