col0,col1,col2,col3,col4,col5,col6
1970 European Athletics Junior Championships,1970-01-01,European Athletic Association,1970-09-13,1973 European Athletics Junior Championships,1968 European Junior Games,athletics
2005 European Athletics Junior Championships,2005-01-01,European Athletic Association,2005-07-24,2007 European Athletics Junior Championships,2003 European Athletics Junior Championships,athletics
1993 European Athletics Junior Championships,1993-01-01,European Athletic Association,1993-08-01,1995 European Athletics Junior Championships,1991 European Athletics Junior Championships,athletics
1975 European Athletics Junior Championships,1975-01-01,European Athletic Association,1975-08-26,1977 European Athletics Junior Championships,1973 European Athletics Junior Championships,athletics
