col0,col1,col2,col3
"Capo Palinuro, Punta degli Infreschi and the Mount Bulgheria region",Italy,"Cilento and Vallo di Diano National Park with the Archeological Sites of Paestum and Velia, and the Certosa di Padula",part of World Heritage Site
Punta Licosa and the Mount Stella region,Italy,"Cilento and Vallo di Diano National Park with the Archeological Sites of Paestum and Velia, and the Certosa di Padula",part of World Heritage Site
Daursky SNBR and Valley of Dzeren Nature Refuge,Russia,Landscapes of Dauria,part of World Heritage Site
Lone Valley,Germany,Caves and Ice Age Art in the Swabian Jura,part of World Heritage Site
