col0,col1,col2,col3,col4,col5,col6
2011 Hungarian International Badminton Championships,2011 Hungarian International Badminton Championships – Men's singles,Hungary,Budaörs,2012 Hungarian International Badminton Championships,2011-01-01,open championship
2010 Hungarian International Badminton Championships,2010 Hungarian International Badminton Championships – Men's singles,Hungary,Budaörs,2011 Hungarian International Badminton Championships,2010-01-01,open championship
2009 Hungarian International Badminton Championships,2009 Hungarian International Badminton Championships – Men's singles,Hungary,Budapest,2010 Hungarian International Badminton Championships,2009-01-01,open championship
2008 Hungarian International Badminton Championships,2008 Hungarian International Badminton Championships – Men's singles,Hungary,Budapest,2009 Hungarian International Badminton Championships,2008-01-01,open championship
2007 Hungarian International Badminton Championships,2007 Hungarian International Badminton Championships – Men's singles,Hungary,Budapest,2008 Hungarian International Badminton Championships,2007-01-01,open championship
2006 Hungarian International Badminton Championships,2006 Hungarian International Badminton Championships – Men's singles,Hungary,Budapest,2007 Hungarian International Badminton Championships,2006-01-01,open championship
2005 Hungarian International Badminton Championships,2005 Hungarian International Badminton Championships – Men's singles,Hungary,Budapest,2006 Hungarian International Badminton Championships,2005-01-01,open championship
1988 Hungarian International Badminton Championships,1988 Hungarian International Badminton Championships – Men's singles,Hungary,Budapest,1989 Hungarian International Badminton Championships,1988-01-01,open championship
1980 Hungarian International Badminton Championships,1980 Hungarian International Badminton Championships – Men's singles,Hungary,Budapest,1981 Hungarian International Badminton Championships,1980-01-01,open championship
1976 Hungarian International Badminton Championships,1976 Hungarian International Badminton Championships – Men's singles,Hungary,Budapest,1978 Hungarian International Badminton Championships,1976-01-01,open championship
1984 Hungarian International Badminton Championships,1984 Hungarian International Badminton Championships – Men's singles,Hungary,Budapest,1985 Hungarian International Badminton Championships,1984-01-01,open championship
1985 Hungarian International Badminton Championships,1985 Hungarian International Badminton Championships – Men's singles,Hungary,Budapest,1986 Hungarian International Badminton Championships,1985-01-01,open championship
1986 Hungarian International Badminton Championships,1986 Hungarian International Badminton Championships – Men's singles,Hungary,Budapest,1987 Hungarian International Badminton Championships,1986-01-01,open championship
1982 Hungarian International Badminton Championships,1982 Hungarian International Badminton Championships – Men's singles,Hungary,Budapest,1983 Hungarian International Badminton Championships,1982-01-01,open championship
