col0,col1,col2,col3,col4
"Semantics, Analytics, Visualisation: Enhancing Scholarly Dissemination Workshop co-located with The Web Conference 2018",Palais des congrès de Lyon,SAVE-SD 2018,Alejandra González-Beltrán,2018-04-24
The Ninth International Workshop on Health Text Mining  and Information Analysis,Brussels,LOUHI 2018,Fabio Rinaldi,2018-01-01
1st International Workshop on Approaches for Making Data Interoperable,Karlsruhe,AMAR 2019,María-Esther Vidal,2019-09-09
6th Workshop on Argument Mining,Florence,ArgMining 2019,Iryna Gurevych,2019-08-01
