col0,col1,col2,col3
V* TT Lib,long period variable,0.0459,4500
V* UW Vol,long period variable,0.2446,3200
V* V983 Sgr,long period variable,0.1023,3000
IRAS 07448-3831,long period variable,0.0643,4500
V* CM Ser,long period variable,0.0872,3000
V* CN Aqr,long period variable,0.1374,4009
V* PZ TrA,Mira variable,0.0059,3000
V* V655 Cen,long period variable,0.4314,3400
V* BT Ara,long period variable,0.6841,3200
V* OW Tel,long period variable,0.3734,3000
V* BP Sgr,long period variable,0.579,4637
V* V636 CrA,long period variable,0.0961,3200
