col0,col1,col2,col3
Grosvenor Gardens House,Grade II listed building,City of Westminster,châteauesque
Torre Urquinaona,Cultural Asset part of the architectural heritage of Catalonia,Barcelona,rationalism
The Gables,Grade II listed building,London Borough of Haringey,Arts and Crafts movement
Romeo und Julia,Kulturdenkmal,Stuttgart,organic architecture
Hochhaus an der Weberwiese,Kulturdenkmal,Friedrichshain-Kreuzberg,Stalinist architecture
Monadnock Building,place listed on the National Register of Historic Places,Chicago,Chicago School
Trellick Tower,Grade II* listed building or structure,Royal Borough of Kensington and Chelsea,brutalist architecture
Unité d'Habitation of Berlin,architectural heritage monument,Charlottenburg-Wilmersdorf,brutalist architecture
Lloyd's building,Grade I listed building,City of London,high-tech architecture
Palace Albanija,protected cultural monument in Serbia,Belgrade,Modern Movement
Neue Mainzer Straße 32–36,Kulturdenkmal,Innenstadt,International Style
Loews Philadelphia Hotel,National Historic Landmark,Philadelphia,International Style
Stadthaus,architectural heritage monument in North Rhine-Westphalia,Krefeld,Modern Movement
clock tower of Jaca,Bien de Interés Cultural,Jaca,Gothic architecture
