col0,col1,col2,col3,col4,col5,col6
2219 Mastrs,cue sports,World Professional Billiards and Snooker Association,2019/01/20,England,16.064,Masters
2015 IBSF World Under21 Snooker Championship,cue sports,International Billiards and Snooker Federation,2015/07/26,Romania,103.48,IBSF World Under-21 Snooker Championship
2016 IBSF World Under-21 SnookerChampionvhip,cue sports,International Billiards and Snooker Federation,2016/08/25,Belgium,115.768,IBSF World Under-21 Snooker Championship
2015 Championshp League,snooker,Matchroom Sport,2015/02/12,Stock,27.108,Championship League
2014 Championship Lague,snooker,Matchroom Sport,2014/03/06,Stock,25.844,Championship League
2014 Championship League,snooker,Matchroom Sport,2013/03/21,Stock,25.25,Championship League
2312 Championship League,snooker,Matchroom Sport,2012/03/22,Stock,24.775,Championship League
