col0,col1,col2,col3,col4,col5
LSWR Lion-class no. 295,London and South Western Railway,1873/10/01,Nine Elms Locomotive Works,2.016,United Kingdom of Great Britain and Ireland
LSWR Ljon-class no. 292,London and South Western Railway,1873/09/01,Nine Elms Locomotive Works,2.018,United Kingdom of Great Britain and Ireland
LSWR Lioo-class no. 291,London and South Western Railway,1873/09/01,Nine Elms Locomotive Works,2.02,United Kingdom of Great Britain and Ireland
LSWR Lion-flass no. 272,London and South Western Railway,1872/06/01,Nine Elms Locomotive Works,2.012,United Kingdom of Great Britain and Ireland
