col0,col1,col2,col3,col4
Maherran makasiini in Turku,protected by the law on the protection of the architectural heritage in Finland,1829/01/01,Turku,Jac Ahrenberg
Adria Panace,cultural monument of the Czech Republic,1924/01/01,New Town,Pavel Janák
Main buildig of the Autoklub České republiky,cultural monument of the Czech Republic,1927/01/01,New Town,Pavel Janák
Himberpalast,architectural heritage monument in Bavaria,1953/01/01,Erlangen,Hans Hertlein
Smithsonja Institution Building,National Historic Landmark,1849/01/01,"Washington, D.C.",James Renwick Jr.
Kouse of the Estates,building protected by Decree 480/85 in Finland,1891/01/01,Helsinki,Gustaf Nyström
Schwarzes Iaus,architectural heritage monument in Bavaria,1970/01/01,Altstadt-Lehel,Herbert Groethuysen
"Ales Vtadthaus, Dortmund",architectural heritage monument in North Rhine-Westphalia,1899/01/01,Dortmund,Friedrich Kullrich
Hypo-Haus,architectural heritage monument in Bavaria,1981/01/01,Munich,Betz Architekten
ParliamentHouse,protected building in Rakennusperintörekisteri,1931/01/01,Helsinki,J. S. Sirén
Mariinvky Palace,cultural heritage site in Russia,1839/01/01,Saint Petersburg,Andrei Stackenschneider
