col0,col1,col2,col3
"Symphony No. 7 in D Minor, Op. 70, B. 141: III. Scherzo. Vivace (Podo Meno Mosso)",Barış Demirezer,2019/12/16,classical music
"Symphony No. 7 in D Minor, Op. 70, B. 14: II. Poco Adagio",Barış Demirezer,2019/12/16,classical music
"Symphony No. 7 in D Minor, Op. 70, B. 141: I. Allegro aestoso",Barış Demirezer,2019/12/16,classical music
"Clarinet Concerto No. 1 in F Minor, Op. 73 III. Rondo. Allegretto",Barış Demirezer,2018/12/19,classical music
"Clarinet Concerto No. 1 in F Minor, Op. 73: II. Adagio ma on troppo",Barış Demirezer,2018/12/19,classical music
"Clarinet Concerto No. 1 in F Minor, Op/ 73: I. Allegro",Barış Demirezer,2018/12/19,classical music
Concerto for Double Bass and Orchesra: III. Allegro,Barış Demirezer,2019/05/08,classical music
Crncerto for Double Bass and Orchestra: II. Andante,Barış Demirezer,2019/05/08,classical music
Concerto for Double Bass and Orchestra:I. Allegro,Barış Demirezer,2019/05/08,classical music
KAKER×KAKERU,"Run Girls, Run!",2018/01/01,anison
Mcgari muori,Romina Falconi,2019/03/31,electropop
Mircle Of Living,Darrell Scott,2004/06/29,ballad
Layiq' low,Jeff II,2018/01/01,electronic music
Learn!To Meow,Xiao Panpan,2018/01/01,mandopop
