col0,col1,col2,col3
Haarasilta 1,Sysmä,Finland,registered archaeological site in Finland
Vasikkahaka,Sysmä,Finland,registered archaeological site in Finland
Korsunlahti,Rautalampi,Finland,registered archaeological site in Finland
Kalmukangas,Saarijärvi,Finland,registered archaeological site in Finland
Aimalankangas,Lempäälä,Finland,registered archaeological site in Finland
Jokimaa,Urjala,Finland,registered archaeological site in Finland
Fastarby gård,Raseborg,Finland,registered archaeological site in Finland
