col0,col1,col2,col3
Abierto GNP Seguros,tennis,Club Sonoma,2009-01-01
Maharashtra Open,tennis,Shree Shiv Chhatrapati Sports Complex,1996-01-01
Tres Marias Championship,golf,Tres Marias Golf Club,2005-01-01
Austrian Open Kitzbühel,tennis,Tennis Stadium Kitzbühel,1894-01-01
Cincinnati Masters,tennis,Lindner Family Tennis Center,1899-01-01
Charleston Open,tennis,Family Circle Tennis Center,1973-01-01
Mexican Open,tennis,Princess Mundo Imperial,1993-01-01
ATP Finals,tennis,The O2 Arena,1970-01-01
