col0,col1,col2,col3
1923 Irish Badminton Championships,1923-01-01,1923 Irish Badminton Championships – Men's doubles,1922 Irish Badminton Championships
1922 Irish Badminton Championships,1922-01-01,1922 Irish Badminton Championships – Men's singles,1921 Irish Badminton Championships
1921 Irish Badminton Championships,1921-01-01,1921 Irish Badminton Championships – Women's singles,1920 Irish Badminton Championships
1920 Irish Badminton Championships,1920-01-01,1920 Irish Badminton Championships – Men's singles,1914 Irish Badminton Championships
1914 Irish Badminton Championships,1914-01-01,1914 Irish Badminton Championships – Men's doubles,1913 Irish Badminton Championships
2015 Irish Badminton Championships,2015-01-01,2015 Irish Badminton Championships – Men's doubles,2014 Irish Badminton Championships
2014 Irish Badminton Championships,2014-01-01,2014 Irish Badminton Championships – Men's doubles,2013 Irish Badminton Championships
2013 Irish Badminton Championships,2013-01-01,2013 Irish Badminton Championships – Men's doubles,2012 Irish Badminton Championships
2012 Irish Badminton Championships,2012-01-01,2012 Irish Badminton Championships – Men's doubles,2011 Irish Badminton Championships
2011 Irish Badminton Championships,2011-01-01,2011 Irish Badminton Championships – Men's doubles,2010 Irish Badminton Championships
2009 Irish Badminton Championships,2009-01-01,2009 Irish Badminton Championships – Men's doubles,2008 Irish Badminton Championships
