col0,col1,col2,col3
"Horses : their varieties, breeding, and management in health and disease",English,1849-01-01,Dublin
Uber due durecte ekectrische Reizung des Saugethierherzens,German,1873-01-01,Vienna
Moluscos,Spanish,1881-01-01,Buenos Aires
The bacteriology of surface waters in the tropics,English,1912-01-01,Kolkata
"Sumatra, zijne plantenwereld en hare voortbrengselen",Dutch,1862-01-01,Amsterdam
"Vipera Pythia : id est, De viperae natura, veneno, medicina, demonstrationes, & experimenta nova",Latin,1651-01-01,Padua
