col0,col1,col2,col3,col4,col5
avenue Trudaine,450,France,Rue des Martyrs,29.75,9th arrondissement of Paris
avenue Sully-Prudhomme,122,France,quai d'Orsay,15,7th arrondissement of Paris
avenue Taillade,60,France,rue Frédérick-Lemaître,12,20th arrondissement of Paris
avenue Simon-Bolivar,1335,France,rue Édouard-Pailleron,20,19th arrondissement of Paris
avenue Stéphane-Mallarmé,210,France,avenue de Villiers,30,17th arrondissement of Paris
avenue Théodore-Rousseau,92,France,place Rodin,12,16th arrondissement of Paris
