col0,col1,col2,col3,col4
South Devon Railway “Taurus”,United Kingdom of Great Britain and Ireland,United Kingdom of Great Britain and Ireland,0-6-0ST,1905-04-01
Cowes and Newport Railway 2 “Precursor”,United Kingdom of Great Britain and Ireland,United Kingdom of Great Britain and Ireland,2-2-2T,1901-01-01
Spremberger Stadtbahn 12,Weimar Republic,Weimar Republic,0-4-0T,1968-01-01
Shannon,United Kingdom of Great Britain and Ireland,United Kingdom,0-4-0T,1945-12-01
Rheidol,United Kingdom of Great Britain and Ireland,United Kingdom,2-4-0T,1924-01-01
Spremberger Stadtbahn 11,Weimar Republic,Weimar Republic,0-6-0T,1968-01-01
