col0,col1,col2,col3
1957 Swedish Badminton Championships,badminton,Borås,1958 Swedish Badminton Championships
1954 Swedish Badminton Championships,badminton,Malmö,1955 Swedish Badminton Championships
1953 Swedish Badminton Championships,badminton,Stockholm,1954 Swedish Badminton Championships
1950 Swedish Badminton Championships,badminton,Malmö,1951 Swedish Badminton Championships
1949 Swedish Badminton Championships,badminton,Stockholm,1950 Swedish Badminton Championships
1947 Swedish Badminton Championships,badminton,Gothenburg,1948 Swedish Badminton Championships
