col0,col1,col2,col3,col4,col5
Tropical storm Lorenzo,2013 Atlantic hurricane season,2013-10-24,2013-10-21,Atlantic hurricane,1000
Tropical storm Karen,2013 Atlantic hurricane season,2013-10-06,2013-10-03,Atlantic hurricane,998
Tropical storm Jerry,2013 Atlantic hurricane season,2013-10-03,2013-09-29,Atlantic hurricane,1005
Tropical storm Gabrielle,2013 Atlantic hurricane season,2013-09-13,2013-09-04,Atlantic hurricane,1003
Tropical storm Erin,2013 Atlantic hurricane season,2013-08-18,2013-08-15,Atlantic hurricane,1006
Tropical storm Dorian,2013 Atlantic hurricane season,2013-08-03,2013-07-23,Atlantic hurricane,1002
Tropical storm Chantal,2013 Atlantic hurricane season,2013-07-10,2013-07-07,Atlantic hurricane,1003
Tropical storm Lorenzo (2001),2001 Atlantic hurricane season,2001-10-31,2001-10-27,Atlantic hurricane,1007
Tropical storm Grace,1997 Atlantic hurricane season,1997-10-17,1997-10-16,Atlantic hurricane,999
Tropical storm Fabian,1997 Atlantic hurricane season,1997-10-08,1997-10-04,Atlantic hurricane,994
Tropical storm Claudette,1997 Atlantic hurricane season,1997-07-16,1997-07-13,Atlantic hurricane,1003
Tropical storm Ana,1997 Atlantic hurricane season,1997-07-04,1997-06-30,Atlantic hurricane,1000
Tropical storm Florida (1997),1997 Atlantic hurricane season,1997-06-02,1997-06-01,Atlantic hurricane,1003
