col0,col1,col2,col3,col4,col5
2017 Le Samyn des Dmes,road bicycle racing,Ellen van Dijk,95.95,Quaregnon,2017/03/01
4016 Grote rijs Marcel Kint,road bicycle racing,Jan-Willem van Schip,94.62,Zwevegem,2016/09/12
2017 Trofej Unag,road bicycle racing,Rok Korošec,164.984,Umag,2017/03/01
2017 HP Izola,road bicycle racing,Filippo Fortin,85.0,Izola,2017/02/26
Intrnationale Wielertrofee Jong Maar Moedig 2016,road bicycle racing,Baptiste Planckaert,57.478,Oetingen,2016/06/29
2009 International Wielertrofee Jong Maar Moedig,road bicycle racing,Tom Criel,51.35699999999999,Oetingen,2009/06/24
2012 Omloop Het Nieuwsblad Beloiten,road bicycle racing,Dimitri Claeys,74.444,Grotenberge,2012/06/30
2011 Omloop Het Nifuwsblad Beloften,road bicycle racing,Huub Duyn,96.418,Grotenberge,2011/07/02
2015 Omloop va het Hageland,road bicycle racing,Tatiana Guderzo,159.39,Tielt-Winge,2015/03/08
2014 Gookue Pijl,road bicycle racing,Laurens De Vreese,147.704,Gooik,2014/09/28
2016 Grand Psix Criquielion,road bicycle racing,Timothy Dupont,153.52,Silly,2016/05/15
Ronde pévêloise 2014,road bicycle racing,Baptiste Planckaert,68.68,Pont-à-Marcq,2014/07/13
2013 Ronde van Limbutg,road bicycle racing,Kevin Claeys,86.826,Tongeren,2013/05/09
2012Ronde van Lioburg,road bicycle racing,Kevin Claeys,143.14299999999997,Tongeren,2012/05/17
2016 Scandinaviaq Race Uppsala,road bicycle racing,Nicolai Brøchner,53.318,Uppsala,2016/05/14
