col0,col1,col2,col3,col4,col5
1985 Ronde van Limburg,Belgium,1984 Ronde van Limburg,Eric Vanderaerden,1985-03-03,road bicycle racing
1968 Ronde van Limburg,Belgium,1967 Ronde van Limburg,Leo Duyndam,1968-03-03,road bicycle racing
1977 Ronde van Limburg,Belgium,1976 Ronde van Limburg,Marcel Laurens,1977-03-06,road bicycle racing
1988 Ronde van Limburg,Belgium,1987 Ronde van Limburg,Peter Pieters,1988-03-06,road bicycle racing
1987 Ronde van Limburg,Belgium,1986 Ronde van Limburg,Jean-Paul van Poppel,1987-03-01,road bicycle racing
1983 Ronde van Limburg,Belgium,1982 Ronde van Limburg,Rudy Matthijs,1983-03-06,road bicycle racing
1992 Ronde van Limburg,Belgium,1990 Ronde van Limburg,Benny Van Brabant,1992-05-31,road bicycle racing
