col0,col1,col2,col3,col4,col5,col6
Mappa Topographico do Municipio de São Paulo - Folha 21,Museu Paulista,paper,Georges Corbisier,109.1,João Baptista de Campos Aguirra Collection,77.05
Mappa Topographico do Municipio de São Paulo - Folha 41,Museu Paulista,paper,Georges Corbisier,77.05,João Baptista de Campos Aguirra Collection,109
Mappa Topographico do Municipio de São Paulo - Folha 40,Museu Paulista,paper,Georges Corbisier,77.05,João Baptista de Campos Aguirra Collection,109
Carta da Província de Mato Grosso,Museu Paulista,paper,João Lins Vieira Cansanção de Sinimbu,74,João Baptista de Campos Aguirra Collection,58.5
Tavola Doria,Naples,poplar wood,Leonardo da Vinci,86,Uffizi Gallery,115
"View of Pirna, from Sonnenstein Castle",Piazzetta,oil paint,Bernardo Bellotto,55,Department of Paintings of the Louvre,75
"View of Pirna, from Sonnenstein Castle",Gemäldegalerie Alte Meister,oil paint,Bernardo Bellotto,133,Staatliche Kunstsammlungen Dresden,234
"Jacoba of Bavaria (1401-1436), countess of Holland and Zeeland",Zeeuws Museum,wood,anonymous,64,Rijksmuseum,50
