col0,col1,col2,col3
The Early Stuff,2014-08-15,YogaVidya.com,Brian Dana Akers
Things I Learned From Mario’s Butt,2019-01-01,Unbound,Laura Kate Dale
Uncomfortable Labels: My Life as a Gay Autistic Trans Woman,2019-07-18,Jessica Kingsley Publishers,Laura Kate Dale
"The Road to Kabul: The Second Afghan War, 1878-1881",2008-10-01,The History Press,Brian Robson
Be Loved,2019-11-08,New Growth Press,Emma Mae Jenkins
Be Loved,2019-11-18,New Growth Press,Emma Mae Jenkins
All-Caps YOU: A 30-Day Adventure toward Finding Joy in Who God Made You to Be,2020-05-05,Tyndale House,Emma Mae Jenkins
All-Caps YOU: A 30-Day Adventure toward Finding Joy in Who God Made You to Be,2020-04-07,Tyndale House,Emma Mae Jenkins
Paper Knowledge: Toward a Media History of Documents,2014-03-01,Duke University Press,Lisa Gitelman
Coders at work,2009-01-01,Apress,Peter Seibel
The Otaku Encyclopedia,2014-02-28,Kodansha,Patrick W. Galbraith
The Otaku Encyclopedia,2009-01-01,Kodansha,Patrick W. Galbraith
Shiva Samhita,2007-01-01,YogaVidya.com,James Mallinson
Gheranda Samhita,2004-12-01,YogaVidya.com,James Mallinson
Paper Machines,2011-01-01,MIT Press,Markus Krajewski
