col0,col1,col2,col3,col4
Desgly Township,25900,1965-06-05,Saguenay–Lac-Saint-Jean,Louis-Philippe Mariauchau d'Esgly
Sagard Township,21855,1919-06-14,Capitale-Nationale,Gabriel Sagard
Joffre,25370,1916-09-16,Bas-Saint-Laurent,Joseph Joffre
Patton,152.1,1871-08-05,Sainte-Apolline-de-Patton,William Randall Patton
Montminy,126,1857-02-14,Saint-Paul-de-Montminy,Louis-Antoine Montminy
Hackett,258,1899-06-02,Lac-Masketsi,Michael Felix Hackett
"Laterrière (Saguenay, Québec)",202.35,1850-03-23,Saguenay,Marc-Pascal de Sales Laterrière
Sincennes Township,324,1965-12-18,Lac-Normand,Jacques-Félix Sincennes
Mékinac,238,1874-11-07,Trois-Rives,Mékinac Lake
Neilson,193,1965-12-18,Portneuf Regional County Municipality,John Neilson
Chabot,274,1863-02-14,Saint-Athanase,Jean Chabot
