col0,col1,col2,col3
Bishop Challoner Boys' School,London Borough of Tower Hamlets,2001-09-01,Roman Catholic Archdiocese of Westminster
The Fulham Boys School,London Borough of Hammersmith and Fulham,2014-01-01,Diocese of London
Saint George's Church of England School,Gravesend,1580-01-01,Diocese of Rochester
The Bishop of Winchester Academy,"Bournemouth, Christchurch and Poole",1953-01-01,Diocese of Winchester
Whitburn Church of England Academy,South Tyneside,2011-01-01,diocese of Durham
Charter Academy,Landport,1865-01-01,Diocese of Portsmouth
St Mark's Church of England Academy,London,1960-01-01,Diocese of Southwark
St Laurence School,Bradford-on-Avon,1980-01-01,Diocese of Salisbury
Shaftesbury School,Shaftesbury,2014-06-01,Diocese of Salisbury
