col0,col1,col2,col3,col4
Church of the Transfiguration in Zaslaŭje,Belarus,Belarusian Orthodox Church,Diocese of Minsk and Slutsk,Transfiguration of Jesus
Church of Saint Wenceslaus,Czech Republic,Catholic Church,Roman Catholic Diocese of Litoměřice,"Saint Wenceslaus I, Duke of Bohemia"
Church of Saint Barbara,Czech Republic,Catholic Church,Roman Catholic Diocese of Litoměřice,Saint Barbara
Saint Anne church,Czech Republic,Catholic Church,Roman Catholic Diocese of Litoměřice,Saint Anne
