col0,col1,col2,col3,col4,col5,col6,col7
2008 Icelandic Badminton Championships,2008-01-01,national championship,2008 Icelandic Badminton Championships – Men's singles,Reykjavík,2007 Icelandic Badminton Championships,badminton,Iceland
1969 Icelandic Badminton Championships,1969-01-01,national championship,1969 Icelandic Badminton Championships – Men's singles,Reykjavík,1968 Icelandic Badminton Championships,badminton,Iceland
1950 Icelandic Badminton Championships,1950-01-01,national championship,1950 Icelandic Badminton Championships – Men's singles,Reykjavík,1949 Icelandic Badminton Championships,badminton,Iceland
2010 Icelandic Badminton Championships,2010-01-01,national championship,2010 Icelandic Badminton Championships – Men's singles,Reykjavík,2009 Icelandic Badminton Championships,badminton,Iceland
