col0,col1,col2,col3,col4
Wright County,7.4,714,Minnesota,Sherburne County
Waseca County,2.2,433,Minnesota,Rice County
Steele County,0.6,1119,Minnesota,Rice County
Stevens County,2,1490,Minnesota,Swift County
Kandiyohi County,7.6,2232,Minnesota,Swift County
Lyon County,1,1869,Minnesota,Yellow Medicine County
Lincoln County,2.1,1420,Minnesota,Yellow Medicine County
Sherburne County,4,1168,Minnesota,Wright County
Freeborn County,2.1,1872,Minnesota,Steele County
Rice County,3.9,1337,Minnesota,Steele County
Stearns County,3.4,3600,Minnesota,Kandiyohi County
Meeker County,5.7,1671,Minnesota,Kandiyohi County
Kanabec County,2.3,1381,Minnesota,Chisago County
Rock County,0.06,1251,Minnesota,Lyon County
