col0,col1,col2,col3
Riserva naturale Bosco Pantano di Policoro,Policoro,World Wide Fund for Nature (Italy),IUCN category IV: Habitat/Species Management Area
Riserva naturale guidata Gole del Sagittario,Anversa degli Abruzzi,World Wide Fund for Nature (Italy),IUCN category IV: Habitat/Species Management Area
Piramidi di Zone,Province of Brescia,"Zone, Lombardy",IUCN category IV: Habitat/Species Management Area
Riserva naturale Valsolda,Province of Como,Ente regionale per i servizi all'agricoltura e alle foreste,IUCN category Ia: Strict Nature Reserve
