col0,col1,col2,col3
"Safety, Immunogenicity and Dose Ranging Study of Inactivated Zika Virus Vaccine in Healthy Adult Participants",phase I clinical trial,2017-11-13,Clinical Research of South Florida
Study of GLS-5700 in Dengue Virus Seropositive Adults,phase I clinical trial,2016-08-31,"University of Puerto Rico, Río Piedras Campus"
VRC 705: A Zika Virus DNA Vaccine in Healthy Adults and Adolescents,phase II clinical trial,2017-03-29,Baylor College of Medicine
"Zika-Vaccine Dose Finding Study Regarding Safety, Immunogenicity and Tolerability",phase I clinical trial,2017-04-04,"Medical University of Vienna, University Library"
