col0,col1,col2,col3
Extension:PushToWatch,PHP,SkinTemplateOutputPageBeforeExec,"GNU General Public License, version 2.0 or later"
Extension:RSSpublisher,MediaWiki,SkinBuildSidebar,Creative Commons Attribution-ShareAlike 4.0 International
Extension:WikiLovesMonuments,MediaWiki,SkinBuildSidebar,"GNU General Public License, version 2.0"
Extension:SNSButtonsInSidebar,MediaWiki,SkinBuildSidebar,"GNU General Public License, version 2.0"
Extension:HyperComments,MediaWiki,SkinAfterBottomScripts,"GNU General Public License, version 2.0"
Extension:GroupsSidebar,MediaWiki,SkinBuildSidebar,"GNU General Public License, version 3.0"
Extension:Safe Delete,MediaWiki,SkinTemplateNavigation,MIT license
Extension:Google AdSense,MediaWiki,SkinBuildSidebar,MIT license
Extension:CategoryMembersOnSidebar,MediaWiki,SkinBuildSidebar,MIT license
Extension:StatCounter.com Integration,MediaWiki,SkinBuildSidebar,public domain
Extension:NewsBox,MediaWiki,SkinBuildSidebar,public domain
Extension:Quantcast,MediaWiki,SkinAfterBottomScripts,public domain
Extension:YotpoReviews,MediaWiki,SkinAfterContent,GNU General Public License
Extension:CSS MenuSidebar,MediaWiki,SkinBuildSidebar,GNU General Public License
Extension:VigLink,MediaWiki,SkinAfterBottomScripts,GNU General Public License
