col0,col1,col2,col3
'Elb Zra',Tombouctou Region,274,Mali
Kamalényouma,Koulikoro Region,297,Mali
Hombori Ondo,Mopti Region,327,Mali
Karouassa,Mopti Region,278,Mali
I-n-Tabakat,Mopti Region,259,Mali
Dune d'Issouk,Mali,359,Mali
'Aklé,Mali,231,Mali
Les Blanche Banques,Jersey,74,Jersey
El Guelb,Trarza Region,53,Mauritania
Amsâ'id,Trarza Region,65,Mauritania
'Alâb Ej'jerk,Trarza Region,55,Mauritania
Aoukâr,Trarza Region,50,Mauritania
Barâouîya el Beïḍa,Trarza Region,41,Mauritania
Aghaouj,Trarza Region,32,Mauritania
Azguiyet er Raouda,Trarza Region,9,Mauritania
