col0,col1,col2,col3
Penn State Brandywine,baccalaureate colleges: diverse fields,"25 Yearsley Mill Road, Media, PA, 19063-5522",1967-01-01
Penn State Abington,baccalaureate colleges: diverse fields,"1600 Woodland Road, Abington, PA, 19001-3918",1950-01-01
Ottawa University,baccalaureate colleges: diverse fields,"1001 South Cedar, Ottawa, KS, 66067-3399",1865-01-01
"Marymount College, Palos Verdes",baccalaureate colleges: diverse fields,"30800 Palos Verdes Drive East, Rancho Palos Verdes, CA, 90275-6299",1932-01-01
Harrisburg University of Science and Technology,master's colleges and universities: small programs,"326 Market Street, Harrisburg, PA, 17101-2208",2001-01-01
Lock Haven University of Pennsylvania,master's colleges and universities: medium programs,"401 North Fairview Street, Lock Haven, PA, 17745-2390",1870-01-01
Acupuncture and Massage College,special focus four-year: other health professions schools,"10506 N Kendall Drive, Miami, FL 33176",1983-01-01
Community College of Beaver County,associate's colleges: mixed transfer/career & technical-high traditional,"1 Campus Drive, Monaca, PA, 15061-2588",1966-01-01
