col0,col1,col2,col3
Shidong,UTC+08:00,54347,146
"Sanhe, Renhuai",UTC+08:00,26583,910
"Yanzhuang, Yuanping",UTC+08:00,21791,838
"Xijiang, Guizhou",UTC+08:00,19318,833
Langmusi,UTC+08:00,5054,3325
Chenfu Township,UTC+08:00,10478,17
Mohan,UTC+08:00,18547,850
Mangqu,UTC+08:00,15609,3200
"Lucheng, Jincheng",UTC+08:00,14308,1171
"Loudi, Hebei",UTC+08:00,39027,218
Jiaotanzhuang,UTC+08:00,6576,528
"Lucheng, Yunnan",UTC+08:00,221252,1785
Yanjiao,UTC+08:00,72747,93
Zhuolu Town,UTC+08:00,72538,528
"Longtou, Guangdong",UTC+08:00,55159,128
