col0,col1,col2,col3,col4,col5,col6
2018 UCI Road World Championships – Women's road race,2018-09-29,2017 UCI Road World Championships – Women's road race,road bicycle racing,2019 UCI Road World Championships – Women's road race,Tatiana Guderzo,2018 UCI Road World Championships
2017 UCI Road World Championships – Women's road race,2017-09-23,2016 UCI Road World Championships – Women's road race,road bicycle racing,2018 UCI Road World Championships – Women's road race,Chantal Blaak,2017 UCI Road World Championships
2016 UCI Road World Championships – Women's road race,2016-10-15,2015 UCI Road World Championships – Women's road race,road bicycle racing,2017 UCI Road World Championships – Women's road race,Kirsten Wild,2016 UCI Road World Championships
2015 UCI Road World Championships – Women's road race,2015-01-01,2014 UCI Road World Championships – Women's road race,road bicycle racing,2016 UCI Road World Championships – Women's road race,Lizzie Deignan,2015 UCI Road World Championships
2014 UCI Road World Championships – Women's road race,2014-01-01,2013 UCI Road World Championships – Women's road race,road bicycle racing,2015 UCI Road World Championships – Women's road race,Lisa Brennauer,2014 UCI Road World Championships
2004 UCI Road World Championships – Women's road race,2004-01-01,2003 UCI Road World Championships – Women's road race,road bicycle racing,2005 UCI Road World Championships – Women's road race,Judith Arndt,2004 UCI Road World Championships
1964 UCI Road World Championships – Women's road race,1964-01-01,1963 UCI Road World Championships – Women's road race,cycle sport,1965 UCI Road World Championships – Women's road race,Emīlija Sonka,1964 UCI Road World Championships
1965 UCI Road World Championships – Women's road race,1965-01-01,1964 UCI Road World Championships – Women's road race,cycle sport,1966 UCI Road World Championships – Women's road race,Elisabeth Eichholz,1965 UCI Road World Championships
2012 UCI Road World Championships – Women's road race,2012-01-01,2011 UCI Road World Championships – Women's road race,road bicycle racing,2013 UCI Road World Championships – Women's road race,Marianne Vos,2012 UCI Road World Championships
2011 UCI Road World Championships – Women's road race,2011-01-01,2010 UCI Road World Championships – Women's road race,road bicycle racing,2012 UCI Road World Championships – Women's road race,Marianne Vos,2011 UCI Road World Championships
1961 UCI Road World Championships – Women's road race,1961-01-01,1960 UCI Road World Championships – Women's road race,cycle sport,1962 UCI Road World Championships – Women's road race,Beryl Burton,1961 UCI Road World Championships
2000 UCI Road World Championships – Women's road race,2000-01-01,1999 UCI Road World Championships – Women's road race,road bicycle racing,2001 UCI Road World Championships – Women's road race,Zinaida Stahurskaya,2000 UCI Road World Championships
1998 UCI Road World Championships – Women's road race,1998-01-01,1997 UCI Road World Championships – Women's road race,road bicycle racing,1999 UCI Road World Championships – Women's road race,Diana Žiliūtė,1998 UCI Road World Championships
1960 UCI Road World Championships – Women's road race,1960-01-01,1959 UCI Road World Championships – Women's road race,cycle sport,1961 UCI Road World Championships – Women's road race,Beryl Burton,1960 UCI Road World Championships
2008 UCI Road World Championships – Women's road race,2008-01-01,2007 UCI Road World Championships – Women's road race,road bicycle racing,2009 UCI Road World Championships – Women's road race,Marianne Vos,2008 UCI Road World Championships
