col0,col1,col2,col3
Trebeda,418,Bosnia and Herzegovina,Federation of Bosnia and Herzegovina
Ljevana Voda,867,Bosnia and Herzegovina,Federation of Bosnia and Herzegovina
Krkarica,1130,Bosnia and Herzegovina,Federation of Bosnia and Herzegovina
Cmiljevac,1423,Bosnia and Herzegovina,Federation of Bosnia and Herzegovina
Mravulja,947,Bosnia and Herzegovina,Federation of Bosnia and Herzegovina
Slatko Vrelo,847,Bosnia and Herzegovina,Federation of Bosnia and Herzegovina
Jaslice,567,Bosnia and Herzegovina,Federation of Bosnia and Herzegovina
Jazinac,668,Bosnia and Herzegovina,Federation of Bosnia and Herzegovina
Pajina Voda,648,Bosnia and Herzegovina,Federation of Bosnia and Herzegovina
Vrelak,1121,Bosnia and Herzegovina,Republika Srpska
Novo Vrelo,928,Bosnia and Herzegovina,Republika Srpska
Rozge,610,Bosnia and Herzegovina,Republika Srpska
