col0,col1,col2,col3,col4
2000 Westel 900 Budapest Open,1999 Westel 900 Budapest Open,2000-01-01,clay,2001 Colortex Budapest Grand Prix
1999 Family Circle Cup,1998 Family Circle Cup,1999-01-01,clay,2000 Family Circle Cup
1995 Family Circle Cup,1994 Family Circle Cup,1995-01-01,clay,1996 Family Circle Cup
1994 Family Circle Cup,1993 Family Circle Cup,1994-01-01,clay,1995 Family Circle Cup
1989 Family Circle Cup,1988 Family Circle Cup,1989-01-01,clay,1990 Family Circle Cup
1984 Family Circle Cup,1983 Family Circle Cup,1984-01-01,clay,1985 Family Circle Cup
1979 Family Circle Cup,1978 Family Circle Cup,1979-01-01,clay,1980 Family Circle Cup
1975 Family Circle Cup,1974 Family Circle Cup,1975-01-01,clay,1976 Family Circle Cup
1974 Family Circle Cup,1973 Family Circle Cup,1974-01-01,clay,1975 Family Circle Cup
2003 DFS Classic,2002 DFS Classic,2003-01-01,grass,2004 DFS Classic
1990 ABN World Tennis Tournament,1989 ABN World Tennis Tournament,1990-01-01,carpet court,1991 ABN AMRO World Tennis Tournament
