col0,col1,col2,col3,col4,col5,col6,col7
Torroella de Montgrí,31,Cultural heritage monuments in Torroella de Montgrí,UTC+01:00,Jordi Colomí i Massanas,San Juan del Sur,mayor of Torroella de Montgrí,11645
Sant Feliu de Guíxols,4,Cultural heritage monuments in Sant Feliu de Guíxols,UTC+01:00,Carles Motas López,Verbania,mayor of Sant Feliu de Guíxols,21925
Palafrugell,64,Cultural heritage monuments in Palafrugell,UTC+01:00,Josep Piferrer Puig,Mirepoix,mayor of Palafrugell,22974
Calonge i Sant Antoni,22,cultural heritage monuments in Calonge i Sant Antoni,UTC+01:00,Miquel Bell-lloch i Palet,Sant Julià de Lòria,mayor of Calonge i Sant Antoni,11092
