col0,col1,col2,col3
Pakistani cricket team in Bangladesh in 2001–02,2002-01-25,2001-2002 one-year-period,Pakistan national cricket team
Zimbabwean cricket team in Bangladesh in 2018–19,2018-11-15,2018–2019 one-year-period,Bangladesh national cricket team
West Indian cricket team in Bangladesh in 2018–19,2018-12-22,2018–2019 one-year-period,Bangladesh national cricket team
Zimbabwean cricket team in Bangladesh in 2015–16,2015-11-15,2015-2016 one-year-period,Bangladesh national cricket team
