col0,col1,col2,col3
The Girl with Nine Wigs,2013-01-01,Katharina Eyssen,Germany
The Famous Five 3,2014-01-16,Sebastian Wehlings,Germany
Tatort: Gestern war kein Tag,2011-06-05,Pim Richter,Germany
Leni … muß fort,1993-01-01,Leo Hiemer,Germany
Finsterworld,2013-07-02,Christian Kracht,Germany
Tatort: Brüder,2014-02-23,Wilfried Huismann,Germany
Best Chance,2014-01-01,Marcus H. Rosenmüller,Germany
Superegos,2014-01-01,Benjamin Heisenberg,Germany
Pelican Blood,2010-06-17,Cris Cole,United Kingdom
Alien Autopsy,2006-01-01,William Davies,United Kingdom
Two hours to kill,1966-01-01,Bernard Dimey,France
Der Sommer der Gaukler,2011-01-01,Robert Hültner,Austria
Der Todestunnel,2005-01-01,Holger Karsten Schmidt,Italy
The Power of the Past,2002-09-05,Sandro Veronesi,Italy
The Fifth Woman,2002-01-01,Klas Abrahamsson,Sweden
