col0,col1,col2,col3
Cycling at the 2016 Summer Olympics – Men's individual road race,Cycling at the 2016 Summer Olympics,241.5,2016-08-06
Rowing at the 1960 Summer Olympics – Men's double sculls,Rowing at the 1960 Summer Olympics,2000,1960-01-01
Rowing at the 1906 Intercalated Games – 6 men naval boat,Rowing at the 1906 Intercalated Games,2000,1906-01-01
Rowing at the 1936 Summer Olympics – Men's single sculls,Rowing at the 1936 Summer Olympics,2000,1936-01-01
Rowing at the 1936 Summer Olympics – Men's coxless four,Rowing at the 1936 Summer Olympics,2000,1936-01-01
