col0,col1,col2,col3
Porte de la Barbacane in Peyrusse-le-Roc,France,registered historic monument,Peyrusse-le-Roc
Porte Madeleine,France,registered historic monument,Château-Landon
Porte de Blaye,France,registered historic monument,Bourg
Porte de Saurier,France,registered historic monument,Saurier
porte Martille,France,registered historic monument,Salers
door of the Saint-Germain-d'Auxerre church in Dourdan,France,registered historic monument,Dourdan
Porte de la Mercerie (Rocamadour),France,monument historique classé,Rocamadour
