col0,col1,col2,col3,col4
1911 Paris–Brussels,Belgium,1911-06-11,road bicycle racing,1912 Paris–Brussels
1910 Paris–Brussels,Belgium,1910-05-01,road bicycle racing,1911 Paris–Brussels
1909 Paris–Brussels,Belgium,1909-06-20,road bicycle racing,1910 Paris–Brussels
1908 Paris–Brussels,Belgium,1908-06-14,road bicycle racing,1909 Paris–Brussels
1907 Paris–Brussels,Belgium,1907-06-10,road bicycle racing,1908 Paris–Brussels
2017 Brussels Cycling Classic,Belgium,2017-09-02,road bicycle racing,2018 Brussels Cycling Classic
2016 Brussels Cycling Classic,Belgium,2016-09-03,road bicycle racing,2017 Brussels Cycling Classic
1893 Paris–Brussels,Belgium,1893-08-24,road bicycle racing,1906 Paris–Brussels
2015 Brussels Cycling Classic,Belgium,2015-09-05,road bicycle racing,2016 Brussels Cycling Classic
