col0,col1,col2,col3
1952 Giro dell'Emilia,road bicycle racing,Gino Bartali,1953 Giro dell'Emilia
1951 Giro dell'Emilia,road bicycle racing,Luciano Maggini,1952 Giro dell'Emilia
1950 Giro dell'Emilia,road bicycle racing,Luciano Maggini,1951 Giro dell'Emilia
1949 Giro dell'Emilia,road bicycle racing,Silvio Pedroni,1950 Giro dell'Emilia
1948 Giro dell'Emilia,road bicycle racing,Fausto Coppi,1949 Giro dell'Emilia
1947 Giro dell'Emilia,road bicycle racing,Gino Bartali,1948 Giro dell'Emilia
1946 Giro dell'Emilia,road bicycle racing,Adolfo Leoni,1947 Giro dell'Emilia
1943 Giro dell'Emilia,road bicycle racing,Nedo Logli,1946 Giro dell'Emilia
1942 Giro dell'Emilia,road bicycle racing,Aldo Bini,1943 Giro dell'Emilia
1941 Giro dell'Emilia,road bicycle racing,Gino Bartali,1942 Giro dell'Emilia
1940 Giro dell'Emilia,road bicycle racing,Osvaldo Bailo,1941 Giro dell'Emilia
1939 Giro dell'Emilia,road bicycle racing,Serafino Biagioni,1940 Giro dell'Emilia
1938 Giro dell'Emilia,road bicycle racing,Bianco Bianchi,1939 Giro dell'Emilia
1937 Giro dell'Emilia,road bicycle racing,Cesare Del Cancia,1938 Giro dell'Emilia
1936 Giro dell'Emilia,road bicycle racing,Giuseppe Olmo,1937 Giro dell'Emilia
