col0,col1,col2,col3,col4,col5,col6
Samsung Galaxy S10,Samsung Galaxy S9,Samsung Electronics,Android,MicroSD,lithium-ion battery,Samsung Galaxy S series
LG G Flex 2,LG G Flex,LG Corporation,Android,Secure Digital card,lithium-ion battery,LG G series
Samsung Galaxy Note 3,Samsung Galaxy Note II,Samsung Electronics,Android Lollipop,Secure Digital card,lithium-ion battery,Samsung Galaxy Note series
Samsung Galaxy Note Edge,Samsung Galaxy Note 3,Samsung Electronics,Android,Secure Digital card,lithium-ion battery,Samsung Galaxy Note series
