col0,col1,col2,col3
Piano Trio in A minor,piano,A minor,Alfred Hill
Piano Trio,piano,G minor,Clara Schumann
Trio élégiaque No. 2,piano,D minor,Sergei Rachmaninoff
Trio élégiaque No. 1,piano,G minor,Sergei Rachmaninoff
Piano Trio in C minor,piano,C minor,Felix Mendelssohn
Piano Trio No. 3,piano,G minor,Robert Schumann
Piano Trio No. 41,piano,E-flat minor,Joseph Haydn
Piano Trio No. 39,piano,G major,Joseph Haydn
Piano Trio Nr. 31,piano,G major,Joseph Haydn
Piano Trio No. 44,piano,E major,Joseph Haydn
Piano Trio No. 38,piano,D major,Joseph Haydn
