col0,col1,col2,col3,col4
AZ (women's football club),2011-01-01,Netherlands,women's association football,Eredivisie
Saint Louis Athletica,2010-01-01,United States of America,women's association football,Women's Professional Soccer
1. FC Katowice,2015-01-01,Poland,women's association football,Ekstraliga Kobiet
FC Utrecht,2014-01-31,Netherlands,women's association football,BeNe League
DFC LUV Graz,2014-01-01,Austria,women's association football,ÖFB-Frauenliga
New York Power,2003-01-01,United States of America,women's association football,Women's United Soccer Association
Minnesota Lightning,2009-01-01,United States of America,women's association football,W-League
