col0,col1,col2,col3
Muslim conquest of Egypt,0642-01-01,Egypt,Battle of Heliopolis
Russo-Turkish War of 1828–29,1829-01-01,Balkans,Siege of Varna
War of Attrition,1970-08-07,Sinai Peninsula,Battle of Karameh
Gallic War,-0050-01-01T00:00:00Z,Gaul,Battle of the Arar
Second Anglo-Afghan War,1880-01-01,Afghanistan,Battle of Maiwand
Muslim conquest of Syria,0640-01-01,Levant,Battle of Yarmouk
Eastern Front of World War II,1945-05-07,Europe,Battle of Stalingrad
First Spanish Hispaniola War 1494-1495,1495-04-04,Hispaniola,Battle of Vega Real
2014 Israel–Gaza conflict,2014-08-26,Israel,Battle of Shuja'iyya
Repression of the Commune,1871-06-07,France,Bloody week
