col0,col1,col2,col3
chromosomal part,DNA,chromosome,intracellular organelle part
DnaB-DnaC complex,DnaB helicase complex,primosome complex,macromolecular complex
CMG complex,GINS complex,nuclear chromosome,DNA replication preinitiation complex
replisome,DNA polymerase complex,replication fork,protein-DNA complex
ventral disc supernumerary microtubule array,microtubule,ventral disc,cellular anatomical entity
sieve plate,sieve area,plant-type cell wall,cellular anatomical entity
post-anaphase microtubule array,equatorial microtubule organizing center,microtubule cytoskeleton,cellular anatomical entity
median body,microtubule,cytoskeleton,cellular anatomical entity
cytoplasmic replisome,DNA polymerase III complex,cytoplasmic replication fork,replisome
nuclear replisome,epsilon DNA polymerase complex,nuclear replication fork,replisome
enzyme IIA-maltose transporter complex,maltose transport complex,integral component of plasma membrane,ATP-binding cassette (ABC) transporter complex
