col0,col1,col2,col3,col4
Aeolian Islands,UNESCO World Heritage Site,926,114.7,"object represents major stages of earth's history, geological processes"
Heard Island and McDonald Islands,UNESCO World Heritage Site,2745,368,"object represents major stages of earth's history, geological processes"
Savage Islands,Tentative World Heritage Site,163,2.73,natural phenomena or areas of exceptional natural beauty
Galápagos Islands,UNESCO World Heritage Site,1707,7880,natural phenomena or areas of exceptional natural beauty
