col0,col1,col2,col3,col4,col5
Nkangala District Municipality,1308129,Mpumalanga,Middelburg,Sedibeng District Municipality,Victor Khanye Local Municipality
West Rand District Municipality,820995,Gauteng,Randfontein,Bojanala Platinum District Municipality,Mogale City Local Municipality
Cacadu District Municipality,450584,Eastern Cape,Port Elizabeth,Central Karoo District Municipality,Sunday's River Valley Local Municipality
Frances Baard District Municipality,382086,Northern Cape,Kimberley,Dr Ruth Segomotsi Mompati District Municipality,Sol Plaatje Local Municipality
Dr Ruth Segomotsi Mompati District Municipality,463815,North West,Vryburg,Frances Baard District Municipality,Naledi Local Municipality
Central Karoo District Municipality,71011,Western Cape,Beaufort West,Cacadu District Municipality,Laingsburg Local Municipality
Sedibeng District Municipality,916484,Gauteng,Vereeniging,Ekurhuleni Metropolitan Municipality,Emfuleni Local Municipality
