col0,col1,col2,col3
Biešankovičy District,137,1249.65,15904
Sianno District,152,1966.05,22065
Kastsyukovichy District,183,1493.84,26410
Shklow District,148,1334.17,27910
Talachyn District,234,1498.56,28565
Kamenets District,155,1687.11,39143
Staryya Darohi District,149,1370.38,20725
Kobryn District,139,2039.79,88037
Naroŭlia District,111,1588.82,11371
Smalyavichy District,171,1394.14,45308
Drybin District,185,766.53,10132
Čačersk District,152,1229.88,14468
Dziaržynsk District,235,1189.5,67360
Pietrykaŭ District,134,2835.18,28246
