col0,col1,col2,col3,col4,col5
avenue Théophile-Gautier,550,France,rue Chardon-Lagache,20,16th arrondissement of Paris
avenue Stéphen-Pichon,200,France,impasse du Petit-Modèle,20,13th arrondissement of Paris
avenue Lucien-Descaves,140,France,avenue André-Rivoire,31,Parc-de-Montsouris
avenue de Clichy,1550,France,rue des Dames,22.5,Épinettes
avenue Léon-Bollée,360,France,rue du Conventionnel-Chiappe,15,Maison-Blanche
avenue Ledru-Rollin,1540,France,quai de la Rapée,30,Quinze-Vingts
