col0,col1,col2,col3
2015–16 Chaumont Volley-Ball 52 season,volleyball,France,2016–17 Chaumont Volley-Ball 52 season
2015–16 Vandœuvre Nancy Volley-Ball season,volleyball,France,2016–17 Vandœuvre Nancy Volley-Ball season
2015–16 Terville Florange Olympique Club season,volleyball,France,2016–17 Terville Florange Olympique Club season
2015–16 Union de Groupements Sportifs Élite Nantes Volley Féminin season,volleyball,France,2016–17 Union de Groupements Sportifs Élite Nantes Volley Féminin season
2015–16 Rocheville Le Cannet season,volleyball,France,2016–17 Rocheville Le Cannet season
2015–16 Union Stade français-Saint-Cloud Paris season,volleyball,France,2016–17 Union Stade français-Saint-Cloud Paris season
