col0,col1,col2,col3
Del Norte Coast Redwoods State Park,IUCN category V: Protected Landscape/Seascape,Crescent City,Del Norte County
Jedediah Smith Redwoods State Park,IUCN category III: Natural Monument or Feature,Crescent City,Del Norte County
Prairie Creek Redwoods State Park,IUCN category V: Protected Landscape/Seascape,Arcata,Humboldt County
Henry W. Coe State Park,IUCN category II: National Park,Morgan Hill,Stanislaus County
Julia Pfeiffer Burns State Park,IUCN category III: Natural Monument or Feature,Carmel-by-the-Sea,Monterey County
Red Rock Canyon State Park,IUCN category V: Protected Landscape/Seascape,Cantil,Kern County
Butano State Park,IUCN category III: Natural Monument or Feature,Pescadero,California
Año Nuevo State Park,IUCN category III: Natural Monument or Feature,Pescadero,California
Annadel State Park,IUCN category II: National Park,Kenwood,California
McArthur-Burney Falls Memorial State Park,IUCN category III: Natural Monument or Feature,Burney,California
Humboldt Redwoods State Park,IUCN category V: Protected Landscape/Seascape,Rio Dell,California
Henry Cowell Redwoods State Park,IUCN category III: Natural Monument or Feature,Felton,California
Portola Redwoods State Park,IUCN category II: National Park,La Honda,California
