col0,col1,col2,col3
88th Academy Awards,87th Academy Awards,2015-01-01,89th Academy Awards
87th Academy Awards,86th Academy Awards,2014-01-01,88th Academy Awards
86th Academy Awards,85th Academy Awards,2013-01-01,87th Academy Awards
16th Academy Awards,15th Academy Awards,1943-01-01,17th Academy Awards
35th Academy Awards,34th Academy Awards,1962-01-01,36th Academy Awards
62nd Academy Awards,61st Academy Awards,1989-01-01,63rd Academy Awards
69th Academy Awards,68th Academy Awards,1996-01-01,70th Academy Awards
25th Academy Awards,24th Academy Awards,1952-01-01,26th Academy Awards
