col0,col1,col2,col3
1956 Malaysia Open Badminton Championships,Singapore,1956-08-03,1956 Malaysia Open Badminton Championships – Men's singles
1955 Malaysia Open Badminton Championships,Kuala Lumpur,1955-06-09,1955 Malaysia Open Badminton Championships – Men's singles
1954 Malaysia Open Badminton Championships,Penang,1954-08-19,1954 Malaysia Open Badminton Championships – Men's singles
1952 Malaysia Open Badminton Championships,Singapore,1952-08-01,1952 Malaysia Open Badminton Championships – Men's singles
