col0,col1,col2,col3,col4,col5
Goa,Pramod Sawant,551731,Goa Legislative Assembly,Panjim,Chief Minister of Goa
Assam,Sarbananda Sonowal,26807034,Assam Legislative Assembly,Dispur,Chief Minister of Assam
Arunachal Pradesh,Pema Khandu,1066358,Council of Ministers of Arunachal Pradesh,Itanagar,Chief Minister of Arunachal Pradesh
Karnataka,B. S. Yeddyurappa,37469335,Karnataka Legislative Assembly,Bengaluru,Chief Minister of Karnataka
Odisha,Naveen Patnaik,34970562,Odisha Legislative Assembly,Bhubaneswar,Chief Minister of Odisha
Jammu and Kashmir,Mehbooba Mufti,9108060,list of Governors of Jammu and Kashmir,Srinagar,Chief Minister of Jammu and Kashmir
Chhattisgarh,Bhupesh Baghel,19607961,Chhattisgarh Legislative Assembly,Raipur,Chief Minister of Chhattisgarh
Uttar Pradesh,Yogi Adityanath,155317278,Council of Ministers of Uttar Pradesh,Lucknow,Chief Minister of Uttar Pradesh
Kerala,Pinarayi Vijayan,17471135,Council of Ministers of Kerala,Thiruvananthapuram,Chief Minister of Kerala
