col0,col1,col2,col3
Alamanni Stazione,Unità,Florence tramway Line 1,Firenze Santa Maria Novella railway station
Straßenbahn Haltestelle S Marzahn,Straßenbahn Haltestelle Marzahner Promenade,Tram line 16 (Berlin),Berlin-Marzahn station
Straßenbahn Haltestelle S Mahlsdorf,Straßenbahn Haltestelle Wilhelmsmühlenweg,Tram line 62 (Berlin),Mahlsdorf railway station
Straßenbahn Haltestelle S Hohenschönhausen,Straßenbahn Haltestelle Falkenberger Chaussee/Prendener Straße,MetroTram 4 (Berlin),Berlin-Hohenschönhausen station
Bergamo FS,Bergamo Borgo Palazzo,Bergamo–Albino light rail,Bergamo railway station
Chengdu West Railway Station,Zhongba Station,Line 4,Chengduxi Railway Station
Bahnhof Linden/Fischerhof,Schünemannplatz,17,Hannover-Linden station
San Jose/Glen Park station,San Jose and Randall,J Church,Glen Park station
Tram de Cornellà Centre,Ignasi Iglésias station,Trambaix,Cornellà Centre
Wanshengwei Station,Pazhou Pagoda station,Haizhu Tram,Wanshengwei station
Hamaderaekimae Station,Funao Station,Hankai Line,Hamaderakōen Station
Dulwich Hill,Dulwich Grove,Dulwich Hill Line,Dulwich Hill railway station
Circular Quay tram stop,Bridge Street tram stop,Randwick & Kingsford Lines,Circular Quay ferry wharf
Forskningsparken,Gaustadalléen,Ullevål Hageby Line,Forskningsparken
Edagawa Station,Nakayama Station,Ino Line,Edagawa Station
