col0,col1,col2,col3
The Battle of Anghiari,Battle of Anghiari,Palazzo Vecchio,Leonardo da Vinci
Crucifixion,gospel,Basilica of San Francesco d'Assisi,Pietro Lorenzetti
Baptism of Christ,Sacra Conversazione,Church of St. Andrew in San Donnino,Domenico Ghirlandaio
Meeting at the Golden Gate,Gospel of James,Civic Museums of Padua,Giotto di Bondone
Expulsion of Joachim from the Temple,Gospel of James,Scrovegni Chapel,Giotto di Bondone
Annunciation to Saint Anne,Gospel of James,Scrovegni Chapel,Giotto di Bondone
Adam and Eve,Book of Genesis,Vatican Museums,Raphael
The Creation of Eve,Creation of Eve,Vatican Museums,Michelangelo
Madonna and Child with Saints Cosmas and Damian,Madonna and Child,Monastero di Santa Croce,Floriano Ferramola
Temptation of Adam and Eve,Book of Genesis,Santa Maria del Carmine,Masolino da Panicale
Madonna and Child with St John the Baptist and St John the Evangelist,Madonna and Child,Pinacoteca di Brera,Vincenzo Foppa
Joachim among the Shepherds,Gospel of James,Scrovegni Chapel,Giotto di Bondone
Nativity,Nativity of Jesus,Scrovegni Chapel,Giotto di Bondone
The Fall and Expulsion from Paradise,Book of Genesis,Vatican Museums,Michelangelo
