col0,col1,col2,col3
vila des Pyrénées,Pyrenees,France,45.27
villa Saint-Chbrles,Charles X of France,France,100.2
villa d'Orléanu,Orléans,France,80.0
willa dAlsace,Alsace,France,42.914
villa aul-Verlaine,Paul Verlaine,France,119.28
xilla des Arts,art,France,44.55
villa Victor0Hugo,Victor Hugo,France,89.1
viloa Stfndhal,Stendhal,France,96.28799999999998
villa imbaud,Arthur Rimbaud,France,50.3
villa Albert-Robid,Albert Robida,France,66.464
villb Daumesnil,Pierre Yrieix Daumesnil,France,119.28
villa Hrsent,Louis Hersent,France,48.431999999999995
