col0,col1,col2,col3
2007 Giro della Toscana Int. Femminile – Memorial Michela Fanini,Judith Arndt,2006 Giro della Toscana Int. Femminile – Memorial Michela Fanini,road bicycle racing
2006 Giro della Toscana Int. Femminile – Memorial Michela Fanini,Marianne Vos,2005 Giro della Toscana Int. Femminile – Memorial Michela Fanini,road bicycle racing
2005 Giro della Toscana Int. Femminile – Memorial Michela Fanini,Susanne Ljungskog,2004 Giro della Toscana Int. Femminile – Memorial Michela Fanini,road bicycle racing
2004 Giro della Toscana Int. Femminile – Memorial Michela Fanini,Trixi Worrack,2003 Giro della Toscana Int. Femminile – Memorial Michela Fanini,road bicycle racing
