col0,col1,col2,col3,col4,col5,col6
2015 Hungarian International Badminton Championships,2015 Hungarian International Badminton Championships – Men's singles,Hungary,Budaörs,2016 Hungarian International Badminton Championships,2015-01-01,open championship
2014 Hungarian International Badminton Championships,2014 Hungarian International Badminton Championships – Men's singles,Hungary,Budaörs,2015 Hungarian International Badminton Championships,2014-01-01,open championship
2013 Hungarian International Badminton Championships,2013 Hungarian International Badminton Championships – Men's singles,Hungary,Budaörs,2014 Hungarian International Badminton Championships,2013-01-01,open championship
2012 Hungarian International Badminton Championships,2012 Hungarian International Badminton Championships – Men's singles,Hungary,Budaörs,2013 Hungarian International Badminton Championships,2012-01-01,open championship
1983 Hungarian International Badminton Championships,1983 Hungarian International Badminton Championships – Men's singles,Hungary,Budapest,1984 Hungarian International Badminton Championships,1983-01-01,open championship
