col0,col1,col2,col3
Zalbide (dudoso),948,Urbasa Range,Spain
Baizaundi,997,Urbasa Range,Spain
Otsaportillo 3 erdi,1098,Urbasa Range,Spain
Gortasoro 2 hego,895,Urbasa Range,Spain
Gortasoro 1 ipar,895,Urbasa Range,Spain
Gansoil,973,Urbasa Range,Spain
Bentakeita,905,Urbasa Range,Spain
Aginan,1117,Urbasa Range,Spain
Las Campanas,882,Urbasa Range,Spain
Santa Marina menhirra,1060,Urbasa Range,Spain
Baiza menhirra,1174,Urbasa Range,Spain
Otsaportillo 2 hego,1102,Urbasa Range,Spain
Ergibel,954,Urbasa Range,Spain
