col0,col1,col2,col3,col4,col5,col6
"2019 Giro d'Italia, stage 19",Hugh Carthy,2019-05-31,Manuel Belletti,2019 Giro d'Italia,143,road bicycle racing
"2019 Giro d'Italia, stage 12",Tao Geoghegan Hart,2019-05-23,Manuel Belletti,2019 Giro d'Italia,159,road bicycle racing
"2013 Arctic Race of Norway, Stage 1",Rüdiger Selig,2013-08-08,Thor Hushovd,2013 Arctic Race of Norway,119,road bicycle racing
"2014 Arctic Race of Norway, Stage 1",Vegard Stake Laengen,2014-08-14,Martin Elmiger,2014 Arctic Race of Norway,117,road bicycle racing
