col0,col1,col2,col3
Central Amazon Conservation Complex,Anavilhanas Ecological Station,Amazonas,example represents significant on-going ecological and biological processes
Kenya Lake System in the Great Rift Valley,Lake Elmenteita,Rift Valley Province,natural phenomena or areas of exceptional natural beauty
Rock Drawings in Valcamonica,Parco archeologico comunale di Seradina-Bedolina,Province of Brescia,unique to a cultural tradition
Pyrénées – Mont Perdu World Heritage Site,Pyrénées National Park,Hautes-Pyrénées,unique to a cultural tradition
