col0,col1,col2,col3,col4
1955 Dutch Open Badminton Championships,Krelagehuis,1955-01-01,badminton,open championship
1961 Dutch Open Badminton Championships,Krelagehuis,1961-01-01,badminton,open championship
1960 Dutch Open Badminton Championships,Krelagehuis,1960-01-01,badminton,open championship
1957 Dutch Open Badminton Championships,Krelagehuis,1957-01-01,badminton,open championship
1958 Dutch Open Badminton Championships,Krelagehuis,1958-01-01,badminton,open championship
1956 Dutch Open Badminton Championships,Krelagehuis,1956-01-01,badminton,open championship
1953 Dutch Open Badminton Championships,Krelagehuis,1953-01-01,badminton,open championship
1954 Dutch Open Badminton Championships,Krelagehuis,1954-01-01,badminton,open championship
1959 Dutch Open Badminton Championships,Krelagehuis,1959-01-01,badminton,open championship
2005 Dutch Open Badminton Championships,Maaspoort Sports end Events,2005-01-01,badminton,open championship
2006 Dutch Open Badminton Championships,Maaspoort Sports end Events,2006-01-01,badminton,open championship
2004 Dutch Open Badminton Championships,Maaspoort Sports end Events,2004-01-01,badminton,open championship
2003 Dutch Open Badminton Championships,Maaspoort Sports end Events,2003-01-01,badminton,open championship
1998 Dutch Open Badminton Championships,Maaspoort Sports end Events,1998-01-01,badminton,open championship
