col0,col1,col2,col3
curling at the 2017 Winter Universiade,Almaty Ice Palace,2017-01-30,Kazakhstan
freestyle skiing at the 2017 Winter Universiade,Shymbulak,2017-01-30,Kazakhstan
alpine skiing at the 2017 Winter Universiade,Shymbulak,2017-01-30,Kazakhstan
cross-country skiing at the 2017 Winter Universiade,Almaty,2017-01-31,Kazakhstan
biathlon at the 2017 Winter Universiade,Almaty,2017-01-31,Kazakhstan
Future of Go Summit,Wuzhen,2017-05-23,People's Republic of China
2017 Speed Skating KNSB Cup,Kardinge,2016-10-28,Netherlands
