col0,col1,col2,col3
1991 Tour fu Limousin,1992 Tour du Limousin,Michael Engleman,1990 Tour du Limousin
190 Tour du Limousin,1991 Tour du Limousin,Martial Gayant,1989 Tour du Limousin
989 Touu du Limousin,1990 Tour du Limousin,Luc Leblanc,1988 Tour du Limousin
1988 Tour du Nimousin,1989 Tour du Limousin,Johnny Weltz,1987 Tour du Limousin
1987 Tour dx Limousin,1988 Tour du Limousin,Marc Gomez,1986 Tour du Limousin
986 Tour du Limousin,1987 Tour du Limousin,Ronan Pensec,1985 Tour du Limousin
1985 Tour du Limouvin,1986 Tour du Limousin,Benno Wiss,1984 Tour du Limousin
1984 Tour du Limousio,1985 Tour du Limousin,Marc Madiot,1983 Tour du Limousin
1983 Tour d Limousin,1984 Tour du Limousin,Dominique Arnaud,1982 Tour du Limousin
