col0,col1,col2,col3,col4
Alexander von Humboldt High School,Wilstorf,1956-01-01,Germany,Harburg
Lise-Meitner-Gymnasium,Osdorf,1970-01-01,Germany,Altona
Ehemaliges Melanchthon-Gymnasium in Altdorf bei Nürnberg,Wichernhaus (Altdorf),1578-01-01,Germany,Altdorf bei Nürnberg
Kaiserin Augusta Gymnasium,Charlottenburg,1818-01-01,Germany,Charlottenburg-Wilmersdorf
Laanila High School,Hintta,1957-01-01,Finland,Oulu
Oulun Suomalaisen Yhteiskoulun Lukio,Vanhatulli,1902-01-01,Finland,Oulu
Oulun Lyseon Lukio,Pokkinen,1831-01-01,Finland,Oulu
Alppila Upper Secondary School,Alppila,1959-01-01,Finland,Helsinki
