col0,col1,col2,col3,col4
Live at the Showbox,Touring Band 2000,Epic,123,Live at the Showbox
Live at the BBC,The Beatles Box Set,Apple,8017,Live at the BBC
From the Muddy Banks of the Wishkah,MTV Unplugged in New York,Geffen Records,3235,From the Muddy Banks of the Wishkah
Queen at Wembley,Greatest Video Hits 1,EMI,300,Queen at Wembley
Dylan & the Dead,Down in the Groove,Columbia Records,2587,Dylan & the Dead
Alive III,Revenge,Mercury Records,4013,Alive III
Live Evil,Mob Rules,Warner Bros.,5007,Live Evil
Live at the Rainbow '74,Hungarian Rhapsody: Queen Live in Budapest ’86,Virgin Records,53,Live at the Rainbow
Live at the Cow Palace,Fillmore West 1969,Rhino Entertainment Company,11425,Live at the Cow Palace
Kiss Unplugged,Alive III,Mercury Records,3367,KISS Unplugged
Dick's Picks Volume 8,Fallout from the Phil Zone,Grateful Dead Records,10661,Dick's Picks Volume 8
Cunning Stunts,Live Shit: Binge & Purge,Elektra,7295,Cunning Stunts
"Greatest Hits, Vol. 1",Take a Look in the Mirror,Epic,4547,Greatest Hits Vol.1
Live & Rare,See You on the Other Side,Epic,3582,Live and Rare
