col0,col1,col2,col3,col4
half maximal effective concentration (EC50),Ro 40-6055,half maximal effective concentration,median lethal concentration (LC50),allowed units constraint
has active ingredient,Roundup,active ingredient,has listed ingredient,inverse constraint
electrical conductivity,gold,electrical conductivity,electrical resistivity,mandatory qualifier constraint
GHS signal word,carbachol,GHS signal word,safety classification and labelling,single value constraint
neutron number,tritium,neutron number,atomic number,single value constraint
upper flammable limit,methyl bromide,flammability limit,lower flammable limit,allowed units constraint
median lethal concentration (LC50),dichlorine,median lethal concentration,median lethal dose (LD50),allowed qualifiers constraint
median lethal dose (LD50),mercuric chloride,median lethal dose,median lethal concentration (LC50),type constraint
general formula,alkane,chemical formula,chemical formula,conflicts-with constraint
stereoisomer of,L-phenylalanine,stereoisomers,tautomer of,item requires statement constraint
ClinicalTrials.gov Identifier,Atrial Fibrillation Clopidogrel Trial With Irbesartan for Prevention of Vascular Events,ClinicalTrials.gov,OpenTrials ID,single value constraint
PDB ligand ID,vemurafenib,Protein Data Bank,PDB structure ID,single value constraint
agonist of,mibolerone,agonist,antagonist of,property scope constraint
positive allosteric modulator of,VPC171,allosteric modulator,agonist of,property scope constraint
negative allosteric modulator of,MK-2206,allosteric modulator,agonist of,property scope constraint
