col0,col1,col2,col3
Hollerland,290.9,Hollerland,2012-01-01
Caselower Heide,2000,Caselower Heide,2008-01-01
Plantagenetgrund,20700,Plantagenetgrund,2003-01-01
Borkener See,329.17,Borkener See,2000-01-01
Rietzer See,1127.06,Rietzer See,2007-01-01
Luneplate,940,Luneplate,2011-01-01
Mahlpfuhler Fenn,1210,Mahlpfuhler Fenn,2001-01-01
Wohldorfer Wald,134,Wohldorfer Wald,2002-01-01
Glücksburger Heide,1803,Glücksburger Heide,2007-01-01
Vogelschutzgebiet Wälder und Wiesen bei Burbach und Neunkirchen,4654.56,Buchhellerquellgebiet,2001-03-01
