col0,col1,col2,col3,col4
2018 Winter Olympics,Pyeongchang Olympic Stadium,Olympic sporting event,2018-02-09,2022 Winter Olympics
2014 Winter Olympics,Sochi,Olympic sporting event,2014-02-07,2018 Winter Olympics
2010 Winter Olympics,BC Place,Olympic sporting event,2010-02-12,2014 Winter Olympics
2006 Winter Olympics,Stadio Olimpico Grande Torino,Olympic sporting event,2006-02-10,2010 Winter Olympics
2002 Winter Olympics,Rice–Eccles Stadium,Olympic sporting event,2002-02-08,2006 Winter Olympics
1998 Winter Olympics,Nagano Olympic Stadium,Olympic sporting event,1998-02-07,2002 Winter Olympics
1994 Winter Olympics,Kvitfjell,Olympic sporting event,1994-02-12,1998 Winter Olympics
1992 Winter Olympics,Théâtre des Cérémonies,Olympic sporting event,1992-02-08,1994 Winter Olympics
1988 Winter Olympics,Calgary,Olympic sporting event,1988-02-13,1992 Winter Olympics
1984 Winter Olympics,Jahorina,Olympic sporting event,1984-02-08,1988 Winter Olympics
