col0,col1,col2,col3
Athletics at the 1964 Summer Olympics – Men's discus throw,National Olympic Stadium,Jiří Žemba,men's discus throw
Badminton at the 2004 Summer Olympics – Women's singles,Athens,Pi Hongyan,women's singles
Badminton at the 1992 Summer Olympics – Men's singles,Pavelló de la Mar Bella,Stephan Kuhl,men's singles
Badminton at the 1996 Summer Olympics – Men's singles,Atlanta,Hannes Fuchs,men's singles
Badminton at the 2012 Summer Olympics – Men's doubles,London,Muhammad Ahsan,men's doubles
Badminton at the 2000 Summer Olympics – Women's singles,Sydney Showground (Olympic Park),Nicole Grether,women's singles
Swimming at the 2004 Summer Olympics – Men's 400 metre individual medley,Athens Olympic Aquatic Centre,László Cseh,men's 400 metre individual medley
Athletics at the 2012 Summer Olympics – Men's 4 × 100 metres relay,London Stadium,jamican man,men's 4 × 100 metres relay
Badminton at the 2008 Summer Olympics – Women's doubles,Beijing,Gail Emms,women's doubles
Badminton at the 2008 Summer Olympics – Women's singles,Beijing,Pi Hongyan,women's singles
Rowing at the 2012 Summer Olympics – Lightweight men's coxless four,Dorney Lake,Eskild Ebbesen,lightweight men's coxless four
figure skating at the 1936 Winter Olympics – men's singles,Olympia-Kunsteisstadion,Ernst Baier,senior
Athletics at the 2008 Summer Olympics – Men's 200 metres,Beijing National Stadium,jamican man,men's 200 metres
Badminton at the 2008 Summer Olympics – Mixed doubles,Beijing University of Technology Gymnasium,Lee Yong-dae,mixed doubles
