col0,col1,col2,col3,col4,col5
Ministry of Internal Affairs of Ukraine,Ukraine,Minister of Interior Affairs of Ukraine,Arsen Avakov,State Migration Service of Ukraine,1991-08-24
Ministry of Internal Affairs and Communications,Japan,Minister of Internal Affairs and Communications,Sanae Takaichi,Statistics Japan,2001-01-01
Ministry of the Interior,Spain,Minister of the Interior,Fernando Grande-Marlaska,Directorate-General for Traffic,1996-01-01
Ministry of Interior and Administration,Poland,Minister of the Interior and Administration,Joachim Brudziński,Policja,2015-01-01
