col0,col1,col2,col3,col4
"2017 Tour of Norway, Stage 1",169.4,Robert Power,Juan Pablo Villegas,"2017 Tour of Norway, Stage 2"
"2019 Giro d'Italia, stage 8",239,Tao Geoghegan Hart,Valerio Conti,"2019 Giro d'Italia, stage 9"
"2018 Tour de France, stage 5",204.5,Søren Kragh Andersen,Dion Smith,"2018 Tour de France, stage 6"
"2019 Tour de France, stage 3",215,Nils Politt,Greg Van Avermaet,"2019 Tour de France, stage 4"
"2018 Tour de France, stage 6",181,Søren Kragh Andersen,Pierre Latour,"2018 Tour de France, stage 7"
"2019 Tour of Norway, Stage 5",159.7,Edoardo Affini,Bjorg Lambrecht,"2019 Tour of Norway, Stage 6"
"2019 Giro d'Italia, stage 7",185,Lucas Hamilton,Lucas Hamilton,"2019 Giro d'Italia, stage 8"
"2019 Tour de France, stage 5",175.5,Nils Politt,Tim Wellens,"2019 Tour de France, stage 6"
"2019 Ladies Tour of Norway, Stage 2",133.6,Abby-Mae Parkinson,Rossella Ratto,"2019 Ladies Tour of Norway, Stage 3"
"2016 Tour des Fjords, Stage 2",213,Adam Phelan,Roger Kluge,"2016 Tour des Fjords, Stage 3"
