col0,col1,col2,col3
"Stud Horse Barn, Building 1",Foothills County,Canada,Bar U Ranch
"Bar U Ranch Saddle Horse Barn, Building 16",Foothills County,Canada,Bar U Ranch
Stables of Weissenau Abbey,Ravensburg,Germany,Weissenau Abbey
"stable, oil storage and carriage shed D7 in Verla",Kouvola,Finland,Verla
stable and shed 2 in Ainola,Järvenpää,Finland,Ainola
stable,Sopot,Poland,Sopot Hippodrome
Kilkenny Castle-Stable,County Kilkenny,Ireland,Kilkenny Castle
Stables Approximately 10 Metres South East Of Whitecote House,Leeds,United Kingdom,Whitecote House
Stables Boundary Wall And Gate Piers To Number 46,Leeds,United Kingdom,"46, Cottage Road"
Coach House at Devonshire Hall,Leeds,United Kingdom,Devonshire Hall
