col0,col1,col2,col3,col4
1994 Vuelta a Aragón,1994-04-12,1995 Vuelta a Aragón,Marino Alonso,1993 Vuelta a Aragón
1993 Vuelta a Aragón,1993-04-13,1994 Vuelta a Aragón,Alfonso Gutiérrez,1992 Vuelta a Aragón
1992 Vuelta a Aragón,1992-04-18,1993 Vuelta a Aragón,Piotr Ugrumov,1991 Vuelta a Aragón
1991 Vuelta a Aragón,1991-04-16,1992 Vuelta a Aragón,Andrea Chiurato,1990 Vuelta a Aragón
1990 Vuelta a Aragón,1990-05-22,1991 Vuelta a Aragón,Benny Van Brabant,1989 Vuelta a Aragón
1989 Vuelta a Aragón,1989-05-23,1990 Vuelta a Aragón,Carlos Hernández Bailo,1988 Vuelta a Aragón
