col0,col1,col2,col3,col4,col5,col6
Martin Luther,1483-11-19,Paul Luther,Margarethe Luther,University of Wittenberg,Reformation,ETH Zurich University Archives
Felix Mendelssohn,1809-02-03,Paul Mendelssohn Bartholdy,Lea Mendelssohn Bartholdy,University of Music and Theatre Leipzig,romantic music,Leeds University Library
Julian Huxley,1887-06-22,Anthony Huxley,Julia Arnold,King's College London,atheism,Leeds University Library
Bertrand Russell,1872-05-18,"John Russell, 4th Earl Russell","Katharine Russell, Viscountess Amberley",Harvard University,analytic philosophy,McMaster University Library
