col0,col1,col2,col3
1990 Indonesia Open Badminton Championships – Men's singles,men's singles,1989 Indonesia Open Badminton Championships – Men's singles,badminton
1989 Indonesia Open Badminton Championships – Men's singles,men's singles,1988 Indonesia Open Badminton Championships – Men's singles,badminton
1988 Indonesia Open Badminton Championships – Men's singles,men's singles,1987 Indonesia Open Badminton Championships – Men's singles,badminton
1987 Indonesia Open Badminton Championships – Men's singles,men's singles,1986 Indonesia Open Badminton Championships – Men's singles,badminton
1986 Indonesia Open Badminton Championships – Men's singles,men's singles,1985 Indonesia Open Badminton Championships – Men's singles,badminton
