col0,col1,col2,col3
Lahe Nanyon plane crash,loss of control,C-46A Commando,24
Black Mountain C-46 crash,controlled flight into terrain,C-46A Commando,2
Jihlava air disaster,controlled flight into terrain,5-AT-050,2
Mount Taylor air disaster,controlled flight into terrain,5-AT-020,3
Spokane Airways crash,controlled flight into terrain,4-AT-45,5
British Columbia Airways crash,controlled flight into terrain,4-AT-26,2
Sierra de Vilgo plane crash,controlled flight into terrain,C-47A,25
Chitado air disaster,controlled flight into terrain,C-47A,18
Navy R5C crash at Bolling Field,loss of control,R5C-1,4
Oceanside air disaster,controlled flight into terrain,5-AT-C,2
