col0,col1,col2,col3
Ndougou Department,Ogooué-Maritime Province,"Gamba, Gabon",Gabon
Abanga-Bigne Department,Moyen-Ogooué Province,Ndjolé,Gabon
Lekoko Department,Haut-Ogooué Province,Bakoumba,Gabon
Tsamba-Magotsi Department,Ngounié Province,Fougamou,Gabon
Haut-Ntem Department,Woleu-Ntem Province,Minvoul,Gabon
Lope Department,Ogooué-Ivindo Province,Booué,Gabon
Ntem Department,Woleu-Ntem Province,Bitam,Gabon
Lemboumbi-Leyou Department,Haut-Ogooué Province,Moanda,Gabon
Ivindo Department,Ogooué-Ivindo Province,Makokou,Gabon
