col0,col1,col2,col3,col4
Night Witches,Powered by the Apocalypse,Jason Morningstar,Apocalypse World,2014-01-01
Dream Askew,Powered by the Apocalypse,Avery Alder,Apocalypse World,2014-01-01
Urban Shadows,Powered by the Apocalypse,Mark Truman,Apocalypse World,2015-01-01
The Extraordinary Adventures of Baron Munchausen,GM-less,Derek Pearcy,Bible,2008-01-01
Jovian Chronicles,Silhouette Roleplaying Core Rules,Philippe R. Boulle,Silhouette Roleplaying Core Rules,1994-01-01
Risus,Death spiral,S. John Ross,Tunnels & Trolls,1993-01-01
Basic Role-Playing,character skill,Greg Stafford,Call of Cthulhu,1980-01-01
"Monkey, Ninja, Pirate, Robot: the Roleplaying Game",Prose Descriptive Qualities (PDQ) system,Chad Underkoffler,Prose Descriptive Qualities (PDQ) system,2004-01-01
Reign,One Roll Engine,Greg Stolze,Godlike,2007-01-01
Houses of the Blooded,bet,John Wick,Fate,2008-01-01
Teenage Mutant Ninja Turtles & Other Strangeness,Megaversal system,Erick Wujcik,Palladium Fantasy Role-Playing Game,1985-01-01
Prince Valiant: The Story-Telling Game,Basic Role-Playing,Greg Stafford,Dungeons & Dragons,1989-01-01
Amber Diceless Role-Playing Game,bet,Erick Wujcik,Transdimensional Teenage Mutant Ninja Turtles,1991-01-01
Dungeons & Dragons,d20 System,Dave Arneson,Chainmail,1974-01-01
Pendragon,Basic Role-Playing,Greg Stafford,Call of Cthulhu,1985-01-01
