col0,col1,col2,col3,col4,col5
Caibarién,Villa Clara Province,38479,5,1832-01-01,212
Remedios,Villa Clara Province,45621,25,1514-07-04,560
Santa Clara,Villa Clara Province,207963,125,1689-07-15,514
Sagua La Grande,Villa Clara Province,53077,15,1812-01-01,661
Las Tunas,Las Tunas Province,202105,90,1759-01-01,891000000
Alquízar,Artemisa Province,29616,25,1879-01-01,193
Candelaria,Artemisa Province,19523,50,1809-01-01,299
Güira de Melena,Artemisa Province,37838,20,1779-01-01,178
San Cristóbal,Artemisa Province,29119,50,1830-01-01,936
Caimito,Artemisa Province,36813,95,1910-01-01,238
