col0,col1,col2,col3
Silk Textile,Cleveland Museum of Art,copyrighted,silk
Lampas with dancers and musicians,Cleveland Museum of Art,public domain,silk
Roundels with hunters,Cleveland Museum of Art,public domain,silk
Section of Silk Fabric with Falconers Amid Rose Bushes,Cleveland Museum of Art,public domain,silk
Fragment with palmette arches with Alhambra wall pattern,Cleveland Museum of Art,public domain,silk
Youth (From Chateau de Chaumont Set),Cleveland Museum of Art,public domain,silk
Dragons Chasing Flaming Pearls,Cleveland Museum of Art,public domain,silk
Mantle for a Statue of the Virgin with Lotus Blossoms and Medallions,Cleveland Museum of Art,public domain,silk
Fragment of Silk Taffeta with “Rose and Nightingale” Motif,Cleveland Museum of Art,public domain,silk
Lampas with scrolling vines and grape leaves,Cleveland Museum of Art,public domain,silk
