col0,col1,col2,col3,col4,col5,col6,col7
1981 GDR Badminton Championships,1980 GDR Badminton Championships,Greifswald,1981-01-01,national championship,German Democratic Republic,1982 GDR Badminton Championships,1981 GDR Badminton Championships – Men's singles
1979 GDR Badminton Championships,1978 GDR Badminton Championships,Leipzig,1979-01-01,national championship,German Democratic Republic,1980 GDR Badminton Championships,1979 GDR Badminton Championships – Men's singles
1977 GDR Badminton Championships,1976 GDR Badminton Championships,Greifswald,1977-01-01,national championship,German Democratic Republic,1978 GDR Badminton Championships,1977 GDR Badminton Championships – Men's singles
1976 GDR Badminton Championships,1975 GDR Badminton Championships,Zwickau,1976-01-01,national championship,German Democratic Republic,1977 GDR Badminton Championships,1976 GDR Badminton Championships – Men's singles
1973 GDR Badminton Championships,1972 GDR Badminton Championships,Hoyerswerda,1973-01-01,national championship,German Democratic Republic,1974 GDR Badminton Championships,1973 GDR Badminton Championships – Men's singles
1971 GDR Badminton Championships,1970 GDR Badminton Championships,Dresden,1971-01-01,national championship,German Democratic Republic,1972 GDR Badminton Championships,1971 GDR Badminton Championships – Men's singles
