col0,col1,col2,col3,col4,col5
Cienfuegos,Cienfuegos Province,164924,25,1819-04-22,333000000
Cabaiguán,Sancti Spíritus Province,32000,135,1894-01-01,597
Sancti Spíritus,Sancti Spíritus Province,138504,75,1514-01-01,1150700000
Trinidad,Sancti Spíritus Province,51994,60,1514-01-01,1155
Cárdenas,Matanzas Province,86700,10,1828-01-01,577.88
Matanzas,Matanzas Province,145246,20,1693-01-01,317000000
Colón,Matanzas Province,72000,60,1846-01-01,597
Placetas,Villa Clara Province,71208,205,1861-09-09,691
