col0,col1,col2,col3
Grünbergallee station,Central European Time,1962-05-27,S45 (Berlin)
Hamburg Airport station,Central European Time,2008-12-11,Hamburg Airport S-Bahn line
Poppenbüttel station,Central European Time,1917-01-01,Alster Valley Railway
Horneburg,Central European Time,1881-01-01,Lower Elbe Railway
Fischbek station,Central European Time,2007-12-09,Lower Elbe Railway
München Daglfing station,Central European Time,1909-06-05,Munich East–Munich Airport railway
Thesdorf station,Central European Time,1967-09-23,Hamburg-Altona–Kiel railway
Stellingen station,Central European Time,1903-01-01,Hamburg-Altona–Kiel railway
Teltow Stadt railway station,Central European Time,2005-02-24,Berlin-Lichterfelde Süd–Teltow Stadt railway
Osdorfer Straße station,Central European Time,1998-09-25,Anhalt Suburban Line
Othmarschen station,Central European Time,1882-08-01,Altona–Blankenese railway
Hochkamp station,Central European Time,1897-01-01,Altona–Blankenese railway
