col0,col1,col2,col3
Second inauguration of Calvin Coolidge,Inauguration of Herbert Hoover,United States Capitol,Presidency of Calvin Coolidge
First inauguration of James Madison,Second inauguration of James Madison,United States Capitol,Presidency of James Madison
First inauguration of Andrew Jackson,Second inauguration of Andrew Jackson,United States Capitol,Presidency of Andrew Jackson
First inauguration of Ulysses S. Grant,Second inauguration of Ulysses S. Grant,United States Capitol,Presidency of Ulysses S. Grant
First inauguration of Thomas Jefferson,Second inauguration of Thomas Jefferson,United States Capitol,Presidency of Thomas Jefferson
Second inauguration of Theodore Roosevelt,Inauguration of William Howard Taft,United States Capitol,Presidency of Theodore Roosevelt
First inauguration of Richard Nixon,Second inauguration of Richard Nixon,United States Capitol,Presidency of Richard Nixon
Second inauguration of Richard Nixon,Inauguration of Gerald Ford,United States Capitol,Presidency of Richard Nixon
Second inauguration of Dwight D. Eisenhower,Inauguration of John F. Kennedy,United States Capitol,Presidency of Dwight D. Eisenhower
First inauguration of Abraham Lincoln,Second inauguration of Abraham Lincoln,United States Capitol,Presidency of Abraham Lincoln
