col0,col1,col2,col3,col4,col5,col6
Rastatt,236,738.75,Elchesheim-Illingen,Jürgen Bäuerle,227474,Karlsruhe
Heilbronn,166,1099.93,Weinsberg,Detlef Piepenburg,334388,Enz
Rems-Murr,481,858.14,Waiblingen,Richard Sigel,419456,Ludwigsburg
Calw District,648,797.54,Ebhausen,Helmut Riegger,150709,Pforzheim
Landkreis Ravensburg,698,1631.81,Hoßkirch,Harald Sievers,272425,Bodenseekreis
Biberach district,581,1409.75,Biberach an der Riss,Heiko Schmid,194019,Reutlingen
Konstanz,437,817.95,Konstanz,Frank Hämmerle,270568,Schwarzwald-Baar district
Alb-Donau-Kreis,670,1358.67,Schelklingen,Heiner Scheffold,192104,Ulm
Bodenseekreis,490,664.64,Meersburg,Lothar Wölfle,205843,Landkreis Sigmaringen
Landkreis Sigmaringen,626,1204.36,Beuron,Stefanie Bürkle,127272,Bodenseekreis
