col0,col1,col2,col3
Glen Alpine Falls,Lake Tahoe Basin Management Unit,El Dorado County,Lake Tahoe basin
Fallingwater Cascades,George Washington and Jefferson National Forests,Botetourt County,James River basin
Galovački buk,Plitvice Lakes National Park,Lika-Senj County,Danube basin
Veliki slap,Plitvice Lakes National Park,Lika-Senj County,Danube basin
Bridal Veil Falls,Banff National Park,Alberta,Nelson-Churchill river basin
Horseshoe Falls,Niagara Falls State Park,Niagara Falls,Lake Ontario basin
American Falls,Niagara Falls State Park,Niagara Falls,Lake Ontario basin
Bridal Veil Falls,Niagara Falls State Park,Niagara Falls,Lake Ontario basin
Kakabeka Falls,Kakabeka Falls Provincial Park,Thunder Bay District,Lake Superior basin
Tahquamenon Falls,Tahquamenon Falls State Park,Michigan,Lake Superior basin
Montmorency Falls,Parc de la Chute-Montmorency,Quebec City,estuary basin of the Saint Lawrence River
