col0,col1,col2,col3,col4
The Lord of the Rings: The Return of the King,Howard Shore,Gollum,94000000,Jamie Selkirk
Harry Potter and the Philosopher's Stone,John Williams,Ron Weasley,125000000,Richard Francis-Bruce
Doctor Strange,Michael Giacchino,Stephen Strange,165000000,Wyatt Smith
Mission: Impossible – Rogue Nation,Joe Kraemer,Ethan Hunt,150000000,Eddie Hamilton
Captain Marvel,Pınar Toprak,Phil Coulson,152000000,Elliot Graham
Terminator Genisys,Lorne Balfe,Kyle Reese,155000000,Roger Barton
Godzilla: King of the Monsters,Bear McCreary,Godzilla,170000000,Roger Barton
Windtalkers,James Horner,Sergeant Joe Enders,115000000,Steven Kemper
Logan,Cliff Martinez,Wolverine,97000000,Michael McCusker
Batman & Robin,Elliot Goldenthal,Poison Ivy,125000000,Dennis Virkler
Mission: Impossible II,Hans Zimmer,Ethan Hunt,125000000,Christian Wagner
Star Wars Episode II: Attack of the Clones,John Williams,Mace Windu,115000000,Ben Burtt
Jersey Boys,Bob Gaudio,Bob Gaudio,40000000,Joel Cox
