col0,col1,col2,col3
Pottawatomie County,Oklahoma,71158,2055
Payne County,Oklahoma,79066,1806
Muskogee County,Oklahoma,70303,2173
McClain County,Oklahoma,36511,1503
Pontotoc County,Oklahoma,37992,1879
McCurtain County,Oklahoma,33065,4924
Sequoyah County,Oklahoma,41218,1852
Major County,Oklahoma,7683,2481
Stephens County,Oklahoma,44919,2308
Noble County,Oklahoma,11446,1923
Ottawa County,Oklahoma,32245,1255
Pittsburg County,Oklahoma,44703,3569
Beckham County,Oklahoma,23637,2342
Cherokee County,Oklahoma,48017,2011
Blaine County,Oklahoma,9720,2432
