col0,col1,col2,col3,col4
Brookfield,Northfield,41.7,333,1781-01-01
Windham,Mansfield,72300000,71,1693-01-01
Bourne,Sandwich,136.9,13,1640-01-01
Woodbridge,Orange,49.7,106,1784-01-01
Chatham,Jackson,57.2,159,1767-01-01
Panton,Addison,22.06,38,1764-11-03
Billerica,Bedford,26.4,76,1652-01-01
Conway,Chatham,185.6,142,1765-01-01
Dorset,Manchester,124,397,1761-08-23
Manchester,Dorset,109.4,281,1761-08-11
Ferrisburgh,Moriah,61.16,38,1762-06-25
Castleton,Benson,109.7,198,1761-01-01
Hopkinton,Webster,117,154,1735-01-01
Bristol,Starksboro,42.18,324,1762-06-26
Bridport,Crown Point,46.31,49,1761-10-10
