col0,col1,col2,col3
Hulkkunanmäki,Finland,Lieto,registered archaeological site in Finland
Ristinpelto,Finland,Lieto,registered archaeological site in Finland
Moision Myllymäki,Finland,Nousiainen,registered archaeological site in Finland
Kalmanharju,Finland,Rautjärvi,registered archaeological site in Finland
Kalmoniemi,Finland,Valtimo,registered archaeological site in Finland
Kalmosaari,Finland,Valtimo,registered archaeological site in Finland
Kirkkorinne,Finland,Tohmajärvi,registered archaeological site in Finland
