col0,col1,col2,col3,col4
2026 Slovenia International Badminton Championships,2026-01-01,badminton,Slovenia,open championship
2025 Slovenia International Badminton Championships,2025-01-01,badminton,Slovenia,open championship
2024 Slovenia International Badminton Championships,2024-01-01,badminton,Slovenia,open championship
2023 Slovenia International Badminton Championships,2023-01-01,badminton,Slovenia,open championship
2022 Slovenia International Badminton Championships,2022-01-01,badminton,Slovenia,open championship
2021 Slovenia International Badminton Championships,2021-01-01,badminton,Slovenia,open championship
2020 Slovenia International Badminton Championships,2020-01-01,badminton,Slovenia,open championship
