col0,col1,col2,col3
Smithfield Decretals,1300-01-01,British Library,Latin
Cathach of St. Columba,0600-01-01,Royal Irish Academy,Vulgar Latin
Chroniques de Hainaut,1440-01-01,Royal Library of Belgium,Old French
Cancioneiro da Ajuda,1300-01-01,Biblioteca da Ajuda,Portuguese
Bible of Borso d'Este,1455-01-01,Palazzo dei Musei (Modena),Latin
Gerona Beatus,0975-01-01,Girona Cathedral,Latin
Codex Amiatinus,0710-01-01,Biblioteca Medicea Laurenziana,Latin
Lichfield Gospels,0730-01-01,Lichfield Cathedral,Latin
Lectionnaire de Luxeuil,0700-01-01,Bibliothèque nationale de France,Latin
Roman de la Rose,1400-01-01,National Library of Wales,French
