col0,col1,col2,col3
Yekaterinburg,Plovdiv,Yevgeny Roizman,list of cultural heritage monuments in Yekaterinburg (center)
Saint Petersburg,Los Angeles,Alexander Beglov,list of cultural heritage monuments in Saint Petersburg
Moscow,Berlin,Sergey Sobyanin,list of cultural heritage monuments in Moscow
Perm,Duisburg,Dmitry Samoylov,list of cultural heritage monuments in Perm
Nizhny Novgorod,Suwon,Vladimir Panov,list of cultural heritage monuments in Nizhny Novgorod (right bank)
Pskov,Białystok,Ivan Tsetserski,list of cultural heritage monuments in Pskov
Krasnodar,Karlsruhe,Первышов Евгений Алексеевич,list of cultural heritage monuments in Krasnodar
Ivanovo,Plovdiv,Vladimir Sharipov,list of cultural heritage monuments in Ivanovo
Novorossiysk,Pula,Vladimir Sinyagovsky,list of cultural heritage monuments in Novorossiysk
Nizhny Tagil,Novokuznetsk,Sergey Nosov,list of cultural heritage monuments in Nizhny Tagil
