col0,col1,col2,col3,col4
ELNET ID,ELNET Consortium,Estonia,Eeva Heinaru,VIAF component
National Library of Korea Identifier,Korean Authority File,South Korea,Jonathan Crary,VIAF component
National Library of Brazil ID,National Library of Brazil,Brazil,Jonathan Crary,VIAF component
National Library Board Singapore ID,National Library of Singapore,Singapore,Catherine Lim,VIAF component
Israel Museum Jerusalem artist ID,Israel Museum,Israel,Johann Vincenz Cissarz,VIAF component
BNRM ID,National library of the Kingdom of Morocco,Morocco,Andrew S. Tanenbaum,VIAF component
BanQ author ID,Bibliothèque et Archives nationales du Québec identifier,Canada,RMS Titanic,VIAF component
Lebanese National Library ID,Lebanese National Library,Lebanon,George Bernard Shaw,VIAF component
NLP ID (PLWABN unique record),National Library of Poland,Poland,Jan Stanisław Skorupski,VIAF component
National Library of Iceland ID,National and University Library of Iceland,Iceland,Pyotr Ilyich Tchaikovsky,VIAF component
