col0,col1,col2,col3
Captain Boomerang,George Harkness,Suicide Squad,Korumburra
Harley Quinn,Harleen Quinzel,Suicide Squad,Gotham City
Killer Croc,Waylon Jones,Suicide Squad,Tampa
Whirlwind,David Cannon,Masters of Evil,Kansas City
Black Alice,Lori Zechlin,Secret Six,Dayton
Maker,Reed Richards,Ultimate Fantastic Four,Queens
Red Lotus,Paul Hark,X-Men,Sydney
Electro,Maxwell Dillon,Sinister Six,Endicott
Black Mask,Roman Sionis,Secret Society of Super Villains,Gotham City
Avalanche,Dominic Szilard Janos Petros,Brotherhood of Mutants,Crete
