col0,col1,col2,col3
1961 Hungarian Badminton Championships,Hungary,1961-01-01,badminton
2016 Hungarian Badminton Championships,Hungary,2016-01-01,badminton
2015 Hungarian Badminton Championships,Hungary,2015-01-01,badminton
2014 Hungarian Badminton Championships,Hungary,2014-01-01,badminton
1968 Hungarian Badminton Championships,Hungary,1968-01-01,badminton
1966 Hungarian Badminton Championships,Hungary,1966-01-01,badminton
2007 Hungarian Badminton Championships,Hungary,2007-01-01,badminton
2013 Hungarian Badminton Championships,Hungary,2013-01-01,badminton
1983 Hungarian Badminton Championships,Hungary,1983-01-01,badminton
1965 Hungarian Badminton Championships,Hungary,1965-01-01,badminton
1964 Hungarian Badminton Championships,Hungary,1964-01-01,badminton
1963 Hungarian Badminton Championships,Hungary,1963-01-01,badminton
1960 Hungarian Badminton Championships,Hungary,1960-01-01,badminton
1982 Hungarian Badminton Championships,Hungary,1982-01-01,badminton
1975  Hungarian Badminton Championships,Hungary,1975-01-01,badminton
