col0,col1,col2,col3,col4
Tapestries of the Gods,1st arrondissement of Paris,Portières des Dieux,Classified object  as historical monument,Mobilier National Collection
"Four mythological tapestries: The Childhood of Jupiter, Diana and the Nymphs, Zephyr and Flora, Venus and Adonis",Talcy,Château de Talcy collection,Classified object  as historical monument,Château de Talcy
Hunts of Francis I,Chambord,Hunts of King Francis,Classified object  as historical monument,Château de Chambord
Story of Rinaldo and Armida,Le Pin-au-Haras,Story of Rinaldo and Armida,Classified object  as historical monument,Château du Haras du Pin
