col0,col1,col2,col3,col4,col5,col6,col7
2014 China Open Super Series Premier,2014-01-01,badminton,2013 China Open Super Series Premier,2014 China Open Badminton Championships – Men's doubles,2014-11-16,open championship,2014-11-11
2012 China Open Super Series Premier,2012-01-01,badminton,2011 China Open Super Series Premier,2012 China Open Badminton Championships – Men's doubles,2012-11-18,open championship,2012-11-13
2011 China Open Super Series Premier,2011-01-01,badminton,2010 China Open Super Series,2011 China Open Badminton Championships – Men's doubles,2011-11-27,open championship,2011-11-22
2009 China Open Super Series,2009-01-01,badminton,2008 China Open Super Series,2009 China Open Badminton Championships – Men's doubles,2009-11-22,open championship,2009-11-17
2007 China Open Super Series,2007-01-01,badminton,2006 China Open Badminton Championships,2007 China Open Badminton Championships – Men's doubles,2007-11-25,open championship,2007-11-20
1997 China Open Badminton Championships,1997-01-01,badminton,1996 China Open Badminton Championships,1997 China Open Badminton Championships – Men's doubles,1997-11-09,open championship,1997-11-05
1995 China Open Badminton Championships,1995-01-01,badminton,1994 China Open Badminton Championships,1995 China Open Badminton Championships – Men's doubles,1995-11-11,open championship,1995-11-06
1994 China Open Badminton Championships,1994-01-01,badminton,1993 China Open Badminton Championships,1994 China Open Badminton Championships – Men's doubles,1994-11-20,open championship,1994-11-16
1993 China Open Badminton Championships,1993-01-01,badminton,1992 China Open Badminton Championships,1993 China Open Badminton Championships – Men's doubles,1993-11-14,open championship,1993-11-10
1992 China Open Badminton Championships,1992-01-01,badminton,1991 China Open Badminton Championships,1992 China Open Badminton Championships – Men's doubles,1992-11-01,open championship,1992-10-28
1991 China Open Badminton Championships,1991-01-01,badminton,1989 China Open Badminton Championships,1991 China Open Badminton Championships – Men's doubles,1991-11-10,open championship,1991-11-06
1988 China Open Badminton Championships,1988-01-01,badminton,1987 China Open Badminton Championships,1988 China Open Badminton Championships – Men's doubles,1988-08-28,open championship,1988-08-24
2013 China Open Super Series Premier,2013-01-01,badminton,2012 China Open Super Series Premier,2013 China Open Badminton Championships – Men's doubles,2013-11-17,open championship,2013-11-12
2010 China Open Super Series,2010-01-01,badminton,2009 China Open Super Series,2010 China Open Badminton Championships – Men's doubles,2010-12-05,open championship,2010-11-30
2008 China Open Super Series,2008-01-01,badminton,2007 China Open Super Series,2008 China Open Badminton Championships – Men's doubles,2008-11-23,open championship,2008-11-18
