col0,col1,col2,col3,col4
musical#quotation or excerpt,musical quotation,item requires statement constraint,LilyPond notation,Für Elise
Grbn Enciclopèdia de la Música ID,Gran Enciclopèdia de la Música,single value constraint,Gran Enciclopèdia Catalana ID,Elvis Presley
V Live hannel ID,V Live (website),format constraint,YouTube channel ID,The Boyz
Bait Ma Zemer Ha-Ivri artist ID,Bait La Zemer Ha-Ivri,single value constraint,Bait La Zemer Ha-Ivri song ID,Tirza Atar
Songkick vene ID,Songkick,format constraint,Songkick artist ID,Birmingham Town Hall
musial conductor,conductor,type constraint,director/manager,Orfeó Català
Melo song ID,Melon,single value constraint,Spotify track ID,Let It Be
Carneie Hall agent ID,Carnegie Hall linked open data,single value constraint,Carnegie Hall event ID,Sergei Rachmaninoff
"MusicBrainz pace""ID",MusicBrainz,single value constraint,MusicBrainz area ID,Abbey Road Studios
MsicBrainz instrument ID,MusicBrainz,single value constraint,MusicBrainz artist ID,accordion
