col0,col1,col2,col3
Pfarrkirche Untergreutschach,Gothic architecture,Denkmalgeschütztes Objekt,Griffen
St. Sola,Gothic Revival architecture,architectural heritage monument in Bavaria,Solnhofen
Evangelische Pfarrkirche (Hoch-Weisel),Gothic architecture,Kulturdenkmal,Butzbach
St. Martin,baroque architecture,architectural heritage monument in Bavaria,Heidenheim
Village church Pörsten,Romanesque architecture,Kulturdenkmal,Lützen
St. Wolfgang,Gothic Revival architecture,architectural heritage monument in Bavaria,Gunzenhausen
St. Crucis (Espenfeld),Romanesque architecture,Kulturdenkmal,Arnstadt
"Kirche (Dorndorf, Laucha an der Unstrut)",baroque architecture,Kulturdenkmal,Laucha an der Unstrut
