col0,col1,col2,col3
Bus line 124 (1987–2007),Budapest,2007-09-02,Budapesti Közlekedési Zrt.
Bus line 100K,Budapest,2015-10-15,Budapesti Közlekedési Zrt.
Bus line 109 (2008–2013),Budapest,2013-04-30,Budapesti Közlekedési Zrt.
Bus line 100E,Budapest,2015-09-27,Budapesti Közlekedési Zrt.
Bus line 132gy (2003–2006),Budapest,2006-09-29,Budapesti Közlekedési Zrt.
Copenhagen bus line 8A,Copenhagen Municipality,2019-10-13,Arriva
Copenhagen bus line 5A,Tårnby Municipality,2017-04-23,Arriva
