col0,col1,col2,col3,col4
Diving at the 2016 European Aquatics Championships – Men's 1 m springboard,United Kingdom,Diving at the 2018 European Aquatics Championships – Men's 1 m springboard,2016 European Aquatics Championships,diving
FIS Alpine World Ski Championships 2017 – Men's slalom,Switzerland,FIS Alpine World Ski Championships 2019 – Men's slalom,FIS Alpine World Ski Championships 2017,alpine skiing
FIS Alpine World Ski Championships 2017 – Men's giant slalom,Switzerland,FIS Alpine World Ski Championships 2019 – Men's giant slalom,FIS Alpine World Ski Championships 2017,alpine skiing
FIS Alpine World Ski Championships 2017 – Nations team event,Switzerland,FIS Alpine World Ski Championships 2019 – Nations team event,FIS Alpine World Ski Championships 2017,alpine skiing
FIS Alpine World Ski Championships 2017 – Men's downhill,Switzerland,FIS Alpine World Ski Championships 2019 – Men's downhill,FIS Alpine World Ski Championships 2017,alpine skiing
FIS Alpine World Ski Championships 2017 – Men's super-G,Switzerland,FIS Alpine World Ski Championships 2019 – Men's super-G,FIS Alpine World Ski Championships 2017,alpine skiing
2017 Gran Premio della Liberazione - women's race,Italy,2018 Gran Premio della Liberazione - women's race,2017 in women's road cycling,road bicycle racing
1993 IAAF World Indoor Championships – Men's triple jump,Canada,1995 IAAF World Indoor Championships – Men's triple jump,1993 IAAF World Indoor Championships,athletics
1991 IAAF World Indoor Championships – Men's triple jump,Spain,1993 IAAF World Indoor Championships – Men's triple jump,1991 IAAF World Indoor Championships,athletics
