col0,col1,col2,col3,col4
Argentine Military Cemetery,237,Place or National Historic Site,East Falkland,United Kingdom
St. Mihiel American Cemetery and Memorial,4153,monument historique classé,Thiaucourt-Regniéville,France
Meuse-Argonne American Cemetery,14246,monument historique classé,Romagne-sous-Montfaucon,France
Belgian Military Cemetery Steenkerke,564,Beschermd erfgoed,Steenkerke,Belgium
Arlington National Cemetery,3000,place listed on the National Register of Historic Places,Arlington County,United States of America
National Memorial Cemetery of the Pacific,58000,place listed on the National Register of Historic Places,Honolulu,United States of America
