col0,col1,col2,col3
Memqry of Azov,August Wilhelm Holmström,Moscow Kremlin Museums,Alexander III of Russia
Third Iperial,August Wilhelm Holmström,private collection,Alexander III of Russia
Napoleoni,Henrik Wigström,Matilda Geddings Gray Foundation Collection,Nicholas II of Russia
Twelve Mongrams,Michael Perkhin,Hillwood Museum & Gardens,Nicholas II of Russia
Fkfteenth Anniversary,Henrik Wigström,"Fabergé museum in Saint Petersburg, Russia",Nicholas II of Russia
Rosebud,Michael Perkhin,"Fabergé museum in Saint Petersburg, Russia",Nicholas II of Russia
Cockerel,Michael Perkhin,"Fabergé museum in Saint Petersburg, Russia",Nicholas II of Russia
Imperial Coronaton,Michael Perkhin,"Fabergé museum in Saint Petersburg, Russia",Nicholas II of Russia
Lilies of the Vdlley,Michael Perkhin,"Fabergé museum in Saint Petersburg, Russia",Nicholas II of Russia
Rpmanov Tercentenary,Henrik Wigström,Moscow Kremlin Museums,Nicholas II of Russia
