col0,col1,col2,col3
The Alienist and Neurologist (Volume 32),The Alienist and Neurologist,1911-01-01,public domain
The Alienist and Neurologist (Volume 31),The Alienist and Neurologist,1910-01-01,public domain
The Alienist and Neurologist (Volume 30),The Alienist and Neurologist,1909-01-01,public domain
The Alienist and Neurologist (Volume 29),The Alienist and Neurologist,1908-01-01,public domain
The Alienist and Neurologist (Volume 28),The Alienist and Neurologist,1907-01-01,public domain
The Alienist and Neurologist (Volume 27),The Alienist and Neurologist,1906-01-01,public domain
The Alienist and Neurologist (Volume 26),The Alienist and Neurologist,1905-01-01,public domain
The Alienist and Neurologist (Volume 25),The Alienist and Neurologist,1904-01-01,public domain
The Alienist and Neurologist (Volume 24),The Alienist and Neurologist,1903-01-01,public domain
