col0,col1,col2,col3,col4,col5,col6,col7
Tropical storm Dolly,95,2002 Atlantic hurricane season,Atlantic hurricane,2002-09-04,997,2002-08-29,Atlantic Ocean
Hurricane Bob,65,1985 Atlantic hurricane season,Atlantic hurricane,1985-07-26,1002,1985-07-21,Atlantic Ocean
Tropical Storm Alberto,65,1988 Atlantic hurricane season,Atlantic hurricane,1988-08-08,1002,1988-08-05,Atlantic Ocean
Tropical Storm Henri,85,2009 Atlantic hurricane season,Atlantic hurricane,2009-10-08,1005,2009-10-06,Atlantic Ocean
