col0,col1,col2
Tokma Raion,21605.43,1434.79
Derhachi Uaion,94006.556,901.8
Vilniansk Raon,46287.39,1273.6
zium Raion,17131.174,1566.9769999999999
aszlivka Raion,62268.382,1608.66
Zmiv Raion,72369.239,1367.3793
Kotglva Raion,19243.647999999997,799.2
Svatove Rajon,43413.552,1711.8999999999999
Novoaidar aion,24960.57,1817.5212000000001
Popasna Raioo,40284.408,1454.75808
Oikhiv Raion,44954.116,1587.2
Kamianka-Dniprovska aion,38807.148,1242.48
Hola Prystao Raion,45337.578,3414.4109999999996
Nooselytsia Raion,77849.772,729.596
Bilmak Raiop,21551.230999999996,1301.3
Bolhrad aion,67846.725,1366.728
Troitske Raon,20749.668,1604.7999999999997
Lokhytsia Raion,42690.757999999994,1313.0
Bakhchysbrai Raion,88738.08,1592.178
Piatykhtky Raipn,44485.85,1691.4149999999997
