col0,col1,col2,col3
Yuvileine,15830,84,2.83
Shalygino,2363,160,12
Chernelytsia,1564,305,31.4
Uspenka,8974,78,4.69
Stanytsia Luhanska,14543,40,14.6
Slatyne,6483,129,7.53
Savintsy,5571,101,8.76
Piskivka,6896,139,48
Mykhailo-Kotsiubynske,3028,133,5.5
Metolkine,699,73,1.6
Manhush,8127,56,9291
Malomykolaivka,2096,171,4.54
Lanchyn,7923,379,27.89
Krasnokutsk,7455,117,12.48
Харьков,6090,152,8.15
Komyshivka,422,182,0.23
Izvaryne,1692,79,7.82
Dubyshche,1958,182,2.73
Horbachevo-Mykhailivka,919,100,0.77
Bytkiv,4389,516,31.71
