col0,col1,col2
Ibaraki Prefectural Road Route 5,Japan National Route 51,1954-09-01
Japan National Route 245,Japan National Route 51,1956-01-01
Japan National Route 124,Japan National Route 51,1953-01-01
Japan National Route 125,Japan National Route 51,1953-01-01
U.S. Route 466 in Arizona,U.S. Route 93 in Arizona,1935-01-01
U.S. Route 91 in Utah,U.S. Route 89 in Utah,1926-11-11
Interstate 70 in Utah,U.S. Route 89 in Utah,1957-10-18
Japan National Route 309,Japan National Route 370,1970-01-01
Japan National Route 480,Japan National Route 370,1993-01-01
Japan National Route 259,Japan National Route 42,1963-01-01
Japan National Route 166,Japan National Route 42,1953-01-01
Mie Prefectural Road Route 59,Japan National Route 42,1976-09-10
Japan National Route 20,Japan National Route 15,1952-01-01
Ibaraki Prefectural Road Route 61,Japan National Route 6,1994-04-01
Ibaraki Prefectural Road Route 50,Japan National Route 6,1994-04-01
Fukushima Prefectural Road and Ibaraki Prefectural Road Route 27,Japan National Route 6,1959-10-14
Japan National Route 355,Japan National Route 6,1975-01-01
Japan National Route 294,Japan National Route 6,1970-01-01
Japan National Route 14,Japan National Route 6,1952-01-01
Japan National Route 441,Japan National Route 381,1982-01-01
Japan National Route 439,Japan National Route 381,1982-01-01
Japan National Route 320,Japan National Route 381,1970-01-01
Nara Prefectural Road and Kyoto Prefectural Road Route 47,Japan National Route 25,1994-04-01
Nara Prefectural Road and Mie Prefectural Road Route 80,Japan National Route 25,1994-04-01
Osaka Prefectural Road Route 5,Japan National Route 25,1994-04-01
Japan National Route 422,Japan National Route 25,1982-01-01
Japan National Route 163,Japan National Route 25,1953-01-01
Japan National Route 24,Japan National Route 25,1952-01-01
Japan National Route 26,Japan National Route 25,1952-01-01
Japan National Route 361,Japan National Route 19,1975-01-01
Japan National Route 257,Japan National Route 19,1963-01-01
Japan National Route 256,Japan National Route 19,1963-01-01
Japan National Route 22,Japan National Route 19,1952-01-01
Interstate 80 Business,U.S. Route 93 Alternate,1980-01-01
Japan National Route 465,Japan National Route 410,1993-01-01
Japan National Route 409,Japan National Route 410,1982-01-01
Japan National Route 425,Japan National Route 371,1982-01-01
Japan National Route 170,Japan National Route 480,1963-01-01
Japan National Route 424,Japan National Route 480,1982-01-01
Japan National Route 370,Japan National Route 480,1975-01-01
Osaka Prefectural Road Route 2,Japan National Route 26,1984-01-01
