col0,col1,col2,col3,col4,col5
Halewijn,Guido Canfijn,Brussels,Dutch,Michel Rahn,14
Confrontation,Guido Canfijn,Antwerp,Dutch,Stefan Schuller,8
De Bijen,Herman Markard,Brussels,Dutch,Kathleen Smith,31
Opus Vivaldi,Guido Canfijn,Sint-Niklaas,Latin,Patricia Carey,17
Satirische Suite,Guido Canfijn,Antwerp,Dutch,Aimé De Lignière,28
Aranea,Guido Canfijn,Auderghem,Latin,Aimé De Lignière,20
Freule Julie,Guido Canfijn,Antwerp,German,Aimé De Lignière,45
Gladiatoren,Guido Canfijn,Merksem,Dutch,Daniël Rosseels,3
Acht,Guido Canfijn,Antwerp,Dutch,Daniël Rosseels,13
Inner Page,Guido Canfijn,Amstelveen,English,Daniël Rosseels,17
Black Angels,John B. Read,Antwerp,English,Guillermina Coll,25
Judith,Guido Canfijn,Antwerp,Dutch,Koen Onzia,24
Symfonie,Guido Canfijn,Antwerp,Dutch,Jean-Jacques Vidal,33
Masque of Separation,John B. Read,Antwerp,English,Jean-Jacques Vidal,29
Notturno,Guido Canfijn,Antwerp,Dutch,Gilbert Serres,9
"Presto, Vivo e Lento",Guido Canfijn,Izegem,Italian,Gilbert Serres,20
Bewegingen,Guido Canfijn,Ghent,Dutch,Jan Nuyts,20
Concerto,Guido Canfijn,Hasselt,Italian,Jan Broeckx,8
Allegro Brillante,Guido Canfijn,Hasselt,Spanish,Vivien Loeber,15
Giselle,Guido Canfijn,Aalst,Dutch,Marleen Wouters,7
