col0,col1,col2,col3,col4
Sihlsee,96,880,23,10.81
Lac de la Gruyère,220,677,75,8.56
Lake Baldegg,0.173,463,66,5.2
Ägerisee,0.36,723,83,7.28
Lake Sarnen,0.24,469,51,7.39
Greifensee,148500000,435,34,8.3
Lac de Joux,145,1004,21,8.77
Lake Hallwil,0.285,449,48,1.52
Lake Sempach,660,504,87,14.4
Lake Murten,550,429,45,8.31
Walensee,2520000000,419,151,4.62
Lake Brienz,5170,564,260,29.77
Lake Zug,3180000000,413,198,2.44
Lake Biel,1120,429,74,0.53
Lake Lugano,6500,271,288,29.81
Lake Zurich,3.9,406,136,10.93
Lake Lucerne,11800,434,214,2.57
Lake Maggiore,37000,193,372,41.37
Lake Neuchâtel,14000,429,152,2.19
Lake Constance,48,395.23,90,0.27
