col0,col1,col2,col3
V* EM And,22.0593421416298,Mira variable,Andromeda
V* BB And,4.4331385872306,Mira variable,Andromeda
R Andromedae,6.0081141663867,Mira variable,Andromeda
T Geminorum,117.3257243486422,long period variable,Gemini
V Geminorum,110.7889610622391,Mira variable,Gemini
V* V633 Cyg,324.1120550877805,slow irregular variables of late spectral types,Cygnus
V* V471 Cyg,316.7823190043594,slow irregular variables of late spectral types,Cygnus
V* V575 Cyg,317.3302777579718,SRB semi-regular,Cygnus
V* V1235 Cyg,318.582566835458,semiregular variable star,Cygnus
V* V1242 Cyg,321.2027688951411,Mira variable,Cygnus
V* FF Cyg,309.7154430169054,Mira variable,Cygnus
V* V1338 Cyg,323.7691719447662,Mira variable,Cygnus
V* GR Cyg,316.1669923247426,Mira variable,Cygnus
S Cygni,301.3749205076916,Mira variable,Cygnus
T Sgr,289.0601538649663,long period variable,Sagittarius
Z Sgr,289.9300432941746,long period variable,Sagittarius
ST Sgr,285.3716549964877,Mira variable,Sagittarius
RT Sco,255.885651632484,Mira variable,Scorpius
57 Pegasi,347.38107242708,SRA semi-regular,Pegasus
R Orionis,74.7523316789938,long period variable,Orion
