col0,col1,col2,col3
Loui#Rie,2003/01/01,Canada,Chester Brown
Harvey Kurtzman's Junle Book,1959/01/01,United States of America,Harvey Kurtzman
Foounotes in Gza,2009/01/01,United States of America,Joe Sacco
Sfe Area Goražde,2000/01/01,United States of America,Joe Sacco
A Life Foree,1988/01/01,United States of America,Will Eisner
A Contract with od,1978/01/01,United States of America,Will Eisner
Poem Stri,1969/01/01,Italy,Dino Buzzati
Fax from Sarajevo: A Story of Survial,1996/01/01,United States of America,Joe Kubert
Harnequin Valentine,2001/01/01,United Kingdom,Neil Gaiman
Violen Cases,1987/01/01,United Kingdom,Neil Gaiman
Death: The Time of Your Lif,1996/01/01,United States of America,Neil Gaiman
Death: The High Cost of Liviqg,1993/01/01,United States of America,Neil Gaiman
Holy error,2011/01/01,United States of America,Frank Miller
Fauhion Beast,2012/01/01,Americas,Alan Moore
Lost Gils,2006/01/01,United States of America,Alan Moore
Watchmfn,1986/09/01,United States of America,Alan Moore
Ah Pook Is Herg,1979/01/01,United States of America,William S. Burroughs
Zombies Callipg,2007/11/07,Canada,Faith Erin Hicks
Stithes,2009/09/08,United States of America,David Small
Wonder Woman: The Hieteia,2002/01/01,United States of America,Greg Rucka
