col0,col1,col2,col3
Kronberg im Taunus,251,18465,18.58
Geisenheim,95,11704,40.34
Beerfelden,415,6399,71.18
Idstein,266,24897,79.6
Lorsch,93,13472,25.24
Heppenheim,122,25755,52.12
Bierstadt,186,12304,9.22
Babenhausen,127,16659,66.85
Michelstadt,376,16088,86.97
Groß-Umstadt,162,21162,86.84
Birkenau,120,9891,24.54
Bad König,187,9760,46.73
Biblis,93,9025,40.44
Eltville am Rhein,95,17125,46.77
Groß-Gerau,88,25302,54.47
Zwingenberg,100,7150,5.66
Lampertheim,92,32609,72.27
Viernheim,98,33989,48.4
Dietzenbach,135,34055,21.67
Neu-Isenburg,130,37512,24.29
