col0,col1,col2,col3
Miguel Iglesias District,235.73,2900,3870
Pachamarca District,160.06,2730,1856
Vilca District,317.76,3275,1891
Lacroja District,76.76,3379,3372
Sapallanga District,119.02,3295,21096
Paucarbamba District,101.41,3370,4346
Ichocán District,76.11,2596,1901
Laria District,78.45,3861,746
La Ramada District,30.27,1100,3652
Palca,82.08,3527,2005
Mariscal Cáceres District,5.63,2847,509
Vitoc District,313.85,1050,1814
Sitacocha District,589.94,2956,7535
Ocoyo District,154.71,1950,812
Sorochuco District,170.02,2540,7352
Pilchaca District,42.97,3584,500
Huachocolpa District,336.28,3956,1875
San Juan de Jarpa District,129,3646,2658
San Antonio de Cusicancha District,255.86,3228,1358
Marco District,28.8,3461,1451
José Gálvez District,58.01,2590,2558
Manta District,154.14,3727,953
Obas District,123.16,3526,3845
Santiago de Quirahuara District,169.32,2802,376
Tunan Marca District,30.07,3470,1038
Ninabamba District,60.04,2175,2097
Namballe District,684.3,1120,9098
Usquil District,445.82,3018,21388
Santo Domingo de Capillas District,248.56,3367,724
San Benito District,486.55,1370,3399
Querco District,697.31,2858,1032
Muqui District,11.74,3322,1017
Pilpichaca District,2162.92,4092,2758
Miracosta District,415.69,2990,3203
Santa Rosa District,282.8,1450,10003
Querocotillo District,697.1,1973,12987
