col0,col1,col2,col3
Parkerville,Western Australia,246,1145
Padbury,Western Australia,45,4035
Osborne Park,Western Australia,15,2023
Ocean Reef,Western Australia,35,3920
Mount Lawley,Western Australia,28,5730
Mount Helena,Western Australia,282,1578
Millendon,Western Australia,22,267
Middle Swan,Western Australia,16,1377
Mahogany Creek,Western Australia,219,449
Kinross,Western Australia,43,3461
Karrinyup,Western Australia,43,4920
Karnup,Western Australia,21,696
Kallaroo,Western Australia,42,2670
Jindalee,Western Australia,42,1317
Swanbourne,Perth,36,1937
Jandabup,Western Australia,65,145
Innaloo,Western Australia,8,4428
Hovea,Western Australia,189,313
Hope Valley,Western Australia,23,26
Nowergup,Western Australia,80,95
