col0,col1,col2,col3
Cuanza River,1394,Atlantic Ocean,Cuanza basin
Kangosjoki,206,Muonio River,Torne river basin
Hietajoki,333,Muonio River,Torne river basin
Luosujoki,190,Ylläsjoki,Torne river basin
Köyhäjoki,34,Perhonjoki,Perhonjoki Basin
Lismajoki,300,Ivalo River,Paatsjoki basin
Tolosjoki,154,Ivalo River,Paatsjoki basin
Kapsajoki,189,Loukinen,Kemijoki basin
Kopsusjoki,257,Lokka Reservoir,Kemijoki basin
Hietajoki,166,Luiro,Kemijoki basin
Harrihaara,260,Luiro,Kemijoki basin
Hanhijoki,245,Luiro,Kemijoki basin
Ounasjoki,127,Kemijoki,Kemijoki basin
Livojoki,120,Iijoki,Iijoki Basin
Kakslauttanen,257,Tolosjoki,Paatsjoki basin
Lismajoki,193,Kapsajoki,Kemijoki basin
East Branch Potato Creek,1611,Potato Creek,Allegheny River basin
Lindsay Creek,745,Clearwater River,Snake River basin
Matojoki,160,Mainuanjärvi,Oulujoki Basin
Mainuanjoki,138,Vuottolahti,Oulujoki Basin
