col0,col1,col2,col3
Vasula,313,Tartu Rural Municipality,Estonia
Parksepa,620,Võru Rural Municipality,Estonia
Väimela,569,Võru Rural Municipality,Estonia
Kose,586,Võru Rural Municipality,Estonia
Käru,377,Türi Rural Municipality,Estonia
Väätsa,579,Türi Rural Municipality,Estonia
Särevere,621,Türi Rural Municipality,Estonia
Roosna-Alliku,441,Paide City,Estonia
Kanepi,577,Kanepi Rural Municipality,Estonia
Kambja,617,Kambja Rural Municipality,Estonia
Tõrvandi,1767,Kambja Rural Municipality,Estonia
Ülenurme,2456,Kambja Rural Municipality,Estonia
Külitse,768,Kambja Rural Municipality,Estonia
Räni,706,Kambja Rural Municipality,Estonia
Keava,260,Kehtna Rural Municipality,Estonia
Kehtna,1097,Kehtna Rural Municipality,Estonia
Eidapere,233,Kehtna Rural Municipality,Estonia
Kaerepere,464,Kehtna Rural Municipality,Estonia
Lelle,319,Kehtna Rural Municipality,Estonia
Juuru,483,Rapla Rural Municipality,Estonia
