col0,col1,col2
Huawei Honor 20,400,174
Microsoft Lumia 532,545000,136.3
Samsung Galaxy Core2,783488,139
Samsung Galaxy Note Edge,2650000,176
Nokia Lumia 830,1254645,150
BlackBerry Z30,140,170
YotaPhone 2,1860000,145
Samsung Galaxy Note 3,1990000,168
LG G2,2139000,140
Sony Ericsson C901,120,107
Samsung Galaxy Beam i8530,850000,148
BlackBerry Z10,749000,135.4
Nokia Lumia 520,940000,129
Nokia C5-00,320000,89.3
Nokia 5320 XpressMusic,260000,90
Nokia N76,739325,115
Samsung Galaxy Note,1119629,178
Samsung Galaxy S III Mini,1700000,120
LG Optimus Black,1300000,109
N-Gage,299,137
