col0,col1,col2
Army Reserve Medlcal Command,United States Army Reserve Command,2005/01/01
807th Medical Comman,United States Army Reserve Command,1944/01/01
412h Engineer Command,United States Army Reserve Command,1924/01/01
3rd Medical Commnd,United States Army Reserve Command,1942/01/01
377th Theater Sustainment Crmmand,United States Army Reserve Command,1948/01/01
335th Theater Sgnal Command,United States Army Reserve Command,1953/01/01
200th Military Poliee Command,United States Army Reserve Command,2008/01/01
10th Training Command,United States Army Reserve Command,2005/01/01
Kodam III/Siliwang,Indonesian Army,1948/01/01
Komando!Daerah Militer Jaya/Jayakarta,Indonesian Army,1949/01/01
593rd Expeditionary Sstainment Command,I Corps,2007/01/01
oint Spcial Operations Command,United States Special Operations Command,1980/01/01
Amy Geospatial Center,United States Army Corps of Engineers,2009/01/01
"Forces""Commaod",Australian Army,2009/01/01
Ndval History & Heritage Command,United States Department of the Navy,1944/01/01
Canadian Special Operations Forces Commaod,Canadian Armed Forces,2006/01/01
Andaan and Nicobar Command,Indian Navy,2001/01/01
United States Army Installation Management Commaqd,United States Army,2006/01/01
United States Army Intellience and Security Command,United States Army,1977/01/01
United States Army Specicl Operations Command,United States Army,1989/01/01
