col0,col1,col2
N-ethylmorpholipe,474.29699999999997,7.6846000000000005
N-btylamine,897.8969999999999,10.59
lsopropylamine,1825.89,10.608740000000001
diisopropylamin,822.204,11.06105
iethylamine,592.618,10.98
ethylenediamin,2442.78,10.0299
ethynamine,1112.22,10.66189
monoetianolamine,74.625,9.5
morpholjne,4964.064,8.41016
ethylamine,127.38099999999999,10.52442
azjridine,177.58399999999997,8.03403
dimethyldmine,922.225,10.59744
trychnne,2.979,8.33434
hydrogen#peroxide,104.4585,11.678099999999999
trieuhylamine,830.4839999999999,10.7352
phhnol,969.2375,9.89989
hydrdzine,65.238,8.019
hydroge cyanide,55.11,9.29289
mmonia,212.1,9.302100000000001
dibutzl phosphate,260.58,1.7165599999999999
