col0,col1,col2,col3
Stammheim,2393,2746,440
Travemünde,41.3,13456,3
Kwajalein,16.39,13500,730
Tristan da Cunha,207,293,2062
Panjim,36,40017,7
Kırıkkale,318,196645,713
Nelson,445,49300,0
Île Saint-Paul,8.4,0,270
Dehradun,300,578420,435
Île Amsterdam,55,28,867
Multan,3721,1606481,122
Osmaniye,3767,264373,125
Nahariya,10.5,60000,15
Feodosiya,35.2,67993,50
Brunei-Muara District,570,307000,13
Manisa,37,356702,71
Tarsus,2240,339676,23
Kalach-na-Donu,18,23947,40
Fez,320,1112072,410
Ostermundigen,5.96,17546,570
