col0,col1,col2
Second Severn Crossing,5128,456
Pelješac Bridge,2404,568
Yokohama Bay Bridge,860,460
Sai Van Bridge,2200,180
New Europe Bridge,1971,180
Saint-Nazaire Bridge,3356,404
Jintang Bridge,26540,620
Nanpu Bridge,760,423
Danube city bridge,741,186
Skarnsund Bridge,1010,530
Baluarte Bridge,1124,520
"Centennial Bridge, Panama",1052,420
Pont de Brotonne,1278,320
Tjörn Bridge,664,386
Suez Canal Bridge,3900,404
Sutong Bridge,8206,1088
Pont de Normandie,2141,856
Incheon Bridge,12500,800
Ganter Bridge,678,174
Hangzhou Bay Bridge,35673,448
