col0,col1,col2
matapa,sauce,cuisine of Mozambique
Peruvian pollada,chicken dish,Peruvian cuisine
sugo all'amatriciana,dish,cuisine of Lazio
Ossobuco,dish,Peruvian cuisine
tonkatsu,breaded cutlet,Japanese cuisine
paella valenciana,rice dish,Valencian cuisine
Margherita Pizza,Neapolitan pizza,Neapolitan cuisine
manti,dish,Turkish cuisine
bibimbap,rice dish,Korean cuisine
Spanish omelette,hors d'oeuvre,Spanish cuisine
Salzburger Nockerl,gnocchi,Austrian cuisine
Kaiserschmarrn,food,Austrian cuisine
stuffed peppers,vegetable dish,cuisine of the United States
goulash,soup,Russian cuisine
Cassoulet,stew,French cuisine
Ungui,Tita,Latin American cuisine
mala hot pot,hot pot,Sichuan cuisine
Strapačky,stuffed pasta,Hungarian cuisine
su böreği,börek,Turkish cuisine
Cağ kebabı,food,Turkish cuisine
