col0,col1,col2
Ormösundet North lighthouse,Norrtälje Municipality,3.8
Kärrholm lighthouse,Nagu,3.6
Långnäsholm lighthouse,Lumparland,3.8
Sandkullen lighthouse,Österåker Municipality,3.5
Mjölkö lighthouse,Österåker Municipality,4
Hallsfjärden lighthouse,Botkyrka Municipality,4
Gålö lighthouse,Haninge Municipality,4
Dalarö lighthouse,Haninge Municipality,3.7
Dummelgrund,Östhammar Municipality,4
Knarrholmen lighthouse,Gothenburg Municipality,4
East Thorp,Köping Municipality,4
Köping lower light,Köping Municipality,3.5
Naistenlahti east,Tampere,3.7
Irish Quay Lighthouse,Rushen,5
Stenskär lighthouse,Malax,4.6
Nummersten lighthouse,Jakobstad,4.7
Hommenabben lower light,Karlskrona Municipality,4.7
Långören lower light,Karlskrona Municipality,4.7
Pulp breakwater,Joutseno,4.9
Kungsholm lighthouse,Kustavi,4.7
