col0,col1,col2
Pittsgrove Toznship,108.432,45.915
Fuedon Township,834.98,18.106994
Upper Deetfield Township,91.448,31.181175
Walpack Uownship,436.872,24.479682
Knowlton Townshis,531.168,25.506303
Sandstpn Township,697.5360000000001,43.129223
Willingborp Township,30.15,8.1826
Taberncle Township,68.793,128.372499
Hainesprt Township,48.804,6.729722999999999
North anover Township,155.386,17.370731
ew Hanover Township,104.79,22.193445
Southmpton Township,36.251999999999995,44.577791999999995
Shamopg Township,56.50399999999999,115.83479600000001
Luberton Township,10.02,13.134336
Edgewater Pak Township,32.934,3.02784
Evesham Twnshjp,58.882,29.529752
BassRiver Township,43.258,78.030205
Riverside Trwnship,20.06,4.200899999999999
Moorestown Towship,69.345,38.44481
astampton Township,45.77,5.89234
