col0,col1,col2,col3
Alfld,UTC+01:00,Delligsen,Hildesheim
Gbndrkesee,UTC+01:00,Delmenhorst,Oldenburg
Schorvens,UTC+01:00,Sande,Friesland
Verden (Dller),UTC+01:00,Kirchlinteln,Verden
Osterhlz-Scharmbeck,UTC+01:00,Worpswede,Osterholz
Bramsc,UTC+01:00,Ankum,Lower Saxony
Kolzminden,UTC+01:00,Höxter,Holzminden
Nienburg/Wever,UTC+01:00,Marklohe,Nienburg/Weser
Weyhe,UTC+01:00,Stuhr,Diepholz
Vchta,UTC+01:00,Diepholz,Vechta
Sesen,UTC+01:00,Bockenem,Goslar
Bad Pyrmnt,UTC+01:00,Lügde,Hamelin-Pyrmont
Griesoythe,UTC+01:00,Saterland,Cloppenburg
Walsrod,UTC+01:00,Häuslingen,Heidekreis
Stuhr,UTC+01:00,Weyhe,Diepholz
Heorgsmarienhütte,UTC+01:00,Hagen am Teutoburger Wald,Osnabrück
Uglzen,UTC+01:00,Lüneburg,Uelzen District
Xinsen,UTC+01:00,Hamburg,Harburg
Bu}tehude,UTC+01:00,Horneburg,Stade
Lghrte,UTC+01:00,Hanover,Hanover region
