col0,col1,col2
Burg Meersburg,417,Germany
Burgberg,439.6,Germany
Hambach Castle,379.2,Germany
Trausnitz Castle,456,Germany
Beeston Castle,9,United Kingdom
Château d'Ancy-le-Franc,302,France
Kyburg castle,648,Switzerland
Castell de Viuet,1117.7,Spain
Castell de Benavent de la Conca,1008,Spain
Castle of Füzér,552,Hungary
Schloss Klamm,909,Austria
Are Castle,237,Germany
Altenstein,423,Germany
Château d'Aguilar,321,France
Alt-Oberhofen castle,677,Switzerland
Landštejn Castle,656,Czech Republic
Riga Castle,9,Latvia
Ahlberg,394.6,Germany
Naxburg,554,Germany
Ackeburg,318,Germany
