col0,col1,col2
Kennington,270,3057
Keilor Downs,83,5053
Kangaroo Flat,262,5486
Hurstbridge,109,1752
Hughesdale,59,3935
Hoppers Crossing,30,19365
Highett,41,5533
Heathmont,114,4923
Hawthorn East,49,7488
Hampton Park,27,12551
Hampton East,37,2439
Hampton,25,6922
Hallam,23,5451
Hadfield,85,2867
Greenvale,155,7688
Greensborough,75,10689
Golden Square,235,4629
Glen Huntly,48,2574
Geelong West,26,3661
Footscray,27,7800
Fitzroy North,36,6633
Ferntree Gully,125,13485
Fairfield,39,3353
Epping,131,16305
Elsternwick,26,5450
Edithvale,7,2975
East Melbourne,32,2612
Docklands,12,5316
Diamond Creek,91,5916
Delahey,95,4297
Deer Park,52,9105
Crib Point,12,1602
Cremorne,12,959
Cranbourne North,41,10066
Craigieburn,186,25048
Coolaroo,148,1637
Clifton Hill,24,3273
Clayton South,55,6155
Clayton,88,9617
Clarkefield,327,155
Chelsea,9,4205
Chadstone,60,4370
Caulfield South,28,6104
Caulfield,36,2942
Caulfield East,51,845
Carrum,6,2095
Carnegie,50,9025
Cardinia,6,170
Campbellfield,117,2457
Burnley,12,404
Bunyip,47,1276
Brookfield,121,4703
Broadmeadows,125,5771
Brighton East,23,8412
Box Hill South,105,4479
Box Hill North,81,6114
Box Hill,103,5787
Bonbeach,8,3310
Bentleigh,31,8354
