col0,col1,col2
Lenina Prospekt,Kemerovo,7.85
Kalinina Avenue,Barnaul,4.8
Moskovsky Prospekt,Yaroslavl,6.5
"Obolonskyi Avenue, Kiev",Kyiv,4800
Moskovskiy Prospekt,Kaliningrad,8.17
Park Avenue,Perm,2.6
Kosmonautov prospect (Yekaterinburg),Yekaterinburg,9.8
Prospekt Akademika Sakharova (Yekaterinburg),Yekaterinburg,2.36
Marshala Blyukhera Prospekt,Saint Petersburg,4.7
Lenina Prospekt (Krasnoye Selo),Saint Petersburg,4610
Lenin Avenue (Kolpino),Saint Petersburg,2300
Kuznetsov Prospect,Saint Petersburg,1860
Kosmonavtov Prospekt (Saint Petersburg),Saint Petersburg,4900
Dinamo Prospekt (Saint Petersburg),Saint Petersburg,1.42
Piskaryovsky Prospect,Saint Petersburg,8
Petrovsky Prospekt (Saint Petersburg),Saint Petersburg,1780
Marshala Zhukova Prospekt,Moscow,9.6
Nakhimovsky Prospekt,Moscow,5.1
Mykoly Bazhana Avenue,Darnytsia Raion,6150
"Svobody Avenue, Kiev",Podil Raion,1710
