col0,col1,col2
Statue of Saint Michael in Judicial Complex Brno,Brno,Encyclopedia of Brno history
"Statue of Tomáš Garrigue Masaryk, Radslavice (Přerov)",Radslavice,Chaloupky naše buďte požehnány
Statue of Leoš Janáček,Brno-město,Encyclopedia of Brno history
Morava,Brno-město,Encyclopedia of Brno history
Wolfgang Amadeus Mozart statue,Brno-město,Encyclopedia of Brno history
Bust of Karel starší ze Žerotína,Brno-město,Encyclopedia of Brno history
"Statue of Tomáš Garrigue Masaryk, Brno",Brno-město,Encyclopedia of Brno history
Liška Bystrouška,Veveří,Encyclopedia of Brno history
Sitting woman,Brno-Žabovřesky,Encyclopedia of Brno history
Spravedlnost,Brno-střed,Encyclopedia of Brno history
Sladké nic nedělání,Brno,Encyclopedia of Brno history
Můza,Brno,Encyclopedia of Brno history
Anchor,Brno,Encyclopedia of Brno history
Bradáč,Old Town,Vlastenský slovník historický
Sarcophagus of Harkhebit,New York City,Heilbrunn Timeline of Art History
Statuette of Nike,Athens Municipality,Sculpture in the National Archaeological Museum
Statuette of a woman,Athens,Sculpture in the National Archaeological Museum
Statue of Hygieia by Timotheos,Athens,Sculpture in the National Archaeological Museum
Nike Epidauros,Athens,Sculpture in the National Archaeological Museum
Peter-von-Cornelius-Memorial,Düsseldorf,Das Düsseldorfer Cornelius-Fest
