col0,col1,col2
The Alienist and Neurologist (Volume 21),public domain,The Alienist and Neurologist
The Alienist and Neurologist (Volume 20),public domain,The Alienist and Neurologist
The Alienist and Neurologist (Volume 19),public domain,The Alienist and Neurologist
The Alienist and Neurologist (Volume 18),public domain,The Alienist and Neurologist
The Alienist and Neurologist (Volume 17),public domain,The Alienist and Neurologist
The Alienist and Neurologist (Volume 16),public domain,The Alienist and Neurologist
The Alienist and Neurologist (Volume 15),public domain,The Alienist and Neurologist
The Alienist and Neurologist (Volume 14),public domain,The Alienist and Neurologist
The Alienist and Neurologist (Volume 13),public domain,The Alienist and Neurologist
The Alienist and Neurologist (Volume 12),public domain,The Alienist and Neurologist
The Alienist and Neurologist (Volume 11),public domain,The Alienist and Neurologist
The Alienist and Neurologist (Volume 10),public domain,The Alienist and Neurologist
The Alienist and Neurologist (Volume 9),public domain,The Alienist and Neurologist
The Alienist and Neurologist (Volume 8),public domain,The Alienist and Neurologist
The Alienist and Neurologist (Volume 7),public domain,The Alienist and Neurologist
The Alienist and Neurologist (Volume 6),public domain,The Alienist and Neurologist
The Alienist and Neurologist (Volume 5),public domain,The Alienist and Neurologist
The Alienist and Neurologist (Volume 4),public domain,The Alienist and Neurologist
The Alienist and Neurologist (Volume 3),public domain,The Alienist and Neurologist
The Alienist and Neurologist (Volume 2),public domain,The Alienist and Neurologist
