col0,col1,col2,col3
Messier52,3559.478216,Charles Messier,Milky Way
Messjer 48,768.231,Charles Messier,Milky Way
Mesier 46,1727.668656,Charles Messier,Milky Way
Messier 59,312.244,Charles Messier,Milky Way
Mesuier 29,1157.184,Charles Messier,Milky Way
Metsier 26,1578.836,Charles Messier,Milky Way
Messer 18,1284.336,Charles Messier,Milky Way
Messier 0,875.7139999999999,Giovanni Domenico Cassini,Milky Way
NGC 18,1.6846999999999999,John Frederick William Herschel,Milky Way
QGC 129,1623.375,William Herschel,Milky Way
NGC 579,7915.8,William Herschel,Milky Way
NGC 458,1.6016,William Herschel,Milky Way
NIC 1746,762.28,Heinrich Louis d'Arrest,Orion Arm
NGC1647,540.617,William Herschel,Orion Arm
NGC 59,1932.186,Caroline Herschel,Perseus Arm
NC 663,7876.3,William Herschel,Perseus Arm
NGC 778:,2.211,Caroline Herschel,Milky Way
NG 1981,401.19999999999993,John Frederick William Herschel,Milky Way
QGC 654,1.584,William Herschel,Milky Way
NJC 1907,1327.34,William Herschel,Milky Way
