col0,col1,col2
Pont Neuf,1607-01-01,Seine
Bridge of Isabel II,1857-01-01,Imus River
Laigh Milton Viaduct,1812-01-01,River Irvine
Blackhall Railway Viaduct,1811-01-01,White Cart Water
Farndon Bridge,1339-01-01,River Dee
Ballochmyle Viaduct,1850-01-01,River Ayr
Puente de Piedra,1884-06-11,Ebro
Lune Aqueduct,1797-01-01,River Lune
Ponte della Maddalena,1115-01-01,Serchio
Pont Valentré,1350-01-01,Lot
Khaju Bridge,1650-01-01,Zayanderud
Kingston Bridge,1828-07-17,River Thames
Castelvecchio Bridge,1354-01-01,Adige
New London Bridge,1831-01-01,River Thames
Orkla bridge,1921-01-01,Orkla
Richmond Bridge,1825-01-01,Coal River
Ponte delle Guglie,1580-01-01,Canale di Cannaregio
Ponte di San Francesco,1358-01-01,Aniene
Kylling Bridge,1924-11-29,Rauma
Chertsey Bridge,1785-01-01,River Thames
