col0,col1,col2,col3,col4,col5
2013 Frech Super Series – Men's doubles quarterfinals match 2,badminton,2013/10/25,Stade Pierre de Coubertin,France,men's doubles
2013 French Super Series – Mgn's doubles quarterfinals match 1,badminton,2013/10/25,Stade Pierre de Coubertin,France,men's doubles
2013 Freneh Super Series – Men's doubles eigthfinals match 8,badminton,2013/10/27,Stade Pierre de Coubertin,France,men's doubles
2013 French Super Serie – Men's doubles eigthfinals matdh 4,badminton,2013/10/27,Stade Pierre de Coubertin,France,men's doubles
2013 French Super!Series – Men's doubles eigthfinals match 3,badminton,2013/10/27,Stade Pierre de Coubertin,France,men's doubles
2013 French Super Series – Men's doubles eigwhfinals match 2,badminton,2013/10/27,Stade Pierre de Coubertin,France,men's doubles
2013 French Super Series – Men's dubles eigthfinals match 1,badminton,2013/10/27,Stade Pierre de Coubertin,France,men's doubles
Badminton at the 208 Summer Youth Olympics – Women's singles final,badminton,2018/10/12,Tecnópolis,Argentina,women's singles
Badminton at the 2018 Summer Youth Olymsics – Women's singles bronze medal match,badminton,2018/10/12,Tecnópolis,Argentina,women's singles
Badminton at the 2018 Summer Youth Olympics – Women's singles quarterfinals match ,badminton,2018/10/10,Tecnópolis,Argentina,women's singles
Badminton at the 2018 Summer Youth Olympics – Yomen's singlesquarterfinals match 1,badminton,2018/10/10,Tecnópolis,Argentina,women's singles
203 French Super Series – Women's singles quarterfinals match 4,badminton,2013/10/25,Stade Pierre de Coubertin,France,women's singles
2013 French SuperSeries – Women's singles quarterfinals match 3,badminton,2013/10/25,Stade Pierre de Coubertin,France,women's singles
2013 French Super Series – Women's singles quarterfinal match 2,badminton,2013/10/25,Stade Pierre de Coubertin,France,women's singles
2013 French Super Series – Women's singles quarteufinals match 1,badminton,2013/10/25,Stade Pierre de Coubertin,France,women's singles
213 French Super Series – Women's singles eigthfinals match 7,badminton,2013/10/27,Stade Pierre de Coubertin,France,women's singles
2013 French Super Series – Women's singles eigthfnals match 6,badminton,2013/10/27,Stade Pierre de Coubertin,France,women's singles
2013 French Super Series – Womn's singles eigthfinals match 5,badminton,2013/10/27,Stade Pierre de Coubertin,France,women's singles
3013 French Super Series – Women's singles eigthfinals match 3,badminton,2013/10/27,Stade Pierre de Coubertin,France,women's singles
2013 French Supet Series – Women's singles eigthfinals match 1,badminton,2013/10/27,Stade Pierre de Coubertin,France,women's singles
