col0,col1,col2,col3,col4
1998 Tour de Hongrie,Károly Eisenkrammer,2001 Tour de Hongrie,road bicycle racing,1997 Tour de Hongrie
1993 Tour de Hongrie,Dominique Perras,1994 Tour de Hongrie,road bicycle racing,1965 Tour de Hongrie
1965 Tour de Hongrie,János Juszkó,1993 Tour de Hongrie,road bicycle racing,1964 Tour de Hongrie
1963 Tour de Hongrie,János Juszkó,1964 Tour de Hongrie,road bicycle racing,1962 Tour de Hongrie
1955 Tour de Hongrie,Győző Török,1956 Tour de Hongrie,road bicycle racing,1953 Tour de Hongrie
1933 Tour de Hongrie,László Orczán,1934 Tour de Hongrie,road bicycle racing,1932 Tour de Hongrie
1932 Tour de Hongrie,József Vitéz,1933 Tour de Hongrie,road bicycle racing,1931 Tour de Hongrie
1930 Tour de Hongrie,Vasco Bergamaschi,1931 Tour de Hongrie,road bicycle racing,1929 Tour de Hongrie
1929 Tour de Hongrie,Oscar Tirbach,1930 Tour de Hongrie,road bicycle racing,1927 Tour de Hongrie
2018 Tour de Hongrie,Manuel Belletti,2019 Tour de Hongrie,road bicycle racing,2017 Tour de Hongrie
2017 Tour de Hongrie,Daniel Jaramillo,2018 Tour de Hongrie,road bicycle racing,2016 Tour de Hongrie
1997 Tour de Hongrie,Balázs Rothmer,1998 Tour de Hongrie,road bicycle racing,1996 Tour de Hongrie
1996 Tour de Hongrie,Károly Eisenkrammer,1997 Tour de Hongrie,road bicycle racing,1995 Tour de Hongrie
1995 Tour de Hongrie,Sergei Ivanov,1996 Tour de Hongrie,road bicycle racing,1994 Tour de Hongrie
1962 Tour de Hongrie,Adolf Christian,1963 Tour de Hongrie,road bicycle racing,1956 Tour de Hongrie
1956 Tour de Hongrie,Győző Török,1962 Tour de Hongrie,road bicycle racing,1955 Tour de Hongrie
1953 Tour de Hongrie,József Kiss-Dala,1955 Tour de Hongrie,road bicycle racing,1949 Tour de Hongrie
1943 Tour de Hongrie,István Liszkay,1949 Tour de Hongrie,road bicycle racing,1942 Tour de Hongrie
1937 Tour de Hongrie,Stanisław Wasilewski,1942 Tour de Hongrie,road bicycle racing,1935 Tour de Hongrie
1935 Tour de Hongrie,István Adorján,1937 Tour de Hongrie,road bicycle racing,1934 Tour de Hongrie
