col0,col1,col2
Sakamoto Cable,1927-01-01,1927-03-15
Rokko Cable Line,1932-01-01,1932-01-01
Maya Cablecar,1925-01-01,1925-01-06
Kurama-dera Cable,1957-01-01,1957-01-01
Keifuku Cable Line,1925-01-01,1925-12-20
Aleksotas Funicular Railway,1935-01-01,1935-01-01
Aberystwyth Cliff Railway,1896-08-01,1896-08-01
Old Quebec Funicular,1879-01-01,1879-01-01
Ancien funiculaire de Super-Cannes,1928-01-01,1928-01-01
Peak Tram,1888-05-30,1888-05-30
Kiev Funicular,1905-01-01,1905-01-01
Gurtenbahn,1898-01-01,1899-01-01
Belleville funicular tramway,1891-01-01,1891-08-25
Gardena Ronda Express funicular,2004-01-01,2004-12-22
Hakone Tozan Cable Car,1922-01-01,1921-12-01
Carmelit,1956-01-01,1959-01-01
Dorfbahn Serfaus,1985-01-01,1985-12-14
F1,2006-01-01,2006-06-29
Funicular de Montjuïc,1928-01-01,1928-10-24
Tünel,1875-01-17,1875-01-17
