col0,col1,col2
Annan District,193704,107.2016
West Central District,78276,6.26
Yongkang District,234231,40.38
Daxi,94875,40.6
Dongshan District,20905,124.1978
Xinying District,78288,38.54
Fengshan District,354093,26.76
Sanxia District,115670,191
Banqiao District,554008,23.1368
"Dadu District, Taichung",56654,37.0024
East District,75811,9.2885
Zhongshan District,231068,13.68
Xinyi District,226379,11.21
Wenshan District,274689,31.51
Neihu District,287746,31.58
Nangang District,122214,21.84
Datong District,129667,5.68
Shilin District,289149,62.37
Da'an District,311124,11.36
Beitou District,256766,56.82
