col0,col1,col2,col3,col4,col5,col6
1984 European Badminton Championships – Mixed doubles,1984-04-14,1986 European Badminton Championships – Mixed doubles,United Kingdom,1984-04-08,mixed doubles,1984-01-01
1978 European Badminton Championships – Mixed doubles,1978-04-15,1980 European Badminton Championships – Mixed doubles,United Kingdom,1978-04-13,mixed doubles,1978-01-01
1970 European Badminton Championships – Mixed doubles,1970-04-19,1972 European Badminton Championships – Mixed doubles,United Kingdom,1970-04-17,mixed doubles,1970-01-01
2005 European Junior Badminton Championships – Mixed doubles,2005-03-27,2007 European Junior Badminton Championships – Mixed doubles,Netherlands,2005-03-19,mixed doubles,2005-01-01
1994 European Badminton Championships – Mixed doubles,1994-04-17,1996 European Badminton Championships – Mixed doubles,Netherlands,1994-04-10,mixed doubles,1994-01-01
2013 European Junior Badminton Championships – Mixed doubles,2013-03-31,2015 European Junior Badminton Championships – Mixed doubles,Turkey,2013-03-22,mixed doubles,2013-01-01
1974 European Badminton Championships – Mixed doubles,1974-04-20,1976 European Badminton Championships – Mixed doubles,Austria,1974-04-18,mixed doubles,1974-01-01
2004 European Badminton Championships – Mixed doubles,2004-04-24,2006 European Badminton Championships – Mixed doubles,Switzerland,2004-04-16,mixed doubles,2004-01-01
2009 European Junior Badminton Championships – Mixed doubles,2009-04-12,German Badminton Championships,Italy,2009-04-03,mixed doubles,2009-01-01
2017 European Badminton Championships – Mixed doubles,2017-04-30,2018 European Badminton Championships – Mixed doubles,Denmark,2017-04-25,mixed doubles,2017-01-01
1996 European Badminton Championships – Mixed doubles,1996-04-20,1998 European Badminton Championships – Mixed doubles,Denmark,1996-04-13,mixed doubles,1996-01-01
2008 European Badminton Championships – Mixed doubles,2008-04-20,2010 European Badminton Championships – Mixed doubles,Denmark,2008-04-16,mixed doubles,2008-01-01
2002 European Badminton Championships – Mixed doubles,2002-04-20,2004 European Badminton Championships – Mixed doubles,Sweden,2002-04-13,mixed doubles,2002-01-01
1986 European Badminton Championships – Mixed doubles,1986-04-05,1988 European Badminton Championships – Mixed doubles,Sweden,1986-03-30,mixed doubles,1986-01-01
2011 European Junior Badminton Championships – Mixed doubles,2011-07-24,2013 European Junior Badminton Championships – Mixed doubles,Finland,2011-07-15,mixed doubles,2011-01-01
1976 European Badminton Championships – Mixed doubles,1976-04-07,1978 European Badminton Championships – Mixed doubles,Ireland,1976-04-06,mixed doubles,1976-01-01
1988 European Badminton Championships – Mixed doubles,1988-04-16,1990 European Badminton Championships – Mixed doubles,Norway,1988-04-10,mixed doubles,1988-01-01
2015 Orléans International Challenge – Women's doubles,2015-03-29,2016 Orléans International Challenge – Women's doubles,France,2015-03-26,women's doubles,2015-01-01
2014 French International Badminton Championships – Women's doubles,2014-03-30,2015 Orléans International Challenge – Women's doubles,France,2014-03-27,women's doubles,2014-01-01
2013 French International Badminton Championships – Women's doubles,2013-03-31,2014 French International Badminton Championships – Women's doubles,France,2013-03-28,women's doubles,2013-01-01
2012 French International Badminton Championships – Women's doubles,2012-04-08,2013 French International Badminton Championships – Women's doubles,France,2012-04-05,women's doubles,2012-01-01
