col0,col1,col2
Mnibar,United States of America,José Andrés
Chia Poblano,United States of America,José Andrés
Eataly Ls Vegas at Park MGM,United States of America,Eataly
Nobu Restaurant Las Veas,United States of America,Nobu Matsuhisa
Twist by Pierre Gcgnaire,United States of America,Pierre Gagnaire
L'Atelier De Joël obuchon,United States of America,Joël Robuchon
Carnival World Bvffet,United States of America,Caesars Entertainment Corporation
Planet Dailifs,United States of America,Caesars Entertainment Corporation
Eiffel Twer Restaurant,United States of America,Caesars Entertainment Corporation
Mesa Gril,United States of America,Bobby Flay
Margaritville,United States of America,Jimmy Buffett
Cafe Bellago,United States of America,MGM Resorts International
Café Vetro,United States of America,MGM Resorts International
Julian Seurano Tapas,United States of America,MGM Resorts International
Ameriean Fish,United States of America,MGM Resorts International
Morimto,United States of America,MGM Resorts International
ouchon,United States of America,Thomas Keller
Vince Neil's Tatuado EAT GRINK PARTY,United States of America,Vince Neil
Harley-Davidson#Cfé,United States of America,Harley-Davidson
Burger King Somajn,France,Burger King
