col0,col1,col2
Gömör és Kis-Hont County,Rimavská Sobota,Brockhaus and Efron Encyclopedic Dictionary
Nógrád County,Balassagyarmat,Brockhaus and Efron Encyclopedic Dictionary
Ugocsa County,Vynohradiv,Brockhaus and Efron Encyclopedic Dictionary
Hont County,Šahy,Brockhaus and Efron Encyclopedic Dictionary
Csongrád County,Szentes,Brockhaus and Efron Encyclopedic Dictionary
Szolnok-Doboka County,Dej,Brockhaus and Efron Encyclopedic Dictionary
Csanád County,Makó,Brockhaus and Efron Encyclopedic Dictionary
Békés County,Gyula,Brockhaus and Efron Encyclopedic Dictionary
Komárom County,Komárno,Brockhaus and Efron Encyclopedic Dictionary
Moson County,Mosonmagyaróvár,Brockhaus and Efron Encyclopedic Dictionary
Hunyad County,Deva,Brockhaus and Efron Encyclopedic Dictionary
Bács-Bodrog County,Sombor,Brockhaus and Efron Encyclopedic Dictionary
Háromszék County,Sfântu Gheorghe,Brockhaus and Efron Encyclopedic Dictionary
Torontál County,Zrenjanin,Brockhaus and Efron Encyclopedic Dictionary
Tolna County,Szekszárd,Brockhaus and Efron Encyclopedic Dictionary
Beszterce-Naszód County,Bistrița,Brockhaus and Efron Encyclopedic Dictionary
Szatmár County,Satu Mare,Brockhaus and Efron Encyclopedic Dictionary
Somogy County,Kaposvár,Brockhaus and Efron Encyclopedic Dictionary
Jász-Nagykun-Szolnok County,Szolnok,Brockhaus and Efron Encyclopedic Dictionary
Esztergom County,Esztergom,Brockhaus and Efron Encyclopedic Dictionary
