col0,col1,col2
"Bolesławów, Lower Silesian Voivodeship",Gromada Bolesławów,595
Trzebieszowice,Gromada Trzebieszowice,400
Białośliwie,Gromada Białośliwie,97
"Borów, Strzelin County",Gmina Borów,147
"Bolesławiec, Łódź Voivodeship","Gmina Bolesławiec, Łódź Voivodeship",170
"Biała, Wieluń County","Gmina Biała, Łódź Voivodeship",181
Szydłów,Gmina Szydłów,250.6
Snowidza,Gromada Snowidza,182
"Cychry, West Pomeranian Voivodeship",Gromada Cychry,38
Wińsko,Gmina Wińsko,178
"Bielawy, Łowicz County",Gmina Bielawy,100
Barciany,Gromada Barciany,61
Góra Świętej Małgorzaty,Gmina Góra Świętej Małgorzaty,136
Grębocice,Gmina Grębocice,87
"Krzeszów, Lower Silesian Voivodeship",Gromada Krzeszów,475
Andrespol,Gmina Andrespol,213
"Bieliny, Świętokrzyskie Voivodeship",Gmina Bieliny,297
"Aleksandrów, Piotrków County","Gmina Aleksandrów, Łódź Voivodeship",208
Kondratowice,Gmina Kondratowice,167
Babsk,Gromada Babsk,142
