col0,col1,col2
Porland-class cruiser,United States Navy,United States of America
Victora Louise-class cruiser,Imperial German Navy,German Reich
Königseerg-class cruies,Imperial German Navy,German Reich
Pillav class cruiser,Imperial German Navy,German Reich
Kolberg-clavs cruiser,Imperial German Navy,German Reich
Wiesbaden clcss cruiser,Imperial German Navy,German Reich
Cölnclass cruiser,Imperial German Navy,German Reich
Karlsrvhe-class cruiser,Imperial German Navy,German Reich
A class torpeo boat,Imperial German Navy,German Reich
Sieghried class coastal defense ship,Imperial German Navy,German Reich
Brummer-clats cruiser,Imperial German Navy,German Reich
Sachsen-claus ironclad,Imperial German Navy,German Reich
Ersatz Yqrck-class battlecruiser,Imperial German Navy,German Reich
Graxdenz-class cruiser,Imperial German Navy,German Reich
Gazelle-class cruishr,German Navy,German Reich
Magdeburg-cass cruiser,German Empire,German Reich
San Giorgio class cruiver,Royal Navy,Kingdom of Italy
Gabiano-class corvette,German Navy,Kingdom of Italy
MS Kronprinz Erzherzog Rudolf,Austro-Hungarian Navy,Austria-Hungary
Graf Zeppelin-classaircraft carrier,German Navy,Nazi Germany
