col0,col1,col2,col3,col4
"2017 Tour of Belgium, Stage 4",road bicycle racing,Ans,2017-05-27,Belgium
"2017 Tour of Belgium, Stage 2",road bicycle racing,Knokke-Heist,2017-05-25,Belgium
"2017 Vuelta a Asturias, Stage 3",road bicycle racing,Cangas del Narcea,2017-05-01,Spain
"2017 Vuelta a Asturias, Stage 1",road bicycle racing,Oviedo,2017-04-29,Spain
1st Stage of the 2017 Tour of Burgos (Spain),road bicycle racing,Burgos,2017-08-01,Spain
"2012 Tour of Norway, Stage 5",road bicycle racing,Gjøvik,2012-05-20,Norway
"2012 Tour of Norway, Stage 4",road bicycle racing,Hamar Municipality,2012-05-19,Norway
Stage 5 of the Tour Down Under 2017,road bicycle racing,McLaren Vale,2017-01-21,Australia
Stage 2 of the Tour Down Under 2017,road bicycle racing,Stirling,2017-01-18,Australia
"2017 Tour de France, Stage 14",road bicycle racing,Blagnac,2017-07-15,France
"2017 Tour de France, Stage 19",road bicycle racing,Embrun,2017-07-21,France
"2017 Tour de France, Stage 16",road bicycle racing,Le Puy-en-Velay,2017-07-18,France
3rd stage of the 2016 Tour de l'Avenir,road bicycle racing,Bourg-en-Bresse,2016-08-22,France
"2017 Tirreno–Adriatico, Stage 3",road bicycle racing,Monterotondo Marittimo,2017-03-10,Italy
"2017 Giro d'Italia, Stage 1",road bicycle racing,Alghero,2017-05-05,Italy
"2017 Giro d'Italia, Stage 2",road bicycle racing,Olbia,2017-05-06,Italy
"2017 Giro d'Italia, Stage 6",road bicycle racing,Reggio Calabria,2017-05-11,Italy
"2017 Tirreno–Adriatico, Stage 6",road bicycle racing,Ascoli Piceno,2017-03-13,Italy
"2016 Grand Prix Elsy Jacobs, Stage 1",road bicycle racing,Steinfort,2016-04-30,Luxembourg
"2016 Grand Prix Elsy Jacobs, Stage 2",road bicycle racing,Garnich,2016-05-01,Luxembourg
