col0,col1,col2
Ugly,136,Burn Slow
Look What You Made Me Do,128,I Don't Wanna Live Forever
This Is What You Came For,124,Hype
What Do You Mean?,125,Sorry
One Last Time,125,Focus
Tonight I'm Getting Over You,126,Take a Picture
Lips Are Movin,139,Marvin Gaye
Outside,128,Open Wide
Blame,132,Outside
All About That Bass,134,Title
Break Free,130,Bang Bang
Timber,130,I'm a Freak
Dark Horse,132,Birthday
Work Bitch,128,Perfume
Unconditionally,129,Dark Horse
Wake Me Up,124,You Make Me
Marry the Night,132,Applause
Neon Lights,126,Really Don't Care
People Like Us,128,Tie It Up
C'Mon,126,Crazy Kids
