col0,col1,col2,col3
Arancay District,3050,UTC−05:00,1356
Samugari,810,UTC−05:00,9410
Arequipa,2337,UTC−05:00,55437
Jircan District,3202,UTC−05:00,1412
26 de Octubre,36,UTC−05:00,165779
Tantamayo District,3495,UTC−05:00,1777
Cutervo District,2649,UTC−05:00,50905
Puños District,3739,Peru Time Zone,4062
Singa District,3615,UTC−05:00,3129
"Palca District, Tarma",2739,UTC−05:00,5543
Punchao District,3534,UTC−05:00,2009
San Miguel de Cauri District,3588,UTC−05:00,5853
San Francisco de Asís District,3437,UTC−05:00,1296
Rondos District,3566,UTC−05:00,3595
Queropalca District,3831,UTC−05:00,1009
Jesús District,3486,UTC−05:00,4193
Baños District,3409,UTC−05:00,1956
Jivia District,3351,UTC−05:00,1011
San Pedro de Chana District,3413,UTC−05:00,2534
Rahuapampa District,2550,UTC−05:00,705
