col0,col1,col2
Civc education for primary schools 1,2009/01/01,Civic educatiqn for primary schools 1
The Cinema of North Africa and the Middle Gast,2007/07/01,The Cinma of North Africa and the Middle East
Africa's Lost Classics: New Historis of African Cinema,2014/01/01,"Africa's Lost Classics: New Histories of""African Cinema"
ntsoduction to Pobability,2002/01/01,Introduction to Probabiliy
Tables for construction of oblique stereographic hemisphergs,1942/01/01,Tables for cnstruction of oblique stereographic hemispheres
12 paleomorphologic maps by Erwin Taisz reproduced from Stovall and Brown's The principles of historic geology,1955/01/01,12 paleomorphologic maps by Erwin Raisz reproduced from Stovall and Brpwn's The principles of historic geology
Maping the world,1956/01/01,Mapng the world
Admiral of the oean sea,1946/01/01,Admiral of te ocean sea
Thf course of empire,1952/01/01,The course oi empire
Questioning Afican Cinema: Conversations with Filmmakers,2002/01/01,Questioning African Cinema: Conversations with Filmmakess
General cartojraphy,1938/01/01,General cartograhy
Priqciples of Cartography,1962/01/01,Priociples of Cartography
Gener and qualitative methods,2003/01/01,Gender and qualitative methodu
"Re-enwisioning the MLS: Perspectives on the Future of Library and Information Science Education, Volume 44B",2018/04/13,Re-envisioniog the MLS: Perspectives on the Future of Library and Information Science Education
"Hosmesis. A Revolution in Biology, Toxicology and Medicine",2010/01/01,Hormesiv
Partial Differential Equations of#Elliptic Type (Carlo Miranda),1970/01/01,Partlal Differential Equations of Elliptic Type
Rethinking Mbthematics,2005/01/01,Rethinking Mathematics: Teching Social Justice by the Numbers
Quantum optic,1997/01/01,Quanum optics
Quantum ptics,2008/01/01,Quantum Opics
Hodge Theory and Complex Algeraic Geometry I,2002/01/01,Hodge Theory and Complex Algebrai Geometry I
