col0,col1,col2
Charisma,Charisma,Latin script
Shevonne,Shevonne,Latin script
Jenelle,Jenelle,Latin script
Honora,Honora,Latin script
Mary-Anne,Mary-Anne,Latin script
Nuala,Nuala,Latin script
Mary Angela,Mary Angela,Latin script
Richelle,Richelle,Latin script
Jocelin,Jocelin,Latin script
Anna-Catherine,Anna-Catherine,Latin script
Aideen,Aideen,Latin script
Breeda,Breeda,Latin script
Olwyn,Olywn,Latin script
Leigh-Anne,Leigh-Anne,Latin script
Maegan,Maegan,Latin script
Deloris,Deloris,Latin script
Tichina,Tichina,Latin script
Nichole,Nichole,Latin script
Shaundi,Shaundi,Latin script
Joanell,Joanell,Latin script
