col0,col1,col2
HD 144432,Herbig Ae/Be star,-27.7193772268271
57 Tauri,Delta Scuti variable,14.0352054116751
PZ Telescopii,BY Draconis variable,-50.180528161135
YZ Canis Minoris,BY Draconis variable,3.5524660639781
HU Aquarii,Polar,-5.29459944006056
Van Biesbroeck 8,flare star,-8.39465358433806
NSV 1436,dwarf nova,42.84609514671556
V718 Persei,T Tauri type star,32.1265435675234
Rho3 Arietis,rotating variable star,18.0232403301703
14 Ceti,rotating variable star,-0.505610595736
Lambda Eridani,Lambda Eridani variable,-8.75408078417
Theta1 Orionis B,eclipsing binary star,-5.3852472
V Puppis,eclipsing binary star,-49.24491118667
HD 29365,eclipsing binary star,20.6847253190242
EF Eridani,eclipsing binary star,-22.59525472749889
10 Leonis Minoris,RS Canum Venaticorum variable,36.3975600854984
39 Ceti,RS Canum Venaticorum variable,-2.5003693301396
Rho Cygni,RS Canum Venaticorum variable,45.59183829194
HD 159176,rotating ellipsoidal variable,-32.5816567886665
Lambda Columbae,rotating ellipsoidal variable,-33.8013612630236
