col0,col1,col2
City of Busselton,13,36686
City of Melville,32,98083
Town of Claremont,19,10054
City of Wanneroo,50,188212
Shire of Bridgetown-Greenbushes,184,4660
Town of Mosman Park,27,8757
Shire of Wandering,356,444
Shire of Dandaragan,160,3213
Shire of Gingin,60,5217
Shire of Three Springs,254,594
City of Kalgoorlie-Boulder,201,30059
Shire of Kent,336,559
Shire of Denmark,33,5845
Shire of Serpentine-Jarrahdale,263,26833
Shire of Ravensthorpe,162,1733
Shire of Wyndham-East Kimberley,385,7148
Shire of Upper Gascoyne,313,278
Shire of Wiluna,529,742
Shire of Murchison,314,153
City of Subiaco,21,19359
