col0,col1,col2,col3
IBM Plex Serif,Mike Abbink,Cyrillic script,Bold Monday
Auriol,George Auriol,Latin script,G. Peignot et Fils
Baskerville,John Baskerville,Latin script,G. Peignot et Fils
Clarendon,Robert Besley,Latin script,Fann Street Foundry
Goudy Old Style,Frederic Goudy,Latin script,American Type Founders
Copperplate Gothic,Frederic Goudy,Latin script,American Type Founders
Century Schoolbook,Morris Fuller Benton,Latin script,American Type Founders
Cheltenham,Bertram Goodhue,Latin script,American Type Founders
Arnold Böcklin,Otto Weisert,Latin script,Mergenthaler Linotype Company
Cochin,Georges Peignot,Latin script,Mergenthaler Linotype Company
Palatino,Hermann Zapf,Latin script,Mergenthaler Linotype Company
Hoefler Text,Jonathan Hoefler,Latin script,Hoefler & Co.
Mercury,Tobias Frere-Jones,Latin script,Hoefler & Co.
Archer,Tobias Frere-Jones,Latin script,Hoefler & Co.
Centaur,Bruce Rogers,Latin script,Monotype
Rockwell,Frank Hinman Pierpont,Latin script,Monotype
Perpetua,Eric Gill,Latin script,Monotype
Times New Roman,Stanley Morison,Latin script,Monotype
Nimrod,Robin Nicholas,Cyrillic script,Monotype
Dead History,P. Scott Makela,Latin script,Emigre
