col0,col1,col2
Santa Monica Air Line,Pacific Electric Building,Southern Pacific Transportation Company
Pasadena Short Line,Pacific Electric Building,Southern Pacific Transportation Company
Lamanda Park,"Downtown Pasadena, California",Southern Pacific Transportation Company
San Pedro via Gardena,Downtown Los Angeles,Southern Pacific Transportation Company
San Pedro via Dominguez,Downtown Los Angeles,Southern Pacific Transportation Company
San Fernando Line,Downtown Los Angeles,Southern Pacific Transportation Company
Redondo Beach via Gardena,Downtown Los Angeles,Southern Pacific Transportation Company
Owensmouth,Downtown Los Angeles,Southern Pacific Transportation Company
Southern Line,Cape Town railway station,Passenger Rail Agency of South Africa
Northern Line,Cape Town railway station,Passenger Rail Agency of South Africa
MARTA rail stations,North Springs,Metropolitan Atlanta Rapid Transit Authority
Trenton Cutoff,Morrisville Yard,Norfolk Southern Railway
Schuylkill Valley Metro,Philadelphia,Norfolk Southern Railway
Split Suburban Railway,Split,Croatian Railways
Kumgangsan Chongnyon Line,Anbyon Station,Korean State Railway
Trans-Harbour Line,Thane railway station,Indian Railways
Lucknow-Kanpur Suburban Railway,Lucknow Charbagh Railway Station,Indian Railways
Riverside–Rialto,Pacific Electric Building,Union Pacific Railroad
Martinborough Branch,Featherston railway station,New Zealand Railways Department
Northern Lights Express,Minneapolis,BNSF Railway
Needham Line,Needham Heights station,Massachusetts Bay Transportation Authority
Southern Hempstead Branch,Valley Stream,Long Island Rail Road
Main Line,Long Island City,Long Island Rail Road
Ronkonkoma Branch,Greenport,Long Island Rail Road
River Subdivision,Saint Paul,Canadian Pacific Railway
Providence/Stoughton Line,South Station,Amtrak
South Brooklyn Railway,South Brooklyn Marine Terminal,New York City
Kapiti Line,Wellington Railway Station,KiwiRail
P,Pico Boulevard,Los Angeles County Metropolitan Transportation Authority
Melba Line,"Western Line, Tasmania",Government of Tasmania
Glen Afton Branch,Huntly,New Zealand Railways Corporation
Thames Branch,Morrinsville,New Zealand Railways Corporation
Lymington Branch Line,Brockenhurst railway station,Network Rail
Oxted Line,London Victoria station,Network Rail
Pasadena via Oak Knoll,Pacific Electric Building,Southern Pacific Transportation Company
Whittier,Pacific Electric Building,Southern Pacific Transportation Company
Westgate,Pacific Electric Building,Southern Pacific Transportation Company
Capitol 400,Chicago,Chicago and North Western Transportation Company
Termoli–Venafro railway,Termoli,Rete Ferroviaria Italiana
Columbus Subdivision,Columbus,CSX Transportation
Western railway elevated corridor,Oval Maidan,Indian Railways
Woodhead Line,Manchester,British Rail
Istanbul suburban,Sirkeci railway station,Türkiye Cumhuriyeti Devlet Demiryolları
Nambour and Gympie North railway line,Roma Street railway station,Queensland Rail
Tallinn–Tapa railway,Balti jaam,Eesti Raudtee
S train,Busan Station,Korail
A-Train,Cheongnyangni Station,Korail
DMZ Train,Seoul station,Korail
O-Train,Seoul station,Korail
