col0,col1,col2
Attica,Eastern Time Zone,299
"Addison (village), New York",Eastern Time Zone,304
"Almond (village), New York",Eastern Time Zone,407
Tuckahoe,Eastern Time Zone,34
Asharoken,Eastern Time Zone,4
"Allegany (village), New York",Eastern Time Zone,433
Grenville,Mountain Time Zone,1823
Encino,Mountain Time Zone,1865
Wagon Mound,Mountain Time Zone,1890
Floyd,Mountain Time Zone,1266
San Ysidro,Mountain Time Zone,1666
Hope,Mountain Time Zone,1245
Belmont,Eastern Time Zone,424
Parma,Eastern Time Zone,305
Solvay,Eastern Time Zone,152
Akron,Eastern Time Zone,226
Allen,UTC−06:00,466
Roy,Mountain Time Zone,1797
Altamont,Central Time Zone,312
Fairmont,Central Time Zone,500
Arrow Point,Central Time Zone,324
Ashley,Eastern Time Zone,300
Port Chester,Eastern Time Zone,13
Amsterdam,UTC−05:00,285
Atlanta,UTC−06:00,713
Maxwell,Mountain Time Zone,1806
Aullville,Central Time Zone,222
Bailey Lakes,Eastern Time Zone,321
Arcadia,Eastern Time Zone,246
St. Helena,Eastern Time Zone,16
Amesville,Eastern Time Zone,193
Alamance,UTC−05:00,171
Saranac Lake,Eastern Time Zone,471
Andover,Eastern Time Zone,333
Dennison,Eastern Time Zone,264
Anselmo,UTC−06:00,794
Loving,Mountain Time Zone,930
Crookston,Mountain Time Zone,822
Los Ranchos de Albuquerque,Mountain Time Zone,1520
San Jon,Mountain Time Zone,1229
Wilson City,Central Time Zone,96
New Athens,Central Time Zone,430
Sheffield,Eastern Time Zone,193
Bald Head Island,Eastern Time Zone,2
