col0,col1,col2,col3,col4
Komuna e Gjorices,UTC+01:00,Albania,Dibër County,580
Komuna e Muhurit,UTC+01:00,Albania,Dibër County,1534
Komuna e Fushe-cidhnes,UTC+01:00,Albania,Dibër County,432
Komuna e Derjanit,UTC+01:00,Albania,Dibër County,715
Komuna e Zerqanit,UTC+01:00,Albania,Dibër County,1188
Komuna e Xibrit,UTC+01:00,Albania,Dibër County,731
Komuna e Shupenzes,UTC+01:00,Albania,Dibër County,679
Komuna e Selishtes,UTC+01:00,Albania,Dibër County,819
Bashkia e Sarandes,UTC+01:00,Albania,Vlorë County,42
Komuna e Mesopotamit,UTC+01:00,Albania,Vlorë County,147
Komuna e Livadhjes,UTC+01:00,Albania,Vlorë County,136
Bashkia e Konispolit,UTC+01:00,Albania,Vlorë County,158
Komuna e Finiqit,UTC+01:00,Albania,Vlorë County,19
Bashkia e Delvines,UTC+01:00,Albania,Vlorë County,213
Komuna e Kastriotit,UTC+01:00,Albania,Dibër District,573
Zall-Reç,UTC+01:00,Albania,Dibër District,1010
Komuna e Gjerbesit,UTC+01:00,Albania,Berat County,1575
Bashkia e Corovodes,UTC+01:00,Albania,Berat County,323
Komuna e Cepanit,UTC+01:00,Albania,Berat County,460
Komuna e Zhepes,UTC+01:00,Albania,Berat County,400
