col0,col1,col2,col3
Santo Tomás de los Plátanos,110.91,1380,9682
Batopilas Municipality,2064.6,846,11289
Río Lagartos Municipality,338,10,3502
Kaua Municipality,137,30,3119
Morelos Municipality,1336.8,1297,7797
San Francisco de Borja Municipality,1124.7,1706,2136
Dzemul Municipality,174,4,3662
Chínipas Municipality,2278.9,555,7501
Celestún Municipality,603,9,7836
Valle de Zaragoza Municipality,2954,1730,5199
Sotuta Municipality,546,30,8449
Dzidzantún Municipality,208,6,8176
Matamoros Municipality,4633,39,489193
Gómez Farías Municipality,853,2332,8905
Saucillo Municipality,3040,1422,31196
Nuevo Laredo Municipality,1224,211,384033
Tepeji,353.43,2224.77,34151
Tamiahua,985.4,4,23120
Miahuatlán de Porfirio Díaz,326.6,1536,42312
Tihuatlán Municipality,828.3,105,96418
