col0,col1,col2
Marambo,Nachingwea District,Tanzania
Bankata,Chapakot,Nepal
Yalalevu,Ba District,Fiji
"Bideford, New Zealand",Masterton,New Zealand
Juancho,General Madariaga Partido,Argentina
Hendon,Queensland,Australia
Marananga,South Australia,Australia
Pierces Creek,Australian Capital Territory,Australia
Kojarena,Western Australia,Australia
Red Bank,Stann Creek District,Belize
Grafenaschau,Schwaigen,Germany
Krümse,Harburg,Germany
Drennhausen,Harburg,Germany
Sydenham,South Frontenac,Canada
"Chapel Grove, New Brunswick",Kings County,Canada
Ingramport,Halifax,Canada
Petit Étang,Nova Scotia,Canada
Ongarue,Manawatū-Whanganui Region,New Zealand
York Plains,Southern Midlands Council,Australia
San Benito Poite,Toledo District,Belize
