col0,col1,col2
2018 German National Swimming Championships,swimming,2018-01-01
2017 German National Swimming Championships,swimming,2017-01-01
2016 German National Swimming Championships,swimming,2016-01-01
2015 German National Swimming Championships,swimming,2015-01-01
2014 German National Swimming Championships,swimming,2014-01-01
2013 German National Swimming Championships,swimming,2013-01-01
2012 German National Swimming Championships,swimming,2012-01-01
2009 German National Swimming Championships,swimming,2009-01-01
2008 German National Swimming Championships,swimming,2008-01-01
2010 German National Swimming Championships,swimming,2010-01-01
2011 German National Swimming Championships,swimming,2011-01-01
2005 German National Swimming Championships,swimming,2005-01-01
2003 German National Swimming Championships,swimming,2003-01-01
2004 German National Swimming Championships,swimming,2004-01-01
2006 German National Swimming Championships,swimming,2006-01-01
2007 German National Swimming Championships,swimming,2007-01-01
2001 German National Swimming Championships,swimming,2001-01-01
2000 German National Swimming Championships,swimming,2000-01-01
2002 German National Swimming Championships,swimming,2002-01-01
1999 German National Swimming Championships,swimming,1999-01-01
