col0,col1,col2
Shire of Baw Baw,48479,306
Bass Coast Shire,32804,8
City of Manningham,116255,49
City of Port Phillip,100863,10
Rural City of Benalla,13861,177
Shire of East Gippsland,45040,583
Shire of Mornington Peninsula,154999,180
City of Greater Bendigo,110477,215
Shire of West Wimmera,3903,162
Shire of Northern Grampians,11439,199
Shire of Pyrenees,7238,430
Shire of Hindmarsh,5721,92
Shire of Southern Grampians,15944,200
Borough of Queenscliffe,2853,15
Shire of Loddon,7516,122
Shire of Macedon Ranges,46100,633
City of Hobsons Bay,88778,1
Shire of Mount Alexander,18761,301
Shire of Moira,29112,113
Shire of Mitchell,40918,256
