col0,col1,col2,col3
Kiss of the Spider Woman,novel,1976-01-01,Argentina
The Prestige,epistolary novel,1995-01-01,United Kingdom
Collaborator,alternate history,2003-01-01,United Kingdom
Planet of the Apes,science fiction novel,1963-01-01,France
The Return of the Dancing Master,police procedural,2000-01-01,Sweden
Neuromancer,science fiction novel,1984-07-01,United States of America
Farthing,alternate history,2006-08-08,United States of America
Charlie Wilson's War,drama film,2007-12-10,United States of America
Palm-of-the-Hand Stories,Very Short Stories,1971-03-15,Japan
2,mystery fiction,2012-08-25,Japan
Tsui no Sumika,mystery fiction,2007-05-15,Japan
Cortés no shukaku,adventure novel,1987-01-20,Japan
The Locker,horror literature,2004-01-12,Japan
Kairō-tei no satsujin,detective fiction,1991-07-25,Japan
Mimizuku to Yoru no Ō,fantasy,2007-02-01,Japan
The Sting of Death,drama film,1990-04-28,Japan
"Here Comes the Bride, My Mom!",novel,2008-06-04,Japan
Totto TV,autobiography,2016-03-01,Japan
The Locker,horror film,2004-01-01,Japan
Mirror Image,novel,2016-11-01,Japan
