col0,col1,col2
Melilla,Río de Oro,12.338
Bishkek,Ala-Archa River,127
Tashkent,Chirchiq river,334.8
Port Moresby,Gulf of Papua,240
Minsk,Svislach River,409.5
Port of Spain,Gulf of Paria,12
Ulaanbaatar,Tuul River,4704.4
Pyongyang,Taedong River,3194
Bucharest,Dâmbovița River,226
Nur-Sultan,Ishim River,797.33
Maluku Islands,Molucca Sea,74505
Bangkok,Chao Phraya River,1568.737
Svalbard,Norwegian Sea,61022
Buenos Aires,Río de la Plata,203.3
Yerevan,Hrazdan River,227
Zagreb,Sava,641
Bamako,Niger River,245000000
Kinshasa,Congo,9965
Belgrade,Danube,359.96
Nevis,Caribbean Sea,93
