col0,col1,col2
Budukh,Samur languages,stress-timed language
Bagvalal,Avar–Andic languages,stress-timed language
Chamalal,Avar–Andic languages,stress-timed language
Botlikh,Avar–Andic languages,stress-timed language
Godoberi language,Avar–Andic languages,stress-timed language
Tindi,Avar–Andic languages,stress-timed language
Kryts,Lezgic languages,stress-timed language
Karata,Andic languages,stress-timed language
Akhvakh,Andic languages,stress-timed language
Dalmatian,Eastern Romance languages,subject–verb–object
Sudovian,Western Baltic languages,fusional language
Opata,Opata-Eudeve,agglutinative language
Chicomuceltec,Huastecan languages,agglutinative language
Mocho’ language,Q'anjobalan languages,agglutinative language
Aka-Jeru,Great Andamanese languages,agglutinative language
A-Pucikwar,Great Andamanese languages,agglutinative language
Kerek,Chukotkan languages,agglutinative language
Hunzib,Tsezic languages,agglutinative language
Khwarshi language,Tsezic languages,agglutinative language
Hinuq,Tsezic languages,agglutinative language
