col0,col1,col2
Rožanski kukovi,Hajdučki i Rožanski kukovi,limestone
Dunkery Beacon,Exmoor National Park,sandstone
Unicorn Peak,Yosemite Wilderness,granite
Tenaya Peak,Yosemite Wilderness,granite
Medlicott Dome,Yosemite Wilderness,granite
Mount Broderick,Yosemite Wilderness,granite
Vogelsang Peak,Yosemite Wilderness,granite
Monte Patino,Monti Sibillini National Park,limestone
Serra del Prete,Pollino National Park,limestone
Piton de Bébour,Réunion National Park,volcanic rock
Gros Piton Rond,Réunion National Park,volcanic rock
Trois Salazes,Réunion National Park,volcanic rock
Sommet de l'Entre-Deux,Réunion National Park,volcanic rock
Piton de Partage,Réunion National Park,volcanic rock
Piton de Crac,Réunion National Park,volcanic rock
Piton Bé Massoune,Réunion National Park,volcanic rock
Nez de Boeuf,Réunion National Park,volcanic rock
Bronchard,Réunion National Park,volcanic rock
Piton Textor,Réunion National Park,basalt
The Cheviot,Northumberland National Park,volcanic rock
