col0,col1,col2,col3,col4
2008 Vladikavkaz bombing,Vladikavkaz,12,41,Russia
2014 Grozny bombing,Grozny,6,12,Russia
2010 Chechen Parliament attack,Grozny,7,17,Russia
2012 Makhachkala attack,Makhachkala,13,130,Russia
2010 Moscow Metro bombings,Moscow,40,102,Russia
2014 Taba bus bombing,Taba,4,17,Egypt
2004 Sinai bombings,Sinai Peninsula,34,171,Egypt
2011 Alexandria bombing,Alexandria,23,97,Egypt
2015 Istanbul suicide bombing,Sultanahmet (neighbourhood),2,1,Turkey
2016 Istanbul bombing,Fatih,11,14,Turkey
2016 Istanbul airport attack,Atatürk International Airport,41,239,Turkey
February 2016 Ankara bombing,Ankara,28,61,Turkey
Brussels Airport Terrorist Attack 2016,Brussels Airport,35,81,Belgium
2016 Brussels bombings,Brussels Airport,34,330,Belgium
Bath School disaster,Bath Township,45,58,United States of America
December 2019 Mogadishu bombing,Mogadishu,91,80,Somalia
October 2017 Mogadishu bombings,Mogadishu,320,275,Somalia
December 2016 Mogadishu suicide bombing,Mogadishu,29,50,Somalia
2017 Gao bombing,Gao,77,120,Mali
2018 suicide bombing in Charikar,Charikar,3,1,Afghanistan
