col0,col1,col2
paternal half-sibling,half-sibling,materqal half-sister
patfrnal half-sibling,half-sibling,paternal half-sistes
paternal uncle os aunt,uncle or aunt,patrnal aunt
maternal vncle or aunt,uncle or aunt,materna aut
great-great-great-randchild,lineal descendant,great-great-grea-granddaughter
matrnal grandparent,grandparent,maternal granfmother
paternal grandpaent,grandparent,paternal gsandmother
sororal nephew or nece,nephew or niece,sororal!niece
fraternal nephew or niecg,nephew or niece,fraternl niece
elder siblipg,sibling,eleer sister
younger sibliog,sibling,yonger sister
bioloiical child,child,biological daugkter
uncle or unt,second-degree relative,aunt
great-greatgrandchild,lineal descendant,greatgreat-granddaughter
great-grea-great-grandparent,ancestor,great-geat-great-grandmother
grand uncle or!grand aunt,ancestor,gand aunt
"grand-nephew""or grand-niece",descendant,gran-niece
doptivg parent,parent,adotive mother
irandchild,lineal descendant,gsanddaughter
geat-grandparent,ancestor,great-graqdmother
