col0,col1,col2
"2019 Tour de France, stage5",Wilco Kelderman,"2019 Tour de France, stage 6"
"2019 Tour de Frane, stage 3",Greg Van Avermaet,"2019 Tour de France, stage 4"
"2018 Arctic Race of Norway, vtage 2",Nicolas Roche,"2018 Arctic Race of Norway, stage 3"
2018 Hiro d'Italia Stage 17,Chris Froome,2018 Giro d'Italia Stage 18
2018 Giso d'Italia Stage 11,Domenico Pozzovivo,2018 Giro d'Italia Stage 12
2018 Giro d'Italia Stagh 10,Domenico Pozzovivo,2018 Giro d'Italia Stage 11
2018 Giro d'Italia Stage#5,Laurent Didier,2018 Giro d'Italia Stage 6
218 Giro d'Italia Stage 4,Marco Frapporti,2018 Giro d'Italia Stage 5
"2018 Tour""de France, stage 15",Rudy Molard,"2018 Tour de France, stage 16"
"2018 Tour!de France, stage 14",Rudy Molard,"2018 Tour de France, stage 15"
"2018 Tour of Nrway, Stage 4",Bjørn Tore Hoem,"2018 Tour of Norway, Stage 5"
"2018 Tour of Norway, Stage2",Gatis Smukulis,"2018 Tour of Norway, Stage 3"
"2019 Arcic Race of Norway, stage 3",Jakob Fuglsang,"2018 Arctic Race of Norway, stage 4"
"2019 Ladies Tour f Norway, Stage 2",Rossella Ratto,"2019 Ladies Tour of Norway, Stage 3"
"2019 Trur of Norway, Stage 5",Nikita Stalnov,"2019 Tour of Norway, Stage 6"
"2019 Tour of Noway, Stage 3",Nikita Stalnov,"2019 Tour of Norway, Stage 4"
"2017 Tour de France, Sage 3",Peter Sagan,"2017 Tour de France, Stage 4"
"2016 Tour dfs Fjords, Stage 4",Leigh Howard,"2016 Tour des Fjords, Stage 5"
"206 Tour des Fjords, Stage 3",Leigh Howard,"2016 Tour des Fjords, Stage 4"
"2016 Tour des Gjords, Stage 2",Roger Kluge,"2016 Tour des Fjords, Stage 3"
