col0,col1,col2
Bowl with Lips,70,56
Millipede,300,48
Ife commemorative head-73.1996.1.4,14,12
Philosophers (?) Ra 116 Ra 95,18,30
The King Playing with the Queen,83.8,52.1
"Musée Saint-Raymond, Ra 769",204,71
Horace Brodzky,51.5,34.5
Hieratic Head of Ezra Pound,48.9,45.7
Birds Erect,31.4,26
Alfred Wolmark,55,40
The Victory,72,157
The Simpleton,23,23
Banyista,25,25
Prometeu i l'àliga,94,162
Nit de lluna,21,31
Retreat of the escultor Alexandre Falguière,258,233
Veiled Woman Holding an Infant,5.5,2.2
Standing Mercury,20.6,37.8
Goat,48.5,15.3
Torso in Metal from Rock Drill,584,445
