col0,col1,col2
Rabbi Reading,1899-01-01,Finnish National Gallery
Portrait of an Aesthete,1961-01-01,Finnish National Gallery
Landscape with big white mill,1910-01-01,Jakob Smits Museum
Mater dolorosa,1893-01-01,"Museum of Fine Arts, Ghent"
The Magdalene,1887-01-01,"Museum of Fine Arts, Ghent"
Forest at Groenendael,1888-01-01,"Museum of Fine Arts, Ghent"
Christ Calming the Storm,1886-01-01,"Museum of Fine Arts, Ghent"
Peculiar Insects,1888-01-01,"Museum of Fine Arts, Ghent"
My Dead Father,1888-01-01,"Museum of Fine Arts, Ghent"
My Dead Father,1888-01-01,"Museum of Fine Arts, Ghent"
The Crypt,1888-01-01,"Museum of Fine Arts, Ghent"
Acacia,1888-01-01,"Museum of Fine Arts, Ghent"
Acacia,1888-01-01,"Museum of Fine Arts, Ghent"
House on the boulevard Anspach,1888-01-01,"Museum of Fine Arts, Ghent"
Combat of the Rascals Désir et Rissolé,1888-01-01,"Museum of Fine Arts, Ghent"
The Procession at Gistel,1934-01-01,"Museum of Fine Arts, Ghent"
Lady Godiva,1933-01-01,"Museum of Fine Arts, Ghent"
Fisherman of Ostend,1900-01-01,"Museum of Fine Arts, Ghent"
Ernest Rousseau,1887-01-01,"Museum of Fine Arts, Ghent"
House on the boulevard Anspach,1888-01-01,"Museum of Fine Arts, Ghent"
The Crypt,1888-01-01,Mu.ZEE
The Shadow on the House,1933-01-01,Mu.ZEE
