col0,col1,col2
Joel,Tommy,Joel
Dewey Wilkerson,Malcolm Wilkerson,Dewey
Amanda Brotzman,Todd Brotzman,Amanda
Nino Nakano,Miku Nakano,Nino
Sam,Henry,Sam
Liv Rooney,Joey Rooney,Olivia
Henry,Sam,Henry
Jules Hermes,Jelly Hermes,Jules
Chuck,Muckel,Chuck
Mitsuki Sonoda,Yuu Sonoda,Mitsuki
Patty Thompson,Liz Thompson,Patty
Phoebe Thunderman,Max Thunderman,Rachel
Max Thunderman,Phoebe Thunderman,Max
Ty Johnson,Axl Johnson,Tyrone
Sam,Mara,Sam
Liz Thompson,Patty Thompson,Liz
Jim Possible,Kim Possible,Jim
Rhys Michael Haldane,Javan Haldane,Rhys
Alex Wesker,Albert Wesker,Alex
Dana Sterling,Maia Sterling,Dana
