col0,col1,col2
holmium-150m2,83,holmium
holmium-150m1,83,holmium
holmium-150,83,holmium
holmium-149m2,82,holmium
holmium-149m1,82,holmium
holmium-149,82,holmium
holmium-148m2,81,holmium
holmium-148m1,81,holmium
holmium-148,81,holmium
holmium-147,80,holmium
holmium-146,79,holmium
holmium-145m,78,holmium
holmium-145,78,holmium
holmium-144,77,holmium
holmium-143,76,holmium
holmium-142,75,holmium
holmium-141m,74,holmium
holmium-141,74,holmium
holmium-140,73,holmium
holmium-175,108,holmium
