col0,col1,col2,col3
Mineral del Monte,53.43,2765,14640
Catemaco Municipality,710.67,340,3453456
Tijuana Municipality,879.2,56,1559683
El Fuerte Municipality,4170,43,97536
Tecate Municipality,3079,586,101079
Candelaria Municipality,5670,160,41194
Toluca Municipality,42014,2600,873536
Hecelchakán Municipality,1275,87,28306
Benito Juárez Municipality,1664,10,661176
Jilotepec de Abasolo,586.53,2452,87927
La Paz,26.71,2260,293725
Coyotepec,12.3,2308,41810
Santa Lucía del Camino,76.55,1555,49459
Tecalitlán Municipality,1326.44,1600,16579
Huejuquilla El Alto Municipality,717.26,1700,8787
Comalcalco Municipality,723.19,17,192802
Soyaniquilpan,140.77,2323,13290
Jilotzingo,143.66,2739,19013
Hidalgo,4698.541,2400,4265
Zacualpan Municipality,301.47,2407,14958
