col0,col1,col2
Polling station no 1339 (Macedonia),Ohrid Municipality,North Macedonia
Polling station no 1338 (Macedonia),Ohrid Municipality,North Macedonia
Polling station no 1337 (Macedonia),Ohrid Municipality,North Macedonia
Polling station no 1336 (Macedonia),Ohrid Municipality,North Macedonia
Polling station no 1335 (Macedonia),Ohrid Municipality,North Macedonia
Polling station no 1313 (Macedonia),Ohrid Municipality,North Macedonia
Polling station no 1312 (Macedonia),Ohrid Municipality,North Macedonia
Polling station no 1311 (Macedonia),Ohrid Municipality,North Macedonia
Polling station no 1310 (Macedonia),Ohrid Municipality,North Macedonia
Polling station no 1309 (Macedonia),Ohrid Municipality,North Macedonia
Polling station no 1308 (Macedonia),Ohrid Municipality,North Macedonia
Polling station no 1307 (Macedonia),Ohrid Municipality,North Macedonia
Polling station no 1306 (Macedonia),Ohrid Municipality,North Macedonia
Polling station no 1305 (Macedonia),Ohrid Municipality,North Macedonia
Polling station no 1304 (Macedonia),Ohrid Municipality,North Macedonia
Polling station no 1303 (Macedonia),Ohrid Municipality,North Macedonia
Polling station no 1302 (Macedonia),Ohrid Municipality,North Macedonia
Polling station no 1301 (Macedonia),Ohrid Municipality,North Macedonia
Polling station no 1300 (Macedonia),Ohrid Municipality,North Macedonia
Polling station no 1299 (Macedonia),Ohrid Municipality,North Macedonia
