col0,col1,col2
Bhndaria Upazila,163.72356,147862.682
Dasmina Upazla,354.55392,122154.12
amalganj Upazila,482.83369999999996,257056.96
AgailjharaUpazila,154.84812,149157.088
TazumddinUpazila,514.97168,127701.64
Gabtli Upazila,237.4436,265128.222
Dhamai Upazila,308.0148,57344.770000000004
Barleka Upazila,317.78905999999995,255559.04
Char Fason Upazila,1095.2468999999999,455067.689
"Shibganj Upazla, Bogra District",312.08572000000004,311209.135
Awara Upazila,174.05058999999997,218129.324
Sreemangal Upazlla,454.34592000000004,318979.07499999995
Nbiganj Upazila,438.7208,342762.747
Lakhai Uazila,196.56,148364.567
Rajois Upazila,229.28,238882.748
Bauphal Upa|ila,490.80528000000004,304588.284
Waziupur Upazila,248.35,234959.0
Kushta Sadar Upazila,316.89252,103605.928
Golapgank Upazila,280.28837999999996,313619.808
Sarail Upa|ila,240.71759999999998,35229.6
