col0,col1,col2
1978 Okolo Slovenska,1979 Okolo Slovenska,road bicycle racing
1977 Okolo Slovenska,1978 Okolo Slovenska,road bicycle racing
1976 Okolo Slovenska,1977 Okolo Slovenska,road bicycle racing
1975 Okolo Slovenska,1976 Okolo Slovenska,road bicycle racing
1974 Okolo Slovenska,1975 Okolo Slovenska,road bicycle racing
1973 Okolo Slovenska,1974 Okolo Slovenska,road bicycle racing
1972 Okolo Slovenska,1973 Okolo Slovenska,road bicycle racing
1971 Okolo Slovenska,1972 Okolo Slovenska,road bicycle racing
1970 Okolo Slovenska,1971 Okolo Slovenska,road bicycle racing
1967 Okolo Slovenska,1968 Okolo Slovenska,road bicycle racing
1966 Okolo Slovenska,1967 Okolo Slovenska,road bicycle racing
1965 Okolo Slovenska,1966 Okolo Slovenska,road bicycle racing
1964 Okolo Slovenska,1965 Okolo Slovenska,road bicycle racing
1960 Okolo Slovenska,1964 Okolo Slovenska,road bicycle racing
1959 Okolo Slovenska,1960 Okolo Slovenska,road bicycle racing
1958 Okolo Slovenska,1959 Okolo Slovenska,road bicycle racing
1957 Okolo Slovenska,1958 Okolo Slovenska,road bicycle racing
1956 Okolo Slovenska,1957 Okolo Slovenska,road bicycle racing
1955 Okolo Slovenska,1956 Okolo Slovenska,road bicycle racing
1954 Okolo Slovenska,1955 Okolo Slovenska,road bicycle racing
