col0,col1,col2
Kepulauan Aru,100766,8152.42
Cayman Islands,58435,264
Maluku Islands,1895000,74505
Wellesley Islands,1136,1002
Whitsunday Islands,2269,282.82
Marquesas Keys,0,6.58
Geese Islands,0,7
Aldabra Group,34,180.03
Motu Iti,0,0.2
Tiwi Islands,123,8320
Dry Tortugas,0,143
Doumeira Islands,0,1
Small Isles,153,15586
Volcano Islands,380,32.55
Kong Karls Land,0,332
Ushishir,0,5
Zanzibar Archipelago,1303569,2654
Southern Sporades,200000,3541
Gambier Islands,1337,31
Amakusa island group,126445,997.7
