col0,col1,col2
Oslo Opera,heritage site in Norway,2008-04-12
Gewandhaus,Kulturdenkmal,1981-10-08
Philharmonia in Samara,cultural heritage site in Russia,1974-01-01
Romanian Athenaeum,historic monument,1888-01-01
Beurs van Berlage,Rijksmonument,1903-05-27
Concertgebouw,Rijksmonument,1888-01-01
Konzerthaus Berlin,architectural heritage monument,1821-01-01
Academy of Music,National Historic Landmark,1857-01-01
Grandhotel Pupp,cultural monument of the Czech Republic,1701-01-01
Palau de la Música Catalana,Bien de Interés Cultural,1908-01-01
Perth Concert Hall,State Registered Place,1973-01-26
Helsinki Hall of Culture,protected by the law on the protection of the architectural heritage in Finland,1958-01-01
Washington Pavilion of Arts and Science,place listed on the National Register of Historic Places,1999-01-01
Palace Theatre,place listed on the National Register of Historic Places,1931-10-23
Orchestra Hall,place listed on the National Register of Historic Places,1919-01-01
Music Hall Center for the Performing Arts,place listed on the National Register of Historic Places,1928-01-01
The Met,place listed on the National Register of Historic Places,1908-11-17
McPherson Playhouse,heritage designation,1914-01-01
"St George's Hall, Bradford",Grade II* listed building or structure,1853-08-29
Philharmonic Hall,Grade II* listed building or structure,1939-01-01
