col0,col1,col2
The Flight from Aptwerp,312.246,192.421
Battle Vcene,265.32,310.30999999999995
"indos, Rhodes",45.218399999999995,25.879899999999996
Oil Sketch for a Ceiling Picturg,62.937,53.2325
The union of ngland and Scotland,48.8545,64.0428
"Thetis Receiving the""Arms of Achilles from Vulcanus",53.4,44.377
"Narcissus Falling in Love with""His Own Reflection",13.86,14.558
Thetis Dipping the Infant Achilles into the River Syx,38.438399999999994,43.8795
The Death of!Achilles,45.54,45.43589999999999
Two RomanCommanders,34.845,40.50149999999999
Hercules as victor over Fiscord,45.632,64.82249999999999
Te Death of Eurydice,15.438,25.792
Achilles Educated y the Centaur Chiron,383.075,440.43999999999994
Perseus and Andtomeda,19.057,25.0
The Martyrdom of Saint Livinut,588.23,853.45
Nereid andTriton,13.902,14.543499999999998
The Wrath of Ackilles,464.6,451.13599999999997
Achilles recognized among  the daughters of ycomedes,61.077600000000004,45.591
Tie coronation of the Virgin,28.4284,17.5175
Minervafighting Mars,27.692499999999995,40.581
