col0,col1,col2
1949 Tour of Belgium,Roger Gyselinck,1950 Tour of Belgium
1948 Tour of Belgium,Lucien Mathys,1949 Tour of Belgium
1979 Tour of Belgium,Herman Van Springel,1980 Tour of Belgium
1960 Tour of Belgium,André Messelis,1962 Tour of Belgium
1957 Tour of Belgium,Pino Cerami,1958 Tour of Belgium
1951 Tour of Belgium,Lucien Mathys,1952 Tour of Belgium
2018 Tour of Belgium,André Greipel,2019 Tour of Belgium
2017 Tour of Belgium,Tony Martin,2018 Tour of Belgium
2016 Tour of Belgium,Dries Devenyns,2017 Tour of Belgium
2015 Tour of Belgium,Tom Boonen,2016 Tour of Belgium
2014 Tour of Belgium,Tony Martin,2015 Tour of Belgium
2013 Tour of Belgium,Tony Martin,2014 Tour of Belgium
1928 Tour of Belgium,René Vermandel,1929 Tour of Belgium
2003 Tour of Belgium,Robert Bartko,2004 Tour of Belgium
2002 Tour of Belgium,Sylvain Chavanel,2003 Tour of Belgium
1990 Tour of Belgium,Adriano Baffi,2002 Tour of Belgium
1989 Tour of Belgium,Johan Museeuw,1990 Tour of Belgium
1988 Tour of Belgium,Frans Maassen,1989 Tour of Belgium
1986 Tour of Belgium,Marc Sergeant,1988 Tour of Belgium
1985 Tour of Belgium,Phil Anderson,1986 Tour of Belgium
