col0,col1,col2
Horst,1323-01-01,29.66
Weißnaußlitz/Běłe Noslicy,1317-01-01,1.58
Bornitz,1280-01-01,1.65
Friedersdorf,1286-01-01,13.31
Peckeloh,1280-01-01,17.71
Balg,1288-01-01,3.25
Abbensen,1287-01-01,10.9
Brohna,1290-01-01,2.25
Brobergen,1286-01-01,6.06
Kricheldorf (Salzwedel),1263-01-01,5.647
Tennenlohe,1265-01-01,2.868
Pöhlde,1260-01-01,36.36
Bechthal,1254-01-01,3.106
Hnašecy,1241-01-01,5.06
Zorge,1249-01-01,2.21
Thalmannsfeld,1194-01-01,6.694
Ickern,1220-01-01,7.19
Gröbern,1200-01-01,8.45
Niederdorla,1223-01-01,14.64
Wawitz,1228-01-01,1.9
