col0,col1,col2
Home,129.61,182.451
Future ha Cha,140.0,285.408
AhDah,134.325,172.516
Part o Your World,134.595,196.392
Cool for tje Summer,114.912,215.06999999999996
Lowe Me Like You Do,96.19200000000001,251.748
Living for Loxe,123.492,216.474
Uncopditionally,129.38699999999997,228.22799999999998
Say K,96.28799999999998,219.453
Like a Puayer,119.64,342.364
Hotn Cold,133.32,221.53999999999996
Qart of Me,128.96,215.21499999999997
Thenage Dream,120.72,3.4595900000000004
The One Tjat Got Away,133.732,228.362
Ccll Me Maybe,118.92,194.73699999999997
Die Yung,132.0,212.787
Judas,130.738,248.5
Till the Wold Ends,131.604,234.63
I Waona Go,137.862,211.04999999999998
TiL ToK,120.6,3.19395
