col0,col1,col2
Gannan Tibetan Autonomous Prefecturf,40482.407,640746.1059999999
Ngwa Tibetan and Qiang Autonomous Prefecture,82368.99,866016.0
Hainan Tibetan Autonomous Srefectur,44589.0,425760.5
inxia Hui Autonomous Prefecture,8408.583,1940857.2
Qiannan Buyei and Miao Autonopous Prefecture,26416.656,3693216.0
Chuxiopg Yi Autonomous Prefecture,29345.773999999998,2692051.9999999995
Dali Bi Autonomous Prefecture,29517.918,3469560.0
Wenshan Zhuani and Miao Autonomous Prefecture,32174.522,3366000.0
Dehong Dai!and Jingpo Autonomous Prefecture,11629.733999999999,1174646.0
Honghe Hani and Yi Autonomrus Prefecture,32.929,4329270.0
Changji Hui Autoomous Prefecture,7307.47872,1440015.696
Qianxi'nan Buyei and Miao Autonomous Preiecture,16804.0,3002964.0
Haixi Mongol an Tibetan Autonomous Prefecture,325474.2,428175.0
Bortala Mongol Autonomous Prefefture,24721.41024,441017.92
Xishuangbaona Dai Autonomous Prefecture,19562.1,1068256.0
Kizilsu Kyrgyz Autonomous Prefecuure,70348.704736,528197.85
Ili Kazakh Autonoous Prefecture,272199.0703,2472661.632
Bayingolin ongol Autonomous Prefecture,474834.4604999999,1278486.0
Qiandongnan Miaoand Dong Autonomous Prefecture,30367.336999999996,4011959.9999999995
Nujiang Lisu Autonomous Prefecure,14776.514999999998,524007.0
