col0,col1,col2,col3
Al Shaheen Oil Field,Qatar,Persian Gulf,Maersk
Oloibiri Oilfield,Nigeria,Niger Delta,Shell Nigeria
Harding oilfield,United Kingdom,North Sea,Abu Dhabi National Energy Company
Patos-Marinza Oil Field,Albania,Fier County,Bankers Petroleum
Kachanivsky oil field,Ukraine,Sumy Oblast,Ukrnafta
Hlynsko-Rozbyshevsky oil field,Ukraine,Poltava Oblast,Ukrnafta
Lopushna oil field,Ukraine,Chernivtsi Oblast,Ukrnafta
Lelyakivsky oil field,Ukraine,Chernihiv Oblast,Ukrnafta
Vaca Muerta oil field,Argentina,Neuquén Province,YPF
Peregrino,Brazil,Campos Basin,Equinor
Gura Ocniţei oil field,Romania,Dâmbovița County,OMV Petrom
Geamăna oil field,Romania,Bacău County,OMV Petrom
Hrušky oil field,Czech Republic,Vyškov District,Unipetrol
Oselvar oil field,Norway,North Sea,Ørsted
Garzan oil field,Turkey,Southeastern Anatolia Region,Turkish Petroleum Corporation
Noxal oil field,Mexico,Gulf of Mexico,Pemex
Lubiatów-Międzychód-Grotów oil field,Poland,Lubusz Voivodeship,PGNiG
Iara Oil Field,Brazil,Latin America,Petrobras
Gunashli oilfield,Azerbaijan,Caspian Sea,BP
Prilukskoye oil field,Ukraine,Donetsk Oblast,Ukrnafta
