col0,col1,col2,col3
[WMO2009] Scl- 382,Sculptor,19.24,Sculptor Dwarf Galaxy
BD+05 2513,Leo,10.73,** HEI 852AB
[VM2013] Mis-2,Carina,22.36,Carina Dwarf
[VM2013] Mis-3,Carina,22.78,Carina Dwarf
[VM2013] Mis-4,Carina,23.27,Carina Dwarf
[VM2013] Mis-7,Carina,23.16,Carina Dwarf
[VM2013] Mis-1,Carina,21.13,Carina Dwarf
[VM2013] Mis-8,Puppis,23.49,Carina Dwarf
[VM2013] Mis-6,Puppis,23.49,Carina Dwarf
[VM2013] Mis-9,Puppis,23.36,Carina Dwarf
Zeta Phoenicis,Phoenix,4.014,** RMK 2
HR 6094,Scorpius,5.376,** RAG 8
Regulus,Leo,1.4,** STF 5006
NGC 7213,Grus,12.08,[CHM2007] HDC 1181
Albireo,Cygnus,3.085,STF 4043
Gamma Cygni,Cygnus,2.23,Northern Cross
Omicron1 Canis Majoris,Canis Major,3.87,C 0652-245
Delta Canis Majoris,Canis Major,1.84,C 0652-245
Pi3 Orionis,Orion,3.19,Pi Orionis
Gliese 174,Taurus,7.985,Ursa Major Moving Group
Meissa,Orion,3.66,Collinder 69
Gliese 146,Horologium,8.57,Hyades Stream
Luyten 726-8,Cetus,12.08,Hyades Stream
SN 2002bj,Lepus,14.8,NGC 1821
Rigel,Orion,0.13,Winter Hexagon
Betelgeuse,Orion,0.42,Winter Triangle
Alnilam,Orion,1.69,Orion's Belt
Altair,Aquila,0.76,Summer Triangle
Deneb,Cygnus,1.25,Summer Triangle
EX Lupi,Lupus,8.5,Scorpius–Centaurus Association
Pleione,Taurus,5.09,Pleiades
CSIMon-005606,Monoceros,11.203,NGC 2264
UCAC4 509-047152,Cancer,13.585,Messier 67
[V78] 251,Sculptor,18.86,Sculptor Dwarf Galaxy
HD 24072,Eridanus,4.72,CD-38 1297
V529 Andromedae,Andromeda,6.425,CCDM J01274+4106AB
HD 100546,Musca,6.3,Lower Centaurus-Crux
23 Orionis,Orion,5,ADS 3962 AB
31 Comae Berenices,Coma Berenices,4.94,Coma Star Cluster
21 Comae Berenices,Coma Berenices,5.436,Coma Star Cluster
Psi Persei,Perseus,4.23,Alpha Persei Cluster
V384 Pup,Puppis,8.77,NGC 2439
SN 1998aq,Ursa Major,14.9,NGC 3982
V718 Persei,Perseus,9.555,IC 348
HD 224228,Sculptor,8.225,AB Doradus moving group
Kappa1 Apodis,Apus,5.49,** HJ 4764
Rho Cygni,Cygnus,4.02,Ursa Major Moving Group
R Puppis,Puppis,6.56,NGC 2439
