col0,col1,col2
Kertak Baru Ulu,UTC+08:00,Banjarmasin Tengah
Melayu,UTC+08:00,Banjarmasin Tengah
Mawar,UTC+08:00,Banjarmasin Tengah
Teluk Dalam,UTC+08:00,Banjarmasin Tengah
Kelayan Luar,UTC+08:00,Banjarmasin Tengah
Belitung Selatan,UTC+08:00,Banjarmasin Barat
Teluk Tiram,UTC+08:00,Banjarmasin Barat
Telawang,UTC+08:00,Banjarmasin Barat
Belitung Utara,UTC+08:00,Banjarmasin Barat
Kuin Cerucuk,UTC+08:00,Banjarmasin Barat
Pembataan,UTC+08:00,Murung Pudak
Sulingan,UTC+08:00,Murung Pudak
Rantau Kujang,UTC+07:00,Jenamas
Wonokriyo,UTC+07:00,Gombong
Pasayangan Selatan,UTC+08:00,Martapura
Jawa,UTC+08:00,Martapura
Jatiluhur,UTC+07:00,Karanganyar
Plarangan,UTC+07:00,Karanganyar
Panjatan,UTC+07:00,Karanganyar
Seririt,UTC+08:00,Seririt
