col0,col1,col2
Taurida Governorate,1447790,53053.8
Tambov Governorate,2684030,58511
Saratov Governorate,2405829,74244.82
Ryazan Governorate,1802196,36992
Pskov Governorate,1122317,44211.2
Kiev Governorate,4148900,50957
Kazan Governorate,2170665,55954.8
Penza Governorate,1470474,34129.1
Livonia Governorate,1310670,47030.87
Shamakhi Governorate,460000,57444
Ufa Governorate,2220497,1220052
Tomsk Governorate,1927679,744576.7
Volhynian Governorate,3501600,717362
Bessarabia Governorate,1935412,40096.6
Irkutsk Governorate,514267,653290
Moscow Governorate,2430581,29236.4
Perm Governorate,2994302,332052
Tula Governorate,1419456,27204.4
Novonikolayevsk Governorate,1331000,143959
Semipalatinsk Governorate of the Kirghiz Autonomous Socialist Soviet Republic,1309900,536600
