col0,col1,col2
Caso Arny,Spain,1995-10-01
Dalgarno v Hannah,Australia,1903-01-01
D'Emden v Pedder,Australia,1904-01-01
Computer Associates Int. Inc. v. Altai Inc.,United States of America,1992-01-01
Coates v. Cincinnati,United States of America,1971-01-01
Brown v. United States,United States of America,1885-01-01
"Baldwin v. G. A. F. Seelig, Inc.",United States of America,1935-01-01
Tasmania v Commonwealth of Australia and Victoria,Australia,1904-01-01
Walz v. Tax Commission,United States of America,1969-01-01
Valley Forge Christian College v. Americans United for Separation of Church and State,United States of America,1981-01-01
University of Pennsylvania v. EEOC,United States of America,1989-01-01
United States v. Manning,United States of America,2011-12-16
Taylor v. United States,United States of America,1990-01-01
Peterswald v Bartley,Australia,1904-01-01
North Carolina v. Alford,United States of America,1969-01-01
Milirrpum v Nabalco Pty Ltd,Australia,1971-01-01
Makin v Attorney General for New South Wales,Australia,1893-01-01
Irving v Penguin Books and Lipstadt,United Kingdom,1996-09-05
Trial of Draža Mihailović,Socialist Federal Republic of Yugoslavia,1946-06-10
Mabo v Queensland (No 2),Australia,1992-01-01
