col0,col1,col2
Laurel Hedare,Catwoman,superhuman durability
Killer Croc,Suicide Squad,superhuman strength
Atlan,Aquaman,cryokinesis
Barry Allen,Batman v Superman: Dawn of Justice,time travel
Nuclear Man,Superman,psychokinesis
Superman,Superman,superhuman vision
Wonder Woman,Wonder Woman,healing factor
Patience Phillips,Catwoman,superhuman agility / reflexes
Aquaman,Batman v Superman: Dawn of Justice,superhuman strength
Atlanna,Aquaman,superhuman strength
Nereus,Aquaman,hydrokinesis
Shazam,Shazam!,electrokinesis
Alec Holland,Swamp Thing,healing factor
Superman,Man of Steel,healing factor
John Hancock,Hancock,healing factor
Aquaman,Justice League,superhuman strength
Kara Zor-El,DC Super Hero Girls,healing factor
Killer Croc,Lego Batman: The Videogame,superhuman strength
Spawn,Spawn,healing factor
Wonder Woman,Wonder Woman,healing factor
