col0,col1,col2
Azulejo géométrique,France,1995-01-01
De la verticale à l'oblique,France,1982-01-01
Anamorphose,France,1985-01-01
Gladiator Mosaic,Italy,0320-01-01
Villa Romana del Casale - Big Game Hunt mosaic,Italy,0320-01-01
Alexander Mosaic,Italy,-0200-01-01T00:00:00Z
Stoclet Frieze,Belgium,1900-01-01
Here I Grew Up,United States of America,1962-01-01
Four Seasons,United States of America,1974-01-01
Mosaic del Pla de l'Os,Spain,1976-01-01
Memorial Mosaic for the Herzliya Hebrew Gymnasium,Israel,1966-01-01
Priestly Blessing,Israel,1961-01-01
Marco da Fundação da Cidade do Salvador,Brazil,1952-03-29
VRS_23,France,2019-01-01
VRS_22,France,2017-01-01
VRS_21,France,2017-01-01
VRS_20,France,2017-01-01
VRS_19,France,2017-01-01
VRS_18,France,2017-01-01
VRS_17,France,2017-01-01
