col0,col1,col2
220P/McNaught,Robert H. McNaught,2004-05-20
191P/McNaught,Robert H. McNaught,2007-07-10
262P/McNaught–Russell,Robert H. McNaught,1994-12-12
260P/McNaught,Robert H. McNaught,2005-05-20
257P/Catalina,Catalina Sky Survey,2003-04-26
C/2014 Q2,Terry Lovejoy,2014-08-17
(300163) 2006 VW139,Spacewatch,2006-11-15
88P/Howell,Ellen Suzanne Howell,1981-08-29
213P/Van Ness,Michael E. Van Ness,2005-09-10
195P/Hill,Richard Erik Hill,2006-11-22
C/1917 F1 (Mellish),John Edward Mellish,1917-03-19
331P/Gibbs,Alex R. Gibbs,2012-03-22
100P/Hartley 1,Malcolm Hartley,1985-06-13
259P/Garradd,Gordon J. Garradd,2008-09-02
182P/LONEOS,Lowell Observatory Near-Earth-Object Search,2001-10-26
246P/NEAT,Near-Earth Asteroid Tracking,2004-03-28
215P/NEAT,Near-Earth Asteroid Tracking,2002-05-08
169P/NEAT,Near-Earth Asteroid Tracking,2002-03-15
258P/PANSTARRS,Pan-STARRS,2012-04-27
168P/Hergenrother,Carl W. Hergenrother,1998-11-22
