col0,col1,col2,col3
Kennedytunnel,690,Belgium,Scheldt
Gotthard Road Tunnel,16900,Switzerland,Gotthard Pass
Lincoln Tunnel,2504,United States of America,Hudson River
Weser Tunnel,1646,Germany,Weser
Elbe Tunnel,3325,Germany,Elbe
Elbe Tunnel,4265,Germany,Elbe
Mont Blanc Tunnel,11.611,Italy,Alps
Northbridge Tunnel,1.6,Australia,Northbridge
Lingdingyang Channel Tunnel,6,People's Republic of China,Lingding Yang
Vardøtunnelen,2892,Norway,Bussesundet
Drogden Tunnel,4050,Denmark,Drogden
René Konen Tunnel,639,Luxembourg,Ville Haute
Bözberg Road Tunnel,3.705,Switzerland,Bözberg Pass
Eurasia Tunnel,5.4,Turkey,Bosporus
Yamate Tunnel,18200,Japan,Keiō New Line
Maursund Tunnel,2122,Norway,Maursundet
Fréjus Road Tunnel,12868,Italy,Pointe du Fréjus
Luise Kiesselbach tunnel,1530,Germany,Garmischer Straße
Beneluxtunnel,713,Netherlands,Nieuwe Maas
Kruiner Tunnel,89,Germany,Elberfeld–Dortmund railway
