col0,col1,col2
butte Mortemart,150,60
allée de Madrid à Neuilly,580,35
allée de l'Espérance,1700,5
voie Z/20,49,3
voie E/17,65,12
route des Petits-Ponts,360,7
voie A/11,24,4
voie Georges-Pompidou,13000,14
square Rapp,57,12
rue du Tapis-Vert,371,7.5
rue du Refuge,190,4
rue du Petit-Saint-Jean,287,6
rue du Petit-Puits,180,4.5
rue du Panier,221,4
rue du Bon-Jésus,54,4
rue des Dominicaines,381,9
rue des Convalescents,217,8
rue des Bons-Enfants,577,8
rue de la Vieille-Tour,96,6.5
rue de Lorette,60,6
rue de Lodi,640,16
rue de La Palud,420,6
rue d'Aubagne,513,8
rue Trigance,218,6
rue Thubaneau,294,6
rue Sénac-de-Meilhan,312,9
rue Saint-Antoine,157,6
rue Pierre-Lalou,60,7.5
rue Pavillon,162,9
rue Nationale,330,8
rue Méolan,49,4
rue Montgrand,390,9.5
rue Longue-des-Capucins,778,8
rue Jules-Moulet,560,10
rue Jean-Trinquet,237,12
rue Horace-Bertin,818,10
rue Fongate,225,8
rue Dragon,772,9
rue Beauvau,161,13
rue Armény,202,10
port de La Bourdonnais,800,26
impasse Croix-de-Régnier,208,9
hameau du Danube,125,3
hameau de Boulainvilliers,250,8
hameau d'Alleray,51,3.3
