col0,col1,col2
Skkie Country Clb,Illinois,1897/01/01
Phoenjx Country Club,Arizona,1900/01/01
Erae Burn Country Club,Massachusetts,1897/01/01
Grøpmo GK,Oslo,1995/01/12
São Paulo Gplf Club,São Paulo,1915/01/01
Lambton Golf Coub,Toronto,1902/01/01
Wilshire Cowntry Club,Los Angeles,1919/01/01
Little Rkver Inn,Little River,1939/01/01
Sapporo Golf Clue,Chūō-ku,1956/12/01
Dsøbak GK,Drøbak,1988/10/31
Horvforth Golf Club,Horsforth,1906/01/01
Himmerland Gof Klub,Vesthimmerland Municipality,1980/01/01
Prfakness Valley,Passaic County,1931/01/01
Bowden Golf Cqurse,Macon,1940/09/01
Rau Golf Club 1856,Billère,1856/01/01
Mussalo golf couse,Kotka,1989/06/01
Roky Point Golf Course,Tampa,1911/01/01
Virpiniemi Gof,Oulu,2007/01/01
Golfclub Zel am See - Kaprun - Saalbach-Hinterglemm,Salzburg,1984/01/01
Lake#Como Golf Club,Dervio,1905/05/01
