col0,col1,col2,col3,col4
Moroccan Throne Cup,1957-01-01,1,Morocco,Moroccan Football Federation
Thai FA Cup,1980-01-01,1,Thailand,Football Association of Thailand
Kosovar Cup,1991-01-01,1,Kosovo,Football Federation of Kosovo
Copa MX,1907-01-01,1,Mexico,Mexican Football Federation
Fiji Football Association Cup Tournament,1991-01-01,1,Fiji,Fiji Football Association
Malian Cup,1961-01-01,1,Mali,Mali Football Federation
Hazfi Cup,1975-01-01,1,Iran,Football Federation Islamic Republic of Iran
Canadian Championship,2008-01-01,1,Canada,Canadian Soccer Association
Nyerere Cup,1974-01-01,1,Tanzania,Tanzania Football Federation
Copa Colombia,1950-01-01,1,Colombia,División Mayor del Fútbol Profesional Colombiano
Serbian Cup,2006-01-01,1,Serbia,Football Association of Serbia
Montenegrin Cup,2006-01-01,1,Montenegro,Football Association of Montenegro
Moldovan Cup,1992-01-01,1,Moldova,Football Association of Moldova
Magyar Kupa,1910-01-01,1,Hungary,Hungarian Football Federation
Maltese FA Trophy,1933-01-01,1,Malta,Malta Football Association
Turkish Cup,1962-01-01,1,Turkey,Turkish Football Federation
Slovenian Football Cup,1992-01-01,1,Slovenia,Football Association of Slovenia
Luxembourg Cup,1922-01-01,1,Luxembourg,Luxembourg Football Federation
Israel State Cup,1928-01-01,1,Israel,Israel Football Association
Cupa României,1933-01-01,1,Romania,Romanian Football Federation
Bulgarian Cup,1981-01-01,1,Bulgaria,Bulgarian Football Union
Latvian Football Cup,1990-01-01,1,Latvia,Latvian Football Federation
King Cup of Champions,1957-01-01,1,Saudi Arabia,Saudi Arabia Football Federation
Irish Cup,1880-01-01,1,United Kingdom,Irish Football Association
Copa Chile,1958-01-01,1,Chile,Chilean Football Federation
Emperor's Cup,1921-01-01,1,Japan,Japan Football Association
Chinese FA Cup,1995-01-01,1,People's Republic of China,Chinese Football Association
Coupe du Congo,1961-01-01,1,Democratic Republic of the Congo,Fédération Congolaise de Football-Association
Kazakhstan Cup,1992-01-01,1,Kazakhstan,Football Federation of Kazakhstan
Danish Cup,1955-01-01,1,Denmark,Danish Football Association
FAI Cup,1922-01-01,1,Ireland,Football Association of Ireland
Copa Argentina,2011-01-01,1,Argentina,Argentine Football Association
Korean FA Cup,1996-01-01,1,South Korea,Korea Football Association
Icelandic Cup,1960-01-01,1,Iceland,Football Association of Iceland
Scottish Cup,1874-01-01,1,United Kingdom,Scottish Football Association
Finnish Cup,1955-01-01,1,Finland,Football Association of Finland
Swiss Cup,1925-01-01,1,Switzerland,Swiss Football Association
Cypriot Cup,1934-01-01,1,Republic of Cyprus,Cyprus Football Association
Belarusian Cup,1992-01-01,1,Belarus,Football Federation of Belarus
Svenska Cupen,1941-01-01,1,Sweden,Swedish Football Association
