col0,col1,col2
Endy Township,407,Stanly County
Big Lick Township,492,Stanly County
Chambersburg Township,866,Iredell County
Barringer Township,830,Iredell County
Speedway,227,Wayne Township
Bloomfield Township,260,Oakland County
Barr Township,643,Macoupin County
Bradford Township,243,Lee County
Artesia Township,208,Iroquois County
Beaver Township,205,Iroquois County
Clyde Township,679,Whiteside County
Buffalo Township,263,Ogle County
Byron Township,223,Ogle County
Brookville Township,241,Ogle County
Burnt Prairie Township,407,White County
Council Hill Township,265,Jo Daviess County
Berreman Township,264,Jo Daviess County
Apple River Township,292,Jo Daviess County
Bradley Township,187,Jackson County
DeSoto Township,119,Jackson County
