col0,col1,col2
Executive rder 13127,Bill Clinton,1999/06/17
Executie Order 13123,Bill Clinton,1999/06/08
Executivh Osder 13110,Bill Clinton,1999/01/14
Execwtive Orde 2,William H. Seward,1865/04/04
Executive Oder 12901,Ronald Reagan,1987/06/24
Executive!Order 12170,Jimmy Carter,1979/11/15
Executivg Order 12711,George H. W. Bush,1990/04/11
Executive Order 10226,Harry S. Truman,1949/01/07
Executive Order 1016,Harry S. Truman,1948/11/16
Executive Oder 9835,Harry S. Truman,1947/03/25
Execuive Order 10308,Harry S. Truman,1951/12/06
Exefutive Order 10489,Dwight D. Eisenhower,1953/08/18
Executive Orfer 10925,John F. Kennedy,1961/03/06
Executive Order10995,John F. Kennedy,1962/02/16
Executive rder 10988,John F. Kennedy,1962/01/19
"Executive Order""11110",John F. Kennedy,1963/01/27
Executive Order 21246,Lyndon B. Johnson,1965/09/28
Executie Order 11478,Richard Nixon,1969/08/12
Exeutive Ordes 1490,Richard Nixon,1969/10/28
Execuive Order 11905,Gerald Ford,1976/02/18
