col0,col1,col2
Woollahra Municipality,13,54240
City of Hawkesbury,250,64592
City of Shellharbour,125,68460
Parkes Shire,265,14608
Wingecarribee Shire,704,47882
City of Randwick,27,140660
City of Liverpool,15,204326
City of Sydney,69,208374
City of Cessnock,350,55560
City of Campbelltown,142,157006
Cabonne Council,595,13386
Municipality of Burwood,35,36809
Camden Council,104,78218
Tenterfield Shire,930,6628
City of Broken Hill,312,17708
Bland Shire,317,5955
Tamworth Regional Council,369,59663
Oberon Shire,1162,5301
Wentworth Shire,49,6794
Richmond Valley Council,58,22807
