col0,col1,col2
2017 Memphis Open,2017-02-19,2017-02-13
2016 Memphis Open,2016-02-14,2016-02-08
2015 Memphis Open,2015-02-15,2015-02-09
2014 U.S. National Indoor Tennis Championships,2014-02-16,2014-02-08
2012 Regions Morgan Keegan Championships (men),2012-02-26,2012-02-20
2011 Regions Morgan Keegan Championships (men),2011-02-19,2011-02-13
2008 Regions Morgan Keegan Championships (men),2008-03-02,2008-02-25
2013 U.S. National Indoor Tennis Championships (men),2013-02-24,2013-02-16
2001 IGA U.S. Indoor Championships,2001-02-25,2001-02-17
1999 IGA SuperThrift Tennis Classic,1999-02-28,1999-02-20
1998 IGA Tennis Classic,1998-03-01,1998-02-21
1997 IGA Tennis Classic,1997-02-23,1997-02-17
1996 IGA Tennis Classic,1996-02-25,1996-02-19
1995 IGA Tennis Classic,1995-02-19,1995-02-13
1994 IGA Tennis Classic,1994-02-20,1994-02-14
1993 IGA Tennis Classic,1993-02-21,1993-02-15
1992 Virginia Slims of Oklahoma,1992-02-23,1992-02-17
1991 Virginia Slims of Oklahoma,1991-02-24,1991-02-18
1990 Virginia Slims of Oklahoma,1990-02-25,1990-02-19
1988 Virginia Slims of Oklahoma,1988-02-28,1988-02-22
