col0,col1,col2
Dub na Čerlince,26,Czech Republic
Třídvorecký dub,25,Czech Republic
Oak near Paleček's mill,23,Czech Republic
Dub u mlýna,25,Czech Republic
Rudolfův dub,28,Czech Republic
Žlutický dub,25,Czech Republic
Dub u Větrova,20,Czech Republic
Dub letní v Jablonném nad Orlicí,18,Czech Republic
Dub v Křeslicích,22,Czech Republic
Dub ve Slapanech,27,Czech Republic
Dub u Hamrnického zámečku,25,Czech Republic
Majvalův dub,19,Czech Republic
Dub u Vorlů,19,Czech Republic
Dub u Nešporů,17,Czech Republic
Dub letní (Podlešín),12,Czech Republic
Mostovský dub,18,Czech Republic
Tsar Oak in Tadulina,26,Belarus
Valdemarsegen,25,Denmark
Dub ve Vintířově,20,Czech Republic
Šenbauerův dub,23,Czech Republic
