col0,col1,col2
NH Pastorie,Lingewaard,Ressen
"Janssenstraat 2, Beek",Beek,Beek
"Aberdeen, Old Aberdeen, The Chanonry, St Katherine's Manse With East Boundary Wall",Aberdeen,Aberdeen
"Aberdeen, Old Aberdeen, The Chanonry, St Katherine's Manse With East Boundary Wall",Aberdeen,Aberdeen
"Aberdeen, Huntly Street, St Mary's Roman Catholic Cathedral, Presbytery",Aberdeen,Aberdeen
"15 Swinton Road, St Bridget's Roman Catholic Church, Presbytery",Glasgow,Glasgow
"215 Kinfauns Drive, St Laurence (martyr) Roman Catholic Church, Presbytery",Glasgow,Glasgow
"Shawhill Road, St Mary's Roman Catholic Church, Presbytery",Glasgow,Glasgow
"1 Kelvinside Gardens, St Charles Roman Catholic Church Presbytery",Glasgow,Glasgow
"Pastorie, Hemmen",Overbetuwe,Hemmen
"Hoge Kerkstraat 13, Nieuwerkerk",Schouwen-Duiveland,Nieuwerkerk
"Lingedijk 21, Wadenoijen",Tiel,Wadenoijen
"Nicolaeskerk, Krommenie",Zaanstad,Krommenie
"Borgweg 10, Zeerijp",Loppersum,Zeerijp
"Kerkplein 4, Wehl",Doetinchem,Wehl
Hervormde pastorie van Breede,Eemsmond,Warffum
"Gronsvelder Kerkplein 4, Gronsveld",Eijsden-Margraten,Gronsveld
Pfarrhaus Pitzling,Landsberg am Lech,Pitzling
Old Vicarage,Great and Little Chishill,Great Chishill
St Anne's House,London Borough of Lambeth,Vauxhall
