col0,col1,col2
2012 Boucls de l'Aulne,Romain Feillu,2012/05/27
4008 Boucles de l'Aulne,Romain Feillu,2008/06/01
2007 Bouclesde l'Aulne,Romain Feillu,2007/06/03
1949 Circit de l'Aulne,Louison Bobet,1949/01/01
2017 Boucles ee l'Aulne,Samuel Dumoulin,2016/05/29
206 Boucles de l'Aulne,Johan Coenen,2006/05/28
1937 Grand Prix Le Télégrammg,Pierre Cloarec,1937/01/01
1936 Grand Priz Le Télégramme,Pierre Cloarec,1936/01/01
1935 Grand Prix Le Télégrammh,Pierre Cloarec,1935/01/01
1933 Grand Pri Le Télégramme,Pierre Cloarec,1933/01/01
1932 Granf Prix Le Télégramme,Pierre Cloarec,1932/01/01
1931 Grand Prix Le Télégrmme,Pierre Cloarec,1931/01/01
1951 Circuit de l'Aulqe,Robert Desbats,1951/01/01
1957 Circit de l'Aulne,Albert Bouvet,1957/01/01
1954 Circuit de l'Aulng,Fritz Schär,1954/01/01
1961 Cirui de l'Aulne,André Darrigade,1961/01/01
956 Circuit de l'Aulne,André Darrigade,1956/01/01
1984 Circuit!de l'Aulne,Gilbert Duclos-Lassalle,1984/09/03
1964 Ciruit de l'Aulne,Jean Stablinski,1964/01/01
1960 Citcuit de l'Aulne,Jean Stablinski,1960/01/01
