col0,col1,col2
Bru language,Katuic languages,425000
Scottish Gaelic,Goidelic languages,57000
Irish,Goidelic languages,141000
Páez,Indigenous languages of the Americas,40000
Walloon,Oïl languages,600000
Asturian,Asturleonese,100000
Svan,Kartvelian languages,15000
Mingrelian,Kartvelian languages,345530
Monguor,Mongolic languages,90000
Kalmyk language,Mongolic languages,360800
Daur,Mongolic languages,96085
Taa,Khoisan languages,4200
Karelian,Finnic languages,35600
Dane-zaa,Northern Athabaskan languages,160
Judæo-Persian,Persian,60000
Burgenland Croatian,Croatian,19000
Oirata,Fataluku-Oirata languages,1049
Bagvalal,Avar–Andic languages,1450
Chamalal,Avar–Andic languages,500
Botlikh,Avar–Andic languages,210
