col0,col1,col2
rue de Marignan,16,Battle of Marignano
rue de Bretagne,20,Brittany
rue du Repos,9,Père Lachaise Cemetery
rue Galilée,13,Galileo Galilei
villa Claude-Monet,4.8,Claude Monet
rue Champollion,8,Jean-François Champollion
rue de Bruxelles,12,Brussels
rue de Rome,20,Rome
rue de la Madone,40,Virgin Mary
rue d'Alexandrie,12,Alexandria
rue du Caire,12,Cairo
rue de Londres,15,London
rue de Berne,12,Bern
rue d'Italie,12,Italy
Rue Lincoln,12,Abraham Lincoln
rue Beethoven,15,Ludwig van Beethoven
rue d'Écosse,3.4,Scotland
rue du Japon,15,Japan
rue Washington,10.7,George Washington
rue du Canada,9,Canada
