col0,col1,col2
Kamikōchi Line,Alpico Kōtsū,Alpico Kōtsū
Hanoi–Đồng Đăng Railway,Vietnam Railways,Vietnam Railways
Pontefract Line,Arriva Rail North,Network Rail
Penistone Line,Arriva Rail North,Network Rail
Peterborough to Lincoln Line,East Midlands Trains,Network Rail
Oakham–Kettering line,East Midlands Trains,Network Rail
Oxford to Bicester Line,Chiltern Railways,Network Rail
Northampton Loop Line,London Midland,Network Rail
Piraeus–Platy railway,TrainOSE,Hellenic Railways Organisation
M202 railway (Croatia),Croatian Railways,Croatian Railways
Comodoro Rivadavia Railway,Argentine State Railway,Government of Argentina
Harlem Line,Metro-North Railroad,Argent Ventures
Hell–Sunnan Line,Vy,Norwegian National Rail Administration
Hounslow Loop Line,South Western Railway,Network Rail
Harrogate Line,Arriva Rail North,Network Rail
Hallam line,Arriva Rail North,Network Rail
Great Northern Route,Govia Thameslink Railway,Network Rail
Halton Curve,Northern Rail,Network Rail
Glossop Line,Northern Rail,Network Rail
Greenford branch line,Great Western Railway,Network Rail
Golden Valley line,Great Western Railway,Network Rail
Hope Valley Line,East Midlands Trains,Network Rail
Howrah-Chennai main line,South Eastern Railway zone,Indian Railways
Harbour line,Central Railway zone,Indian Railways
Madrid-Hendaya railway line,Renfe Operadora,Administrador de Infraestructuras Ferroviarias
Rosenheim–Salzburg railway,DB Bahn,Deutsche Bahn
Baotou–Xi'an Railway,China Railway Hohhot Group,"China State Railway Group Co.,Ltd."
Quzhou-Jiujiang Railway,China Railway Shanghai Group,"China State Railway Group Co.,Ltd."
Huainan Railway,China Railway Shanghai Group,"China State Railway Group Co.,Ltd."
Shuijiahu-Bengbu Railway,"China State Railway Group Co.,Ltd.","China State Railway Group Co.,Ltd."
