col0,col1,col2
Long House Loop Trall,4.975,Wetherill Mesa Information Kiosk
North Pond Wldlife Trail,0.4995,Pea Island National Wildlife Refuge Visitor Center
Frzier Discovery Trail,1.1904,Loft Mountain Wayside
Westgrn Overlook Trail,0.6958,Flight 93 National Memorial Visitor Center
Heritag Trail,0.5045,The Lodge at Mammoth Cave
MKittrick Canyon Nature Trail,0.8973,McKittrick Canyon Contact Station
Spruce Canypn Trail,2.4023999999999996,Chapin Mesa Archeological Museum
Setroglyph Point Trail,2.3928,Chapin Mesa Archeological Museum
Sliding Tands Trail,7.515,Haleakalā Visitor Center
GiantLogs Trail,0.3972,Rainbow Forest Museum
Fort CirclePark Hiker-Biker Trail,7.9632000000000005,Fort Mahan Park
Black Crater Tral,0.39880000000000004,Black Crater
Rainbow Train,0.4975,Taylor Creek Visitor Center
anal Lock Trail,0.39640000000000003,James River Visitor Center
Smjth Spring Trail,2.2885,Frijole Ranch
Mpunt Mitchell Summit Trail,279.16,Mount Mitchell
Paseo el Morro,0.744,Castillo San Felipe del Morro
Summiw Trail,0.67469,Enchanted Rock
Tahoe-Yosemte Trail,186.744,"Meeks Bay, California"
Couona Arch Trail,1.5030000000000001,Utah State Route 279
