col0,col1,col2
Traeth Mawr,public domain,William Miller
"The north west view Of Caergwrley Castle, in the county of Flint",public domain,Samuel and Nathaniel Buck
"Vale Crucis Abbey, N. Wales",public domain,John Sell Cotman
"Kemaes-head, Pembrokeshire",public domain,William Daniell
The iron forge between Dolgelli and Barmouth in Merioneth Shire,public domain,Paul Sandby
Inside view of Chepstow Castle looking eastward,public domain,Paul Sandby
"Manerbawr Castle, from the inward court",public domain,Paul Sandby
The Entrance to Chepstow Castle,public domain,Paul Sandby
Cilgarran Castle in Pembrokeshire,public domain,Edward Easton
"The Abbey of Valle Crucis, Llan Egwiste, or Llanegwast, Denbeighshire",public domain,Samuel Hooper
Salmon fishery: A view from the rocks of Aberistwith and the bay,public domain,Francis Jukes
Pembroke,public domain,John Walker
"The east view of Swansea castle, in the county of Glamorgan",public domain,Samuel and Nathaniel Buck
Swansea,public domain,Samuel and Nathaniel Buck
"Stackpole Court, Pembrokeshire",public domain,John Preston Neale
"A North View of Denbigh Castle, in north Wales",public domain,John Boydell
Chirk Castle &c: from Wynnstay Park,public domain,Paul Sandby
Denefawr Castle,public domain,Paul Sandby
Barmouth,public domain,John Walker
"Menevia, St. David's",public domain,William Miller
