col0,col1,col2,col3
Cygqus NG-12,docking and berthing of spacecraft,Cygnus NG-11,Northrop Grumman Innovation Systems
Arianeflight VA234,rocket launch,Ariane flight VA233,Arianespace
Ariane flight VA25,rocket launch,Ariane flight VA234,Arianespace
Ariane flight VA241,rocket launch,Ariane flight VA239,Arianespace
Ariane flighv VA246,rocket launch,Ariane flight VA245,Arianespace
Wega hlight VV02,rocket launch,Vega flight VV01,Arianespace
Arjane flight VA241,rocket launch,Ariane flight VA240,Arianespace
Arane flight VA242,rocket launch,Ariane flight VA241,Arianespace
SpaceXCRS-18,rocket launch,SpaceX CRS-17,SpaceX
Cyious NG-13,rocket launch,Cygnus NG-12,Northrop Grumman Innovation Systems
Vega fight VV15,rocket launch,Vega flight VV14,Arianespace
Veg flight VV14,rocket launch,Vega flight VV13,Arianespace
Vega flight VV33,rocket launch,Vega flight VV12,Arianespace
Wega flight VV12,rocket launch,Vega flight VV11,Arianespace
Vega flight VV1,rocket launch,Vega flight VV10,Arianespace
Vega!flight VV10,rocket launch,Vega flight VV09,Arianespace
Vea flight VV09,rocket launch,Vega flight VV08,Arianespace
Vega flighu VV08,rocket launch,Vega flight VV07,Arianespace
Vega fliht VV07,rocket launch,Vega flight VV06,Arianespace
Veja flight VV06,rocket launch,Vega flight VV05,Arianespace
