col0,col1,col2
San Benito Municipality,140,2650
Aiquile Municipality,2500,2505
Poopó Municipality,697,3800
Anzaldo Municipality,641,2600
Arbieto Municipality,146,2680
Waldo Ballivián Municipality,122,4000
Uyuni Municipality,7895,3669
Llica Municipality,3272,4000
Tarata Municipality,335,2500
Andamarca,2639,3750
La Paz,1973,3600
Sacabamba Municipality,184,3200
San Pedro de Quemes Municipality,4291,4000
Comanche Municipality,430,4215
Copacabana Municipality,174,3841
Charaña Municipality,2876,4100
Puerto Carabuco Municipality,408,4100
Ancoraimes Municipality,324,3900
Tacopaya Municipality,565,3598
Cochabamba,157,2558
