col0,col1,col2,col3
HeySong Beverage Museum,Zhongli,1996-01-01,HeySong Corporation
Museum of military uniform,Moscow,2017-01-01,Rossiĭskoe voenno-istoricheskoe obshchestvo
Huntly Shire Council Chambers,Huntly,1867-01-01,Shire of Huntly
Museum of Sacred Art of Teruel,Episcopal palace of Teruel,1984-01-01,Roman Catholic Diocese of Teruel and Albarracín
National Art Gallery,Vilnius,1993-01-01,Lithuanian Art Museum
Savonlinna Provincial Museum,"Olavinlinna, Kyrönsalmi and Haapasalmi",1985-01-01,Savonlinna
Ivan Turgenev museum,Moscow,1819-01-01,State Alexander Pushkin Museum in Moscow
Ahmet Hamdi Tanpınar Literature Museum Library,Gülhane Park,2011-11-12,Ministry of Culture and Tourism
Sonoma Barracks,Sonoma,1836-01-01,California Republic
Indian Business Museum,Kozhikode,2013-01-01,Indian Institute of Management Kozhikode
Mission San Francisco Solano,Sonoma State Historic Park,1843-01-01,California Department of Parks and Recreation
YM Museum of Marine Exploration Kaohsiung,Cijin District,2007-01-01,Yang Ming Marine Transport Corporation
Evergreen Maritime Museum,Zhongzheng District,2008-01-01,Evergreen Group
Moundville Archaeological Museum,Moundville,1939-01-01,University of Alabama
Russian Forest Museum,Moscow,1998-01-01,Federal Agency for Forestry
Museum of Paper Making and Printing,Piotrkowska Street,2005-01-01,Lodz University of Technology
Toruń Regional Museum,Toruń,1594-01-01,Toruń
"Palais Dietrichstein, Brno",Zelný trh,1614-01-01,Moravské zemské muzeum
Espoo City Museum,WeeGee house,1958-01-01,Espoo
New Taipei City Gold Museum,Ruifang District,2004-01-01,New Taipei City Government
