col0,col1,col2,col3
1961 Vuelta a España,1961-05-11,1961-04-26,road bicycle racing
1987 Vuelta a España,1987-05-15,1987-04-23,road bicycle racing
1986 Vuelta a España,1986-05-13,1986-04-22,road bicycle racing
1974 Vuelta a España,1974-05-12,1974-04-23,road bicycle racing
1983 Vuelta a España,1983-05-08,1983-04-19,road bicycle racing
1985 Vuelta a España,1985-05-12,1985-04-23,road bicycle racing
1978 Vuelta a España,1978-05-14,1978-04-25,road bicycle racing
2007 Vuelta a España,2007-09-23,2007-09-01,road bicycle racing
1971 Vuelta a España,1971-05-16,1971-04-29,road bicycle racing
2011 Vuelta a España,2011-09-11,2011-08-20,road bicycle racing
1981 Vuelta a España,1981-05-10,1981-04-21,road bicycle racing
1998 Vuelta a España,1998-09-27,1998-09-05,road bicycle racing
2010 Vuelta a España,2010-09-19,2010-08-28,road bicycle racing
1980 Vuelta a España,1980-05-11,1980-04-22,road bicycle racing
1984 Vuelta a España,1984-05-06,1984-04-17,road bicycle racing
1948 Vuelta a España,1948-07-04,1948-06-13,road bicycle racing
1979 Vuelta a España,1979-05-13,1979-04-24,road bicycle racing
1966 Vuelta a España,1966-05-15,1966-04-28,road bicycle racing
1967 Vuelta a España,1967-05-14,1967-04-27,road bicycle racing
1989 Vuelta a España,1989-05-15,1989-04-24,road bicycle racing
