col0,col1,col2,col3
Dr. D.M. Sluyspad,Amsterdam,Netherlands,David Mozes Sluys
Heinrich-Hildebrand-Weg,Unterföhring,Germany,Heinrich Hildebrand
Gleißachweg,Unterföhring,Germany,Gleißach
Seidleinweg,Munich,Germany,Lorenz Seidlein
Isabella-Braun-Weg,Munich,Germany,Isabella Braun
Unterer Aschheimer Weg,Unterföhring,Germany,Aschheim
Oberer Aschheimer Weg,Unterföhring,Germany,Aschheim
Ismaninger Weg,Unterföhring,Germany,Ismaning
chemin de Nantes,Montrevault-sur-Èvre,France,Nantes
vieux chemin de Nantes,Montrevault-sur-Èvre,France,Nantes
chemin de Nantes,Geneston,France,Nantes
chemin de Paris,Cazalis,France,Paris
chemin de Paris,Raizeux,France,Paris
chemin de Paris,Recloses,France,Paris
chemin de Paris,Mériel,France,Paris
chemin de Paris,Labbeville,France,Paris
vieux chemin de Paris,Précy-sur-Oise,France,Paris
cami de Paris,Vidouze,France,Paris
chemin de Paris,Cintegabelle,France,Paris
chemin de Paris,Senantes,France,Paris
