col0,col1,col2
A Forest Road,149,251
Christ Giving Sight to Bartimaeus,260,381
Open Landscape with Horsemen and Covered Cart,273,356
"Wilmot's Hill, Kent",273,375
"View from Rook's Hill, Kent",524,413
Tintern Abbey at Sunset,333,705
Tintern Abbey,591,762
The Wayside Smithy,527,400
"The Cypresses at the Villa d'Este, Tivoli",597,438
The Barns,254,343
Bathers,126,210
"View at Charlton, Kent",292,441
Two Women holding a Basket,168,124
"The Woodyard, Great Windsor Park",251,378
"The Westgate, Canterbury",419,597
The Queen Elizabeth Gate,391,495
"The North Terrace, Windsor Castle, Looking West",381,546
"The North Terrace, Looking East",384,540
The Norman Gate and Deputy Governor's House,384,540
The Gypsy Fortune-Teller,343,410
The Garden of Thomas Sandby's House at Englefield Green near Windsor,295,451
The Entrance to Chepstow Castle,146,178
Stream and Wooden Bridge,157,232
"St. George's Chapel, Windsor, and the Entrance to the Singing Men's Cloister",381,546
"Roslin Castle, Midlothian",460,384
Old Bridge at Shrewsbury,724,949
Lady Francis Scott and Lady Elliot,127,130
"Halfway House, Sadler's Wells",289,292
Dartmouth Castle,502,714
Couple in a Farmyard,664,498
Conway Castle,47.9,64.5
"Brook End, Essex",162,203
"Bridgenorth, Shropshire",981,1200
"Bothwell Castle, from the South",445,632
"A View of Vinters at Boxley, Kent, with Mr. Whatman's Turkey Paper Mills",851,1181
A Sandpit,210,276
A Nurse with Three Children,156,143
"A Distant View of Maidstone, from Lower Bell Inn, Boxley Hill",559,775
A Castle on a River,137,206
Princess Tuvstarr gazing down into the dark waters of the forest tarn.,250,250
Southend Pier,182,257
Still Life,47,40
