col0,col1,col2
Central Mass Mobilization Commission of the Communist Party of Vietnam,1976-01-01,Vietnam
Defence SA Advisory Board,2007-01-01,Australia
Economic Development Board of South Australia,2002-01-01,Australia
NHS Hospital Advisory Service,1969-01-01,United Kingdom
National Information Governance Board for Health and Social Care,2008-01-01,United Kingdom
Consiglio Superiore di Sanità,1847-10-30,Italy
Advisory Committee on Student Financial Assistance,1986-01-01,United States of America
United States Chief Financial Officers Council,1990-01-01,United States of America
"National Commission on Military, National, and Public Service",2017-09-19,United States of America
Defense Innovation Advisory Board,2016-01-01,United States of America
Indian Law and Order Commission,2010-01-01,United States of America
United States Homeland Security Council,2001-01-01,United States of America
Science Advisory Board,1978-01-01,United States of America
Presidential Advisory Council on HIV/AIDS,1995-01-01,United States of America
National Commission on AIDS,1988-11-04,United States of America
Administrative Conference of the United States,1964-01-01,United States of America
President’s Council on Jobs and Competitiveness,2009-01-01,United States of America
United States National Security Council,1947-01-01,United States of America
JASON,1960-01-01,United States of America
Advisory Council for the promotion of a Civic and Social Forum for the Constituent Debate,2018-10-23,Spain
