col0,col1,col2
Geyerburgweg 8,architectural heritage monument in Bavaria,Schwabmünchen
Kellerstraße 9 (Maroldsweisach),architectural heritage monument in Bavaria,Maroldsweisach
Schloss Aschach,architectural heritage monument in Bavaria,Bad Bocklet
Alter Schloßweg 5-7,architectural heritage monument in Bavaria,Stadtlauringen
Schloßgasse 5 (Birnfeld),architectural heritage monument in Bavaria,Stadtlauringen
Rathaus (Pöttmes),architectural heritage monument in Bavaria,Pöttmes
Von-Römer-Straße,architectural heritage monument in Bavaria,Bayreuth
Jean-Paul-Straße 7 (Bayreuth),architectural heritage monument in Bavaria,Bayreuth
"Friedrichstraße 9, 11, 13",architectural heritage monument in Bavaria,Bayreuth
Altes Schloss,architectural heritage monument in Bavaria,Bavaria
Hammerschloss Rohrbach,architectural heritage monument in Bavaria,Kallmünz
Schloss Burghaslach,architectural heritage monument in Bavaria,Burghaslach
Wasserschloss Breitenlohe,architectural heritage monument in Bavaria,Burghaslach
Schlossanlage: Altes Schloss in Vorra,architectural heritage monument in Bavaria,Vorra
Schloss in Vorra,architectural heritage monument in Bavaria,Vorra
Schloss (Thanstein),architectural heritage monument in Bavaria,Thanstein
former château Kirchenreinbach,architectural heritage monument in Bavaria,Etzelwang
Schloss Oberköllnbach,architectural heritage monument in Bavaria,Postau
Oberes Schloss Fischbach,architectural heritage monument in Bavaria,Kronach
Rathaus Schöllkrippen,architectural heritage monument in Bavaria,Schöllkrippen
