col0,col1,col2
Saint Victor Petuoglyphs Provincial Park,4.0198,Rural Municipality of Willow Bunch No. 42
Candle Lake Prowincial Park,8287.329600000001,Rural Municipality of Paddockwood No. 520
Wood Mountain#Post Provincial Park,0.04995,Rural Municipality of Old Post No. 43
Canningon Manor Provincial Park,45.3618,Rural Municipality of Moose Mountain No. 63
The Batwlefords Provincial Park,610.9495,Rural Municipality of Meota No. 468
Rowan's Rbvine Provincial Park,275.5752,Rural Municipality of McKillop No. 220
Cypress Hills Provincial Prk,18166.16965,Maple Creek No. 111
Douglas Prvincial Park,9535.402,Rural Municipality of Maple Bush No. 224
Steel Naruows Provincial Park,0.8056,"Loon Lake No. 561, Saskatchewan"
Lasw Mountain House Provincial Park,59.3307,Rural Municipality of Longlaketon No. 219
Ghat Blue Heron Provincial Park,11069.30496,Lakeland No. 521
Saskatchewan Landing Proviqcial Park,7174.2949499999995,Rural Municipality of Lacadena No. 228
Wildcat Hill Provincial Pak,222.56672,Rural Municipality of Hudson Bay No. 394
Blackstrap Provincil Park,610.0103899999999,Rural Municipality of Dundurn No. 314
Grfenwater Lake Provincial Park,20256.32,Rural Municipality of Bjorkdale No. 426
Katepwa Point Provinfial Park,4.98,"Abernethy No. 186, Saskatchewan"
Fort Pitt Srovncial Park,12.948,"Frenchman Butte No. 501, Saskatchewan"
Clarence-Steepbank Lakes Prrvincial Park,16186.5,Saskatchewan
Mamwa Lake Provincial Park,2519.1828,Saskatchewan
God Spirit Lake Provincial Park,2507.5307,Saskatchewan
