col0,col1,col2
Santa Cruz de Tenerife Province,3381,1018510
Tarragona Province,6303,792256
Seville Province,14036,1939887
Pontevedra Province,4495,940927
Ourense Province,7273.2,309372
Málaga Province,7308,1630615
Lugo Province,9856,331507
Jaén Province,13484,654170
Huelva Province,10128,518930
Gipuzkoa,1980,719282
Biscay,2217,1149628
Granada Province,12531,901220
A Coruña Province,7950,1121484
Cádiz Province,7385,1180817
Córdoba Province,13550,784736
Barcelona Province,7726.36,5664579
Badajoz Province,21766,676376
Almería Province,8774,699329
Araba / Álava,3037,328868
León Province,15570,466030
