col0,col1,col2
place Jean-Vilar,55,Jean Vilar
place Marcel-Paul,28,Marcel Paul
place Henri-Langlois,60,Henri Langlois
place Pasdeloup,56,Jules Pasdeloup
place Léon-Paul-Fargue,39,Léon-Paul Fargue
place Jules-Senard,84,Jules Senard
place Jean-Baptiste-Clément,90,Jean-Baptiste Clément
place de Rungis,70,Rungis
place Paul-Tortelier,27,Paul Tortelier
place Henri-Mondor,85,Henri Mondor
place Henry-de-Montherlant,200,Henry de Montherlant
place Marcel-Cerdan,70,Marcel Cerdan
place Saint-Germain-des-Prés,60,Abbey of Saint-Germain-des-Prés
place Marcel-Aymé,38,Marcel Aymé
place Michel-Petrucciani,22,Michel Petrucciani
place Marcel-Achard,27,Marcel Achard
place Jules-Renard,70,Jules Renard
place Maurice-Barrès,28,Maurice Barrès
place Jacques-Demy,66,Jacques Demy
place Madeleine-Renaud-et-Jean-Louis-Barrault,42,Madeleine Renaud
place Sainte-Marthe,16,Martha
place Joffre,450,Joseph Joffre
place d'Acadie,43,Acadia
place Mohammed-V,75,Mohammed V
place Saint-Estèphe,110,Saint-Estèphe
place Jean-Marais,30,Jean Marais
place Rhin-et-Danube,58,First Army (France)
place Paul-Reynaud,80,Paul Reynaud
place Jean-Monnet,80,Jean Monnet
place Suzanne-Valadon,40,Suzanne Valadon
