col0,col1,col2,col3
Am Haupttor 12,Leuna,Kulturdenkmal,Germany
Lohmühleninsel Gas Station,Friedrichshain-Kreuzberg,architectural heritage monument,Germany
Holtzendorff-Garage,Charlottenburg-Wilmersdorf,architectural heritage monument,Germany
Reichsautobahn-Tankstelle Fürstenwalde,Fürstenwalde/Spree,architectural heritage monument,Germany
Kremlin's filling station at Volkhonka St.,Moscow,cultural heritage site in Russia,Russia
Chinese Garage,London Borough of Bromley,Grade II listed building,United Kingdom
De Fakkel,'s-Hertogenbosch,Rijksmonument,Netherlands
Garage Barnabone,Lodi,Italian national heritage,Italy
Skålan gas station,Berg Municipality,listed building in Sweden,Sweden
Esso gas station in Nurmes,Nurmes,protected by the law on the protection of the architectural heritage in Finland,Finland
Siltakatu gas station building,Hyvinkää,protected by the law on the protection of the architectural heritage in Finland,Finland
Ambler's Texaco Gas Station,Dwight,place listed on the National Register of Historic Places,United States of America
Cave Creek Service Station,Cave Creek,place listed on the National Register of Historic Places,United States of America
Dave's Texaco,Chinook,place listed on the National Register of Historic Places,United States of America
R. W. Lindholm Service Station,Cloquet,place listed on the National Register of Historic Places,United States of America
Teapot Dome Service Station,Zillah,place listed on the National Register of Historic Places,United States of America
Master Service Station,Waterloo,place listed on the National Register of Historic Places,United States of America
Tramway Gas Station,Palm Springs,place listed on the National Register of Historic Places,United States of America
Midway Service Station,Roosevelt County,place listed on the National Register of Historic Places,United States of America
Tuomy Hills Service Station,Ann Arbor,place listed on the National Register of Historic Places,United States of America
