col0,col1,col2
Manuale di fonetica,2002-01-01,Carocci Editore
Cell Biology and Histology,2003-01-01,Lippincott Williams & Wilkins
Visions: Artists Living with Epilepsy,2003-01-01,Academic Press
Statistics with Maple,2003-01-01,Academic Press
Introduction to Fluid Mechanics,2004-01-01,Wiley
3-D Human Modeling and Animation,2003-01-01,Wiley
Problem-Solving Approach to Aquatic Chemistry,2003-01-01,Wiley
Radiation Heat Transfer: A Statistical Approach,2002-01-01,Wiley
Applied Statistics and Probability for Engineers,2003-01-01,Wiley
Human Activity and the Environment,2002-01-01,Statistics Canada
"Learning Web Design: a Beginner's Guide to HTML, Graphics, and Beyond",2003-01-01,O’Reilly Media
Shared Source CLI Essentials,2003-01-01,O’Reilly Media
ADO. NET in a Nutshell,2002-01-01,O’Reilly Media
Digital Design and Computer Organization,2004-01-01,CRC Press
"Excavations at Tall Jawa, Jordan",2002-01-01,Brill Publishers
An Analog Electronics Companion,2003-01-01,Cambridge University Press
Game Physics,2004-01-01,Elsevier
Columbia Accident Investigation Board Report,2003-01-01,Columbia Accident Investigation Board
1990 Census of Population and Housing,1992-01-01,United States Census Bureau
DSP First: A Multimedia Approach,1998-01-01,Prentice Hall
