col0,col1,col2
Jiabangxiang,Congjiang County,UTC+08:00
Menglai Township,Cangyuan Va Autonomous County,UTC+08:00
Forward township,Mingshan District,UTC+08:00
Jiaresa,Mêdog County,UTC+08:00
Laomai,Seni District,UTC+08:00
Gyamco Township,Tingri County,UTC+08:00
Nuwenmuren,Jalaid Banner,UTC+08:00
Mengdui Xiang,Zhenkang County,UTC+08:00
"Sanyangji, Jinxian",Jinxian County,UTC+08:00
"Sanli, Jinxian",Jinxian County,UTC+08:00
Shangfang,Wannian County,UTC+08:00
Shanghuacha,Yuzhong County,UTC+08:00
Shangdongjie,Sangzhi County,UTC+08:00
Shanghexi,Sangzhi County,UTC+08:00
Shangxincheng Xiang,Yuanyang County,UTC+08:00
Shangtainba,Leibo County,UTC+08:00
Shangtuan,Jiulong County,UTC+08:00
Shangmeng,Li County,UTC+08:00
Shangxia,Xuanhan County,UTC+08:00
Shangliang,Nanjiang County,UTC+08:00
