col0,col1,col2
Small ovoid vase with funnel-shaped neck (St 243),King Baudouin Foundation,53
Double-gourd bottle (St 242),King Baudouin Foundation,82
Wide-mouthed vase (St 241),King Baudouin Foundation,91
Wide-mouthed egg-shaped vase (St 240),King Baudouin Foundation,95
Potiche (St 208),Keramis Centre De La Céramique,110
Egg-shaped vase with raised mouth (St 112),King Baudouin Foundation,89
Cask-shaped vase (St 111),King Baudouin Foundation,105
Wide-mouthed egg-shaped vase (St 110),King Baudouin Foundation,100
Wide-mouthed egg-shaped vase (St 109),King Baudouin Foundation,96
Egg-shaped vase with raised mouth (St 108),King Baudouin Foundation,79
Bag-shaped vase (St 107),King Baudouin Foundation,90
Egg-shaped vase with raised mouth (St 106),King Baudouin Foundation,77
Egg-shaped vase (St 239),King Baudouin Foundation,118
Egg-shaped vase with raised mouth (St 238),King Baudouin Foundation,81
Bottle (St 237),King Baudouin Foundation,92
Egg-shaped vase with flattened mouth (St 235),King Baudouin Foundation,93
Egg-shaped vase with raised mouth (St 234),King Baudouin Foundation,90
Egg-shaped vase (St 233),King Baudouin Foundation,95
Bag-shaped vase (St 232),King Baudouin Foundation,71
Bottle with four ornamental handles (St 231),King Baudouin Foundation,81
Egg-shaped vase (St 230),King Baudouin Foundation,94
Potiche (St 227),King Baudouin Foundation,129
Wide-mouthed egg-shaped vase (St 226),King Baudouin Foundation,92
Baluster vase (St 225),King Baudouin Foundation,115
Tall and narrow vase with raised mouth (St 220),King Baudouin Foundation,83
Potiche (St 219),King Baudouin Foundation,117
Egg-shaped vase with long funnel-shaped neck (St 218),King Baudouin Foundation,87
Potiche (St 216),King Baudouin Foundation,90
Baluster vase (St 215),King Baudouin Foundation,97
Egg-shaped vase with straight neck (St 214),King Baudouin Foundation,52
Bottle (St 213),King Baudouin Foundation,43
Ovoid vase with long funnel-shaped neck (St 212),King Baudouin Foundation,122
Bottle (St 211),King Baudouin Foundation,63
Wide-mouthed egg-shaped vase (St 210bis),King Baudouin Foundation,96
Wide-louted egg-shaped vase (St 210),King Baudouin Foundation,966
