col0,col1,col2
Walnut Street Bridge,Pennsylvania Department of Transportation,place listed on the National Register of Historic Places
Pond Eddy Bridge,Pennsylvania Department of Transportation,place listed on the National Register of Historic Places
Tioronda Bridge,Beacon,place listed on the National Register of Historic Places
John Seigenthaler Pedestrian Bridge,Nashville,place listed on the National Register of Historic Places
West Cornwall Covered Bridge,Connecticut,place listed on the National Register of Historic Places
Tavy Bridge,Network Rail,Grade II listed building
Ponte metálica de Fão,Estradas de Portugal,Immovable Cultural Heritage of Public Interest
Savanna–Sabula Bridge,Iowa Department of Transportation,place listed on the National Register of Historic Places
Kew Railway Bridge,Network Rail,Grade II listed building
Royal Albert Bridge,Network Rail,Grade I listed building
Quebec Bridge,Canadian National Railway,national historic site of Canada
Grafton Bridge,Roads and Maritime Services,Heritage Act - State Heritage Register
James C. Nance Memorial Bridge,Oklahoma Department of Transportation,place listed on the National Register of Historic Places
Fort Madison Toll Bridge,BNSF Railway,place listed on the National Register of Historic Places
Bridge in Cumberland Township,Pennsylvania Department of Transportation,place listed on the National Register of Historic Places
Bull's Bridge,Connecticut Department of Transportation,place listed on the National Register of Historic Places
Blue Bridge,Washington State Department of Transportation,place listed on the National Register of Historic Places
Coraopolis Bridge,Allegheny County,place listed on the National Register of Historic Places
Bridge L-158,New York City Department of Environmental Protection,place listed on the National Register of Historic Places
Snake River Bridge,Washington State Department of Transportation,place listed on the National Register of Historic Places
