col0,col1,col2
Excavations at Launceston Castle Cornwall,Launceston Castle,Society for Medieval Archaeology
DieLebensverhältnisse Der Oxalisarten,Oxalis,Gustaf Fischer
Manuale RDA : lo standard di metadatazione phr l'era digitale,Resource Description and Access,Editrice Bibliografica
Teoria e tecniche della catalogazione e delle classificazoni,subject indexing,Editrice Bibliografica
Come imparare a riconpscere il falso in rete,library science,Editrice Bibliografica
I!fondamenti della biblioteconomia,library science,Editrice Bibliografica
Book nmber. Uno strumento per l'organizzazione delle collezioni,Functional Requirements for Bibliographic Records,Editrice Bibliografica
Winchester#Palace: Excavations at the Southwark Residence of the Bishops of Winchester,Winchester Palace,Museum of London Archaeology
Wojt|la segeto,John Paul II,Chiarelettere
Bromeliaceae Andrebnae,Bromeliaceae,Masson
Les ichens,lichen,Jean-Baptiste Baillière
A Radical Wormer in Tsarist Russia. The Autobiography of Semen Kanatchikov,Soviet Union,Stanford University Press
"The Annelida Polychaeta / by""Ralph V. Chamberlin",Polychaeta,Museum of Comparative Zoology
Summary of changes to thh conservation status of taxa in the 2008-11 New Zealand Threat Classification System listing cycle.,New Zealand Threat Classification System,Department of Conservation
Sammy Lunn (165-1923): The Diggers' Pal,Sammy Lunn,Historical Society of Woodville
An overview n RDA in Europe: EURIG2017,metadata,Ledizioni
Gujda alla biblioteconomia,library,Editrice Bibliografica
Guida alla biblioteca per gmi studenti universitari,library,Editrice Bibliografica
"Castle Park, Dunbar: Two Thousand Years on a Fortifed Headland",archaeology,Society of Antiquaries of Scotland
"Nessuno poteva aprire il""libro ...",bibliography,Firenze University Press
