col0,col1,col2
Athletics at the 1956 Summer Olympics – Women's high jump,Melbourne,women's high jump
Athletics at the 1956 Summer Olympics – Men's high jump,Melbourne,men's high jump
Athletics at the 1956 Summer Olympics – Men's hammer throw,Melbourne,men's hammer throw
Athletics at the 1956 Summer Olympics – Men's pole vault,Melbourne,men's pole vault
Athletics at the 1956 Summer Olympics – Men's 4 × 400 metres relay,Melbourne,men's 4 × 400 metres relay
Athletics at the 1956 Summer Olympics – Women's 4 × 100 metres relay,Melbourne,women's 4 × 100 metres relay
Athletics at the 1956 Summer Olympics – Men's 4 × 100 metres relay,Melbourne,men's 4 × 100 metres relay
Athletics at the 1956 Summer Olympics – Men's 50 kilometres walk,Melbourne,men's 50 kilometres race walk
Athletics at the 1956 Summer Olympics – Men's marathon,Melbourne,men's marathon
"Athletics at the 1956 Summer Olympics – Men's 10,000 metres",Melbourne,"men's 10,000 metres"
Athletics at the 1956 Summer Olympics – Men's 100 metres,Melbourne,men's 100 metres
Athletics at the 1956 Summer Olympics – Men's discus throw,Melbourne,men's discus throw
Athletics at the 1956 Summer Olympics – Men's javelin throw,Melbourne,men's javelin throw
Athletics at the 1956 Summer Olympics – Men's 20 kilometres walk,Melbourne,men's 20 kilometres race walk
Athletics at the 1956 Summer Olympics – Men's triple jump,Melbourne,men's triple jump
Athletics at the 1956 Summer Olympics – Men's 1500 metres,Melbourne,men's 1500 metres
Judo at the 2012 Summer Olympics – Men's +100 kg,London Borough of Newham,men's heavyweight
Judo at the 2008 Summer Olympics – Men's 100 kg,Chaoyang District,men's half heavyweight
Judo at the 2012 Summer Olympics – Men's 90 kg,London Borough of Newham,men's middleweight
Judo at the 2008 Summer Olympics – Men's 73 kg,Chaoyang District,men's lightweight
