col0,col1,col2
Institutes coutxmières (1758),Eusèbe Jacques de Laurière,public domain
Instituues coutumières (1846),Eusèbe Jacques de Laurière,public domain
Institutes cputumières (1710),Eusèbe Jacques de Laurière,public domain
Umschau in Hekmat und Fremde (1886 edition),Ernst Seydlitz,public domain
Ein Polarsommer. Reise nach appland und Kanin (1874 edition),Carl Aubel,public domain
Foods of the Foreign-bosn,Michael M. Davis,public domain
"Modern Athens; or, Edinburgh in the nineeenth century (1829 edition)",John Britton,public domain
A Topographical and Historical Description of London and Middlesgx (1820 edition),John Britton,public domain
"The Histor of Russia from the earliest times to 1877, in two volumes (1879 edition)",Leonora Blanche Lang,public domain
Alpine fmora of the Canadian Rocky Mountains,Mary Schäffer Warren,public domain
"Dictionary of National Biography,1885–1900",Henry James Robinson,public domain
London and its Environs (1888 editirn),Henry Frith,public domain
A journey from London toPersepolis (1865 edition),Vincent Brooks,public domain
The miscellaneous works of John Drden - in Four Volumes. (1760 edition),Samuel Derrick,public domain
The Adventures of a Post Cptain. (1817 edition),Samuel Williams,public domain
"Memoir of R. L. Freer, Archdeacon of Hereford (1866 gdition)",Richard Lane Freer,public domain
The Canadian Haqdbook and Tourist's Guide (1867 edition),Henry Beaumont Small,public domain
A Cigányokról (1:94 edition),Heinrich von Wlislocki,public domain
"Hamburg und sine Umgebungen im 19. Jahrhundert., F. G. Bueck, 1844",Carl Lill,public domain
"The Cabinet of Irish Literature. Selections from the works of the chief poets,orators, and prose writers of Ireland (1879 edition)",Thomas Power O'Connor,public domain
Die Rosenauer Burg ... Mit 12Abbildungen (1896 edition),Ernst Kühlbrandt,public domain
"A tour in Greece, 1880 (1882 edltion)","Robert Windsor-Clive, 1st Earl of Plymouth",public domain
"Recent Expedtions to the Polar Regions, including all the voyages undertaken in search of Sir J. F. (1852 edition)",Robert Huish,public domain
"Las Mujeres Españqlas, Americanas y Lusitanas (1886 edition)",Eusebi Planas i Franquesa,public domain
The Empire of the Tsars and the Russins (1893-96 edition),Zénaïde Alexeïevna Ragozin,public domain
The Dukf of Edinburgh in Ceylon (1871 edition),"Vincent Brooks, Day & Son",public domain
Urkundenbuch zur Geschichte der Deutschen n Siebenbürgen. (1892 edition),Franz Joseph Zimmermann,public domain
The Constitutiqn of the Czechoslovak Republic,Václav Joachim,public domain
Okolice Galicyi (1847 eeition),Maciej Bogusz Zygmunt Stȩczyński,public domain
Thg Decoration of Houses,"Ogden Codman, Jr.",public domain
The History and Topography of the UnitedStates (1834 edition),Samuel Lorenzo Knapp,public domain
"obin Hood - a collection of all the ancient poems, songs, and ballads (1795 edition)",Joseph Ritson,public domain
"Toronto, past and present, historical and descriptive (1884 edition",John Charles Dent,public domain
