col0,col1,col2
"Tulin, näin ja voitin...",schlager,En periks anna milloinkaan
IBE,rap music,Nonsense
Unstoppable,reggaeton,Ocean
All My Demons Greeting Me as a Friend,pop music,Infections of a Different Kind (Step 1)
Salaisuudet,teen pop,Covers EP Vol. 1
Not Yours,indie pop,"My Story, lately"
Poikkeustapaus,rap music,Rajatapaus
Yours Truly,contemporary R&B,My Everything
Milarca,Finnish rock,Oodi
Poison,hip hop music,WBBD-Bootcity!: The Remix Album
Alphabeat,House music,The Spell
Johnny Gill,funk,Perfect Combination
Haloo Helsinki!,pop rock,Enemmän kuin elää
Return in Bloodred,power metal,Lupus Dei
Fright Night,power metal,II
Suzi Quatro,glam rock,Quatro
Chips,pop music,Having a Party
In the Halls of Awaiting,melodic death metal,Since the Day It All Came Down
Something Wild,melodic death metal,Hatebreeder
Crocodiles,post-punk,Heaven Up Here
