col0,col1,col2,col3
Samanco District,154.14,128,4764
Antabamba District,603.76,3636,2776
Chalhuanca District,322.34,2888,4928
El Oro District,68.81,3280,552
Pampachiri,602.5,3362,2199
Huancarama District,153.04,2965,5210
Cotaruse District,1749.83,3248,2570
Pachaconas District,226.73,3438,1054
San Jerónimo District,237.42,2944,20738
Kaquiabamba District,97.79,3150,1816
Huayana District,96.87,3150,750
San Antonio de Cachi District,178.78,3250,2910
Pomacocha District,129.19,3643,863
Pocohuanca District,82.55,3180,1022
Oropesa District,1180.12,3310,2268
Chuquibambilla District,432.5,3320,5023
Juan Espinoza Medrano District,632.22,3229,1711
Coyllurqui District,418.95,3165,6586
Justo Apu Sahuaraura District,97.64,3150,735
Tambobamba District,722.23,3250,10381
