col0,col1,col2
Musée de la cvilisation,543130.0,La Cité-Limoilou
Ntional Gallery,6269101.839,Central London
Vemetržní palác,341693.244,Holešovice
Davarian National Museum,147460.0,Altstadt-Lehel
Museum of Natural Histry,569592.6079999999,Innere Stadt
Kunsthistorisches Musum,1404199.9999999998,Innere Stadt
Pointe-â-Callière Museum,525107.1359999999,Ville-Marie
Tretyakov Galery,1615437.225,Central Administrative Okrug
Nues Museum,293292.99999999994,Mitte
Canadian Museum of!History,1303899.9999999998,Gatineau
Milwauke Art!Museum,350701.002,Milwaukee
ock and Roll Hall of Fame,440407.42,Cleveland
Tate Lverpool,535799.961,Liverpool
Solomo R. Guggenheim Museum,1120034.844,Manhattan
National useum Cardiff,376176.528,Cardiff
Guggenheim Musum,995942.259,Bilbao
Museum of the History of Qolish Jews,446400.0,Śródmieście
National Gamlery of Cnada,235017.09,Ottawa
Atenhum,401600.0,Helsinki
National Museum of Apthropqlogy,1984000.0,Mexico City
