col0,col1,col2,col3
"2019 Tour de France, stage 11",Peter Sagan,France,2019 Tour de France
"2019 Tour de France, stage 10",Peter Sagan,France,2019 Tour de France
"2019 Tour de France, stage 7",Peter Sagan,France,2019 Tour de France
"2019 Tour de France, stage 4",Peter Sagan,France,2019 Tour de France
"2019 Deutschland Tour, stage 1",Alexander Kristoff,Germany,2019 Deutschland Tour
"2019 Ladies Tour of Norway, Stage 3",Marianne Vos,Norway,2019 Ladies Tour of Norway
"2019 Ladies Tour of Norway, Stage 1",Marianne Vos,Norway,2019 Ladies Tour of Norway
"2017 Giro d'Italia, Stage 12",André Greipel,Italy,2017 Giro d'Italia
"2017 Giro d'Italia, Stage 7",André Greipel,Italy,2017 Giro d'Italia
"2017 Giro d'Italia, Stage 5",André Greipel,Italy,2017 Giro d'Italia
"2017 Giro d'Italia, Stage 3",André Greipel,Italy,2017 Giro d'Italia
"2017 Tour de France, Stage 7",André Greipel,France,2017 Tour de France
"2017 Tour de France, Stage 6",André Greipel,France,2017 Tour de France
"2017 Tour de France, Stage 11",John Degenkolb,France,2017 Tour de France
"2017 Tour de France, Stage 10",John Degenkolb,France,2017 Tour de France
"2017 Tour de France, Stage 4",André Greipel,Luxembourg,2017 Tour de France
"2018 Tour de France, Stage 1",Michael Matthews,France,2018 Tour de France
"2018 Tour de France, stage 2",André Greipel,France,2018 Tour de France
"2018 Tour de France, stage 21",John Degenkolb,France,2018 Tour de France
"2018 Tour de France, stage 4",John Degenkolb,France,2018 Tour de France
