col0,col1,col2
European Journal of International Law,international law,1990-01-01
Journal of Experimental Medicine,medical research,1896-01-01
Journal of Cerebral Blood Flow & Metabolism,cerebral circulation,1981-01-01
Journal of Evolutionary Biology,evolutionary biology,1988-01-01
Monthly Weather Review,atmospheric sciences,1872-01-01
Molecular & Cellular Proteomics,proteomics,2002-01-01
American Archivist,archival science,1938-01-01
Development,developmental biology,1953-01-01
Developmental Biology,developmental biology,1959-01-01
Cell Stem Cell,developmental biology,2007-01-01
"Genes, Brain and Behavior",neuroscience,2002-01-01
European Science Editing,editing,1986-01-01
Public Health Reports,public health,1878-01-01
Plant Disease,plant pathology,1922-01-01
Volume!,musicology,2001-01-01
Cancer Cell,oncology,2002-01-01
Drug Metabolism and Disposition,pharmacology,1973-01-01
Journal of Physical Oceanography,oceanography,1971-01-01
Bulletin of Marine Science,oceanography,1951-01-01
Michigan Journal of Political Science,political science,1981-01-01
