col0,col1,col2,col3
Sunan Yugur Autonomous County,2290,20456,37579
Harqin Zuoyi Mongol Autonomous County,327,2240,360419
Fuxin Mongol Autonomous County,249,6246,664971
Huanren Manchu Autonomous County,251,3547,319026
Hekou Yao Autonomous County,98,1313,104609
Jinggu Dai and Yi Autonomous County,946,7550,291672
"Yuanjiang Hani, Yi and Dai Autonomous County",396,2858,217399
Lancang Lahu Autonomous County,1054,8807,491884
Yanhe Tujia Autonomous County,300,2468.8,683400
"Weining Yi, Hui, and Miao Autonomous County",2200,6296.3,1283700
Xinhuang Dong Autonomous County,320,1511,249100
Tongdao Dong Autonomous County,400,2239,230000
Kuancheng Manchu Autonomous County,303,1933,250304
Weichang Manchu and Mongol Autonomous County,847,9219.7,421400
Mengcun Hui Autonomous County,13,393,202571
Datong Hui and Tu Autonomous County,2442,3090,435937
Dachang Hui Autonomous County,20,176,118474
Ximeng Va Autonomous County,1214,1391,91335
"Menglian Dai, Lahu and Va Autonomous County",1300,1957,135538
Jingdong Yi Autonomous County,1872,4532,359527
