col0,col1,col2
Twr Mawr Llanddwyn Lighthouse,Twr Bach Llanddwyn Island Lighthouse,Grade II listed building
Green Island lighthouse,Green Island Leading Light,heritage lighthouse
West Point Lighthouse,West Point Light,designated heritage place
Windmill Point Lighthouse,Windmill Point Light,classified federal heritage building of Canada
East Point Lighthouse,East Point Light,recognized federal heritage building of Canada
Cape Bear Lighthouse,Cap Béar Lighthouse,recognized federal heritage building of Canada
Vieux Phare des Baleines,Phare des Baleines,registered historic monument
Hallands Väderö,Hallands Väderö,individual listed building complex
Cape Egmont Lighthouse,Cape Egmont Lighthouse,recognized federal heritage building of Canada
Far de la Banya,Far de la Banya,Bien de Interés Cultural
Faro del Fin del Mundo,Phare du bout du monde,Place or National Historic Site
Itapuã da Lagoa Lighthouse,Itapuã Lightouse,historic heritage of Brazil
Grönskär lighthouse,Grönskär,individual listed building complex
Bakers Island Light,Baker Island Light,place listed on the National Register of Historic Places
phare du cap Bénat,Far del Cap Blanc,bien recensé dans l'inventaire général du patrimoine culturel
Gorleston (Range Rear) Lighthouse,Gorleston South Pier Lighthouse,Grade II listed building
Cap Béar Lighthouse,Cape Bear Lighthouse,monument historique classé
Store Torungen fyr,Lille Torungen fyr,cultural property
Guia Lighthouse,Guia Lighthouse,Heritage of Portuguese Influence
Round Island Light,Round Island Light,place listed on the National Register of Historic Places
