col0,col1,col2,col3,col4
2019 Tour of Estonia,2019-05-23,Russian men's national road cycling team 2018,2018 Tour of Estonia,Aleksejs Saramotins
2019 Route d'Occitanie,2019-06-20,Vital Concept-B&B Hotels 2019,2018 Route d'Occitanie,Alejandro Valverde
2018 Tour of Thailand,2018-04-01,Hong Kong men's national road cycling team,2017 Tour of Thailand,Jonathan Monsalve
2018 Volta Internacional Cova da Beira,2018-04-13,Lokosphinx 2018,2017 Volta Internacional Cova da Beira,Joni Brandão
2016 Tour of Alberta,2016-09-01,Trek-Segafredo 2016,2015 Tour of Alberta,Peter Stetina
2019 Vuelta a Aragón,2019-05-17,Movistar 2019,2018 Vuelta a Aragón,Ángel Madrazo
2017 Tour de Yorkshire,2017-04-28,Bike Channel-Canyon 2017,2016 Tour de Yorkshire,Pieter Weening
2013 Giro d'Italia Femminile,2013-06-30,SC Michela Fanini 2013,2012 Giro d'Italia Femminile,Marianne Vos
2016 Tour de l'Ain,2016-08-10,Lotto NL-Jumbo 2016,2015 Tour de l'Ain,Brice Feillu
2016 Volta Ciclista a la Comunitat Valenciana,2016-02-03,Astana 2016,2008 Volta Ciclista a la Comunitat Valenciana,Daniel Martin
2011 Volta ao Algarve,2011-02-16,Onda 2011,2010 Volta ao Algarve,Thomas De Gendt
2009 Volta ao Algarve,2009-02-18,Milram 2009,2008 Volta ao Algarve,Philippe Gilbert
2018 Tour Cycliste Féminin International de l'Ardèche,2018-09-13,2018 FDJ-Nouvelle Aquitaine-Futuroscope season,2017 Tour Cycliste Féminin International de l'Ardèche,Katarzyna Niewiadoma
2018 Vuelta a San Juan,2018-01-21,Quick-Step Floors 2018,2017 Vuelta a San Juan,Óscar Sevilla
2018 Étoile de Bessèges,2018-01-31,WB-Aqua Protect-Veranclassic 2018,2017 Étoile de Bessèges,Rémy Di Gregorio
2018 Volta Ciclista a la Comunitat Valenciana,2018-01-31,Inteja-Dominican,2017 Volta Ciclista a la Comunitat Valenciana,Luis León Sánchez
2012 Volta ao Algarve,2012-02-15,Lotto-Belisol 2012,2011 Volta ao Algarve,José Gonçalves
2016 Tour of Austria,2016-07-02,Astana 2016,2015 Tour of Austria,Alessandro Vanotti
2018 Settimana Internazionale di Coppi e Bartali,2018-03-22,CCC Sprandi Polkowice 2018,2017 Settimana Internazionale di Coppi e Bartali,Brice Feillu
2018 Tour de Taiwan,2018-03-11,Wilier Triestina-Selle Italia 2018,2017 Tour de Taiwan,Yukiya Arashiro
