col0,col1,col2
housewife,wife,maid
women's rights activist,feminist,feminist
settler,explorer,colonial
postmaster,official,postal official
impostor,delinquent,impersonator
Sardar,mountain guide,Sirdar
hierodule,slavery,sacred prostitution
prankster,comedian,trickster
witch,magician,magician in fantasy
research assistant,researcher,new investigator
merenguero,merchant,Merenguero
gamer,competitive player,Gamer
vedette,actor,Vedette
player,person,competitive player
lone wolf,terrorist,lone wolf
fiddler,violinist,violinist
information broker,broker,broker
publican,bartender,publican
cornetist,instrumentalist,cornettist
pentathlete,combined track and field event athlete,modern pentathlete
