col0,col1,col2
Monaro Highway,Australia,New South Wales
Hume Highway,Australia,New South Wales
Burley Griffin Way,Australia,New South Wales
Federal Highway,Australia,New South Wales
Barton Highway,Australia,New South Wales
Silver City Highway,Australia,New South Wales
Forrest Highway,Australia,Western Australia
Eyre Highway,Australia,Western Australia
British Columbia Highway 3,Canada,British Columbia
Cabot Trail,Canada,Nova Scotia
Ontario Highway 11,Canada,Ontario
Ontario Highway 401,Canada,Ontario
Volokolamskoye Highway,Russia,Moscow Oblast
La Paz–El Alto Highway,Bolivia,La Paz
Bishop Ford Freeway,United States of America,Illinois
M3 highway,Russia,Moscow
Don Valley Parkway,Canada,Toronto
Boyuk Shor Highway,Azerbaijan,Nizami raion
Leningradskoye Highway,Russia,Sokol District
San Tin Highway,People's Republic of China,Yuen Long District
