col0,col1,col2
Sint Oda,Rijksmonument,Weert
"Volmolen, Epen",Rijksmonument,Gulpen-Wittem
Meschermolen,Rijksmonument,Eijsden-Margraten
Egermühle Deuben,Kulturdenkmal,Freital
Dresden mill,Kulturdenkmal,Dresden
Bisschopsmolen,Rijksmonument,Maastricht
"De Groot, Alkmaar",Rijksmonument,Alkmaar
"De Hoop, Heerde",municipal monument in the Netherlands,Gelderland
Nooit Gedagt (Woudrichem),Rijksmonument,Altena
Anermolen,Rijksmonument,Hardenberg
De Bommelaer,Rijksmonument,Goeree-Overflakkee
De Onrust,Rijksmonument,Pekela
"De Onderneming, Vierhuizen",Rijksmonument,De Marne
"De Hoop, Sumar",Rijksmonument,Tytsjerksteradiel
"Woldzigt, Roderwolde",Rijksmonument,Noordenveld
"Wittebrinkse molen, Wittebrink",Rijksmonument,Bronckhorst
Tot Voordeel en Genoegen,Rijksmonument,West Maas en Waal
Munnekezijlstermolen,Rijksmonument,Kollumerland en Nieuwkruisland
De Hoop,Rijksmonument,Voorst
"Hazewind, Gieten",Rijksmonument,Aa en Hunze
