col0,col1,col2,col3
iPhone 11 Pro Max,-20,226,77.8
iPhone 11 Pro,-20,188,71.4
iPhone 11,-20,194,75.7
iPhone XR,-20,194,75.7
iPhone XS,-20,177,70.9
iPhone XS Max,-20,208,70.9
iPhone 8 Plus,-20,202,78.1
iPhone X,-20,174,70.9
iPhone 8,-20,148,67.3
iPhone 7 Plus,-20,188,77.9
iPhone 7,-20,138,67.1
iPhone 6S Plus,-20,192,77.9
iPhone 6S,-20,143,67.1
iPhone 6 Plus,-20,172,77.8
iPhone 6,-20,129,67
iPhone 5C,-20,132,59.2
iPhone 5S,-20,112,58.6
iPhone 4,-20,137,58.6
iPhone 3GS,-20,135,62.1
iPhone 4S,-20,140,58.6
