col0,col1,col2
Blériot XI,monoplane,1909-01-23
Beech 18,monoplane,1937-01-15
Caproni Ca.97,monoplane,1927-01-01
Super Étendard,monoplane,1974-10-28
Saab 105,monoplane,1963-06-29
PC-12,monoplane,1991-05-31
PC-9,monoplane,1984-05-07
Morane-Borel monoplane,monoplane,1911-01-01
An-8,monoplane,1956-02-11
P-1 Explorer,monoplane,1937-01-01
PA-23,monoplane,1952-03-02
AB-95,monoplane,1959-03-12
Aero Ae-45,monoplane,1947-07-21
Aero A.42,monoplane,1929-01-01
A.35,monoplane,1928-01-01
A.304,monoplane,1937-01-01
Fokker 100,monoplane,1986-11-30
Z 526,monoplane,1959-01-01
IA 58 Pucará,monoplane,1969-08-20
Fury Mk. II,biplane,1936-12-03
