col0,col1,col2
Al Boraq,Morocco,2018-11-15
Rychlík vyšší kvality,Czech Republic,2014-01-01
ICE Sprinter,Germany,1992-01-01
Interexpress,Germany,1986-01-01
Hamburg-Köln-Express,Germany,2009-10-05
TER Hauts-de-France,France,2017-08-28
TER Grand Est,France,2016-12-11
TER Normandie,France,2016-01-01
Ouigo,France,2013-01-01
TER Provence-Alpes-Côte-d'Azur,France,1986-01-01
TER Pays de la Loire,France,1986-01-01
TER Bretagne,France,1986-01-01
TER Centre-Val de Loire,France,1986-01-01
TGV Lyria,France,1993-05-23
ÖBB Nightjet,Austria,2016-12-11
IZY,Belgium,2016-01-01
Thalys,Belgium,1995-05-01
Avlo,Spain,2019-12-11
Renfe AVE City,Spain,2014-01-01
Euromed,Spain,1997-06-16
