col0,col1,col2,col3
Santiago Zacatepec,142.89,1115,5187
Hocabá Municipality,95,11,6089
Villa Purificación,1937.61,737,10704
Tekantó,80,11,3683
Isla Mujeres Municipality,1100,14,16203
Villa del Carbón Municipality,356.14,2600,47151
Tlalnepantla de Baz Municipality,83.48,2238,700734
Santa Elena,514,79,3833
Teoloyucan Municipality,31.52,2250,66518
San José Tenango,144.17,1040,18316
Armería Municipality,341.6,103,28695
Solidaridad,2204.73,10,252087
Celaya Municipality,553.23,1750,494304
Huehuetán,313,25,35017
Los Cabos Municipality,3451.51,0,238487
Tecpatán Municipality,770.1,430,41305
Pijijiapan Municipality,2223.3,23,50079
Cortazar Municipality,335,2347,88397
Reforma de Pineda,193.92,32,2723
Chiconamel Municipality,133.25,140,6684
