col0,col1,col2
So Fresh: The Hits of Spring 2013 CD+DVD,The Hits of Spring 2013 CD+DVD,2013-09-13
So Fresh: The Hits of Winter 2013 CD+DVD,The Hits of Winter 2013 CD+DVD,2013-06-21
So Fresh: The Hits Of Spring 2012 CD+DVD,The Hits Of Spring 2012 CD+DVD,2012-09-14
So Fresh: The Hits Of Autumn 2011 CD+DVD,The Hits Of Autumn 2011 CD+DVD,2011-04-05
So Fresh: The Hits of Autumn 2014 CD+DVD,The Hits of Autumn 2014 CD+DVD,2014-04-08
So Fresh: The Hits of Spring 2015 CD+DVD,The Hits of Spring 2015 CD+DVD,2015-09-11
So Fresh: The Hits of Autumn 2016 CD+DVD,The Hits of Autumn 2016 CD+DVD,2016-03-18
So Fresh: The Hits of Winter 2011 CD+DVD,The Hits of Winter 2011 CD+DVD,2011-06-17
So Fresh: The Hits of Winter 2010 CD+DVD,The Hits of Winter 2010 CD+DVD,2010-06-18
So Fresh: The Hits of Winter 2009 + Bonus DVD,The Hits Of Winter 2009 + Bonus DVD,2009-06-19
So Fresh: The Hits of Winter 2008 + Bonus DVD,The Hits of Winter 2008 + Bonus DVD,2008-06-21
So Fresh: The Hits of Spring 2010,The Hits of Spring 2010,2010-09-10
So Fresh: The Hits of Spring 2008 + Bonus DVD,The Hits of Spring 2008 + Bonus DVD,2008-09-15
So Fresh: The Hits of Spring 2009 + Bonus DVD,The Hits of Spring 2009 + Bonus DVD,2009-09-11
So Fresh: The Hits of Autumn 2010 + Bonus DVD,The Hits of Autumn 2010 + Bonus DVD,2010-03-19
So Fresh: The Hits of Autumn 2009 + Bonus DVD,The Hits of Autumn 2009 + Bonus DVD,2009-03-27
So Fresh: The Hits of Autumn 2008 + Bonus DVD,The Hits of Autumn 2008 + Bonus DVD,2008-03-29
Staring at the Sea - The Images,Staring at the Sea,1986-05-06
Nirvana Live & Loud In Utero Tour,Live and Loud,2013-01-01
So Fresh: The Hits of Autumn 2015 CD+DVD,The Hits of Autumn 2015 CD+DVD,2015-03-20
