col0,col1,col2
Rich Land,1994-01-01,China
On Visiting Yang Yungqing's Villa on the Huai River,2003-01-01,Nanjing
Part of the poems Viewing Plum Blossoms After Snow Stops and Following Xueqiao's Rhyme,2003-01-01,Nanjing
Part of the poem Viewing Plum Blossoms After Snow Stops,2003-01-01,Nanjing
Cliff With Clouds,1999-01-01,Nanjing
Calligraphy about Xie An,1990-01-01,Nanjing
Calligraphy about Ruan Fu carrying a purse,1990-01-01,Nanjing
Calligraphy about the execution of Ji Kang,1990-01-01,Nanjing
Calligraphy about Xie Kun flirting with a woman,1990-01-01,Nanjing
Calligraphy about Zhong Hui writing a book,1990-01-01,Nanjing
Calligraphy about Wang Huizhi visiting a bamboo grove,1990-01-01,Nanjing
Calligraphy about Zhang Jiying bidding farewell to Prince Qi,1990-01-01,Nanjing
Calligraphy about the fame of Wang Xianzhi,1990-01-01,Nanjing
Calligraphy about Zhi Dun's love of cranes,1990-01-01,Nanjing
Calligraphy from the Liezi about Bo Ya and Zhong Ziqi,1990-01-01,Nanjing
Little boy on a buffalo,1998-01-01,Chongqing
Heroes from The Water Margin,2003-01-01,Shanghai
Insect calligraphy,2009-01-01,Hong Kong
Calligraphy of the poem To Wang Lun,2006-01-01,Hong Kong
Sound of Stream,2000-01-01,Hong Kong
