col0,col1,col2,col3
Terme Reginb,Ugo Giovannozzi,Montecatini Terme,Terme Tettuccio
Padiglione Prtoghesi,Paolo Portoghesi,Montecatini Terme,Terme Tettuccio
Paviln V,Jaroslav Dokoupil,Brno-střed,Brno Exhibition Centre
pavilio P,Jaroslav Dokoupil,Brno-střed,Brno Exhibition Centre
Pvilion X,Antonín Ševčík,Brno-střed,Brno Exhibition Centre
Pailion K,Antonín Ševčík,Brno-střed,Brno Exhibition Centre
Pavilin P,Zdeněk Denk,Brno-střed,Brno Exhibition Centre
Pavilion ,Zdeněk Denk,Brno-střed,Brno Exhibition Centre
Pavlon Z,Ferdinand Lederer,Brno-střed,Brno Exhibition Centre
avilon G,Bohumír Čermák,Brno,Brno Exhibition Centre
Zum Bauen Affen,Ernst van Dorp,Beuel,Rheinaue
Pavillon de l(Espagne de l'Exposition Universelle (1867),Jerónimo de la Gándara,Paris,International Exposition 1867
Pavillon#de l'Espagne de l'Exposition Universelle (1878),Agustín Ortíz de Villajos,Paris,1878 Paris World's Fair
Pavilln de l'Espagne de l'Exposition Universelle (1900),José Urioste Velada,Paris,Exposition Universelle of 1900
Japanese Pavinjon,Sutemi Horiguchi,São Paulo,Ibirapuera Park
China Pavilio,He Jingtang,Zhoujiadu Subdistrict,Expo 2010 pavilions
Chile Pavilin,Juan Sabbagh,Shanghai,Expo 2010 pavilions
Sweden Paxilion,Sweco,Shanghai,Expo 2010 pavilions
Theehuis Wilhelminparn,Gosse van der Gaast,Utrecht,Wilhelminapark
Tea House Rhijnavwen,Gosse van der Gaast,Bunnik,Rhijnauwen
