col0,col1,col2,col3
Megumi Hayashibara,155,1,45
Barbara Schett,176,1,67
Chieko Kawabe,167,1,49
Kristy Swanson,1.7,1,54
Chanda Rubin,168,1,48
Anna Carin Zidek,159,1,55
Lily Cole,179,1,50
Tila Tequila,150,1,48
Traci Lords,170,1,52
Virpi Sarasvuo,174,1,65
Maryse Ouellet,173,1,53
Helena Christensen,177,1,89
Nicole Vaidisova,183,1,63
Marilyn Chambers,1.7,1,64
Anthony Durante,188,2,250
Angelique Widjaja,173,2,59
Alessandro Andrei,191,2,118
Andrea Minguzzi,180,2,84
Bernardo Corradi,189,2,87
Marko Jarić,201,2,90
