col0,col1,col2
Skalica District,47091,357.14
Snina District,36610,804.74
Banská Štiavnica District,16165,292.3
Stará Ľubovňa District,53849,707.9
Sobrance District,22845,538.17
Pezinok District,63638,375.54
Brezno District,61959,1265.2
Kysucké Nové Mesto District,32963,173.7
Tvrdošín District,36104,478.9
Martin District,96629,736
Rožňava District,62335,1173
Bratislava I,40610,9.59
Dolný Kubín District,39478,491.87
Revúca District,39971,730.26
Kežmarok District,74408,839.5
Prievidza District,134854,959.77
Malacky District,72999,949.46
Komárno District,102295,1100.3
Turčianske Teplice District,15970,392.7
Košice-okolie District,127365,1533.9
