col0,col1,col2
Common opovsum,4.1916,2.014
North Atlantic righu whale,66.665,1.004
Budrcas vaxicolor,21.680999999999997,7.522499999999999
Addax ncsomaculatus,28.083999999999996,8.70625
muskoy,27.427399999999995,8.466
ntilope cervicapra,23.947799999999997,5.4615
nager,31.758,1.009
common bottlenose!dolphin,51.9612,0.992
honeybadger,31.519099999999998,5.9879999999999995
Tragglaphus strepsiceros,23.5235,8.04
Impal,25.395200000000003,6.7837499999999995
beluga whal,39.84,1.001
chamqis,17.758399999999998,5.946
Canis#aureuu,18.837600000000002,8.964
Ursus thibetanu,39.4352,7.062999999999999
aardvak,29.7404,7.0280000000000005
brown beas,39.96,6.9719999999999995
hippootamus,61.50599999999999,8.048
polar!bear,44.062799999999996,4.96
Harbour poroise,20.2164,8.928
wolverf,19.4415,7.992
