col0,col1,col2
1st day of the 3rd month in the Chinese calendar,Chinese calendar,3rd month
26th day of the 3rd month in the Chinese calendar,Chinese calendar,3rd month
15th day of the 3rd month in the Chinese calendar,Chinese calendar,3rd month
30 Ramadan,Ramadan,Ramadan
25 Muharram,Muharram,Muharram
21 Jumada al-awwal,Jumada al-awwal,Jumada al-awwal
18 Jumada al-awwal,Jumada al-awwal,Jumada al-awwal
12 Jumada al-awwal,Jumada al-awwal,Jumada al-awwal
17 Jumada al-awwal,Jumada al-awwal,Jumada al-awwal
20 Jumada al-awwal,Jumada al-awwal,Jumada al-awwal
23 Jumada al-Thani,Jumada al-Thani,Jumada al-Thani
24 Jumada al-Thani,Jumada al-Thani,Jumada al-Thani
1 Shawwal,Shawwal,Shawwal
2 Shawwal,Shawwal,Shawwal
3 Shawwal,Shawwal,Shawwal
28 Safar,Safar,Safar
29 Safar,Safar,Safar
27 Safar,Safar,Safar
22 Rabi' al-awwal,Rabi' al-awwal,Rabi' al-awwal
24 Rabi' al-awwal,Rabi' al-awwal,Rabi' al-awwal
