col0,col1,col2
2009 Indian general election in Mizoram Lok Sabha constituency,629374,326424
2009 Indian general election in Tura Lok Sabha constituency,505774,342191
2009 Indian general election in Anantnag Lok Sabha constituency,1176223,318726
2009 Indian general election in Srinagar Lok Sabha constituency,1106729,282799
2009 Indian general election in Baramulla Lok Sabha constituency,1054496,441234
2009 Indian general election in South Goa Lok Sabha constituency,533811,272025
2009 Indian general election in North Goa Lok Sabha constituency,486983,292414
2009 Indian general election in Arunachal West Lok Sabha constituency,433368,285710
2014 Indian general election in Sikkim Lok Sabha constituency,370611,308967
2014 Indian general election in Mizoram Lok Sabha constituency,702170,433201
2014 Indian general election in Anantnag Lok Sabha constituency,1301023,375279
2014 Indian general election in Srinagar Lok Sabha constituency,1205233,312212
2014 Indian general election in South Goa Lok Sabha constituency,545336,410369
2014 Indian general election in North Goa Lok Sabha constituency,515441,406631
2014 Indian general election in Arunachal East Lok Sabha constituency,312872,261291
2014 Indian general election in Arunachal West Lok Sabha constituency,446515,335665
2014 Indian general election in Sikkim,370611,308967
2014 Indian general election in Mizoram,702170,433201
2014 Indian general election in Goa,515441,406631
2014 Indian general election in Arunachal Pradesh,446515,335665
1998 Indian general election in Chandni Chowk Lok Sabha constituency,368226,227411
1998 Indian general election in Dadra & Nagar Haveli Lok Sabha constituency,95832,74189
1998 Indian general election in Andaman & Nicobar Islands Lok Sabha constituency,232013,147686
1998 Indian general election in Sikkim Lok Sabha constituency,236494,158787
1998 Indian general election in Ladakh Lok Sabha constituency,143492,105265
1998 Indian general election in Anantnag Lok Sabha constituency,804983,225679
1998 Indian general election in Arunachal East Lok Sabha constituency,241511,137945
1998 Indian general election in Arunachal West Lok Sabha constituency,324110,196646
1999 Indian general election in Chandni Chowk Lok Sabha constituency,376654,204453
1999 Indian general election in New Delhi Lok Sabha constituency,543037,226866
1999 Indian general election in Dadra & Nagar Haveli Lok Sabha constituency,98376,73507
1999 Indian general election in Andaman & Nicobar Islands Lok Sabha constituency,247384,147102
1999 Indian general election in Sikkim Lok Sabha constituency,255377,208670
1999 Indian general election in Ladakh Lok Sabha constituency,143719,117671
1999 Indian general election in Anantnag Lok Sabha constituency,804911,115243
1999 Indian general election in Srinagar Lok Sabha constituency,854081,101933
1999 Indian general election in Baramulla Lok Sabha constituency,763639,212180
1999 Indian general election in Mormugao Lok Sabha constituency,495208,218851
1999 Indian general election in Panaji Lok Sabha constituency,413641,191093
1999 Indian general election in Arunachal East Lok Sabha constituency,265446,196263
2004 Indian general election in Chandni Chowk Lok Sabha constituency,337462,179009
