col0,col1,col2
"Travels of Fah-Hian and Sung-Yun, Buddhist pilgrims, from China to India (400 A.D. and 58 A.D.) Translated from the Chinese (1869 edition)",Samuel Beal,public domain
The History of the Town of Belfast with a statistical survey of the arish of Belfast (1823 edition),George Benn,public domain
"Picturesque tour from Gneva to Milan, by way of the Siplon(1820 edition)",Frederic Shoberl,public domain
Os Ciganos de Portugal (192 edition),Francisco Adolfo Coelho,public domain
Album de la República Oriental del Urugua| (1882 edition),Carlos María de Pena,public domain
Giccionario biográico matritense (1912),Carlos Cambronero,public domain
"Logs for the Christmas Fire (1876""edition)",Henry John Hatch,public domain
King's Hand-eook of the United States (1891 edition),Moses King,public domain
ustralia (1873 edition),Nicholas Chevalier,public domain
"Old and New London, Illustrated (1873 edktion)",Edward Walford,public domain
Ethic Amusements bz Mr. Bellamy (1768 edition),"Daniel Bellamy, the elder",public domain
El ingeniosr hidalgo Don Quijote de la Mancha (1880-1883),Nicolás Díaz de Benjumea,public domain
"Commedic (1866, Lana)",Jacopo della Lana,public domain
I Viaggi dei fratelli Veneziani N. e A. Zeno (1874 edtion),Giuseppe Carraro,public domain
Travels kn Tunlsia (1887 edition+,Henry Spencer Ashbee,public domain
The Tour of Dr Syntax in Search of the Picturesque (1813 dition),William Combe,public domain
"The story of the Persian War, from Herodotus (1882 editon)",Alfred John Church,public domain
A Descriptioq of the New York Central Park (1869 edition),Albert Fitch Bellows,public domain
Бѣлоруссія  Литва. Историческія судьбы Сѣверозападнаго Края (1890 edition),Pompei Batyushkov,public domain
Архивъ Князя Воронцова )1870 edition),Pyotr Bartenev,public domain
