col0,col1,col2
Housing Policy Debate,United States of America,Housing Policy Debate
Biointerphases,United States of America,Biointerphases
Annals of Mathematics,United States of America,Annals of Mathematics
Microbiology and Immunology,Japan,Microbiology and Immunology
Annals of Nuclear Medicine,Japan,Annals of Nuclear Medicine
Journal of Nuclear Science and Technology,Japan,Journal of Nuclear Science and Technology
Applied Entomology and Zoology,Japan,Applied Entomology and Zoology
Nagoya Mathematical Journal,Japan,Nagoya Mathematical Journal
Polymer Journal,Japan,Polymer Journal
Zoological Science,Japan,Zoological Science
Canadian Association of Radiologists Journal,Canada,Canadian Association of Radiologists Journal
Canadian Journal of Diabetes,Canada,Canadian Journal of Diabetes
Journal of Religion and Popular Culture,Canada,Journal of Religion and Popular Culture
Arabian Journal for Science and Engineering,Saudi Arabia,Arabian Journal for Science and Engineering. Section B: Engineering
Zhong xi yi jie he xue bao,People's Republic of China,Journal of Chinese Integrative Medicine
Journal of Applied Genetics,Poland,Journal of Applied Genetics: an international journal of genetics and breeding
Geochronometria,Poland,Geochronometria: journal on methods and applications of absolute chronology
Biology and Environment,Ireland,Biology and Environment: proceedings of the Royal Irish Academy
Canadian Bulletin of Medical History,Canada,Canadian bulletin of medical history
Canadian Journal of Psychiatry,Canada,The Canadian Journal of Psychiatry
