col0,col1,col2,col3
Radoviš Municipality,497.48,North Macedonia,Southeastern Statistical Region
Strumica Municipality,321.49,North Macedonia,Southeastern Statistical Region
Gevgelija Municipality,317,North Macedonia,Southeastern Statistical Region
Valandovo Municipality,331.4,North Macedonia,Southeastern Statistical Region
Dojran Municipality,129.16,North Macedonia,Southeastern Statistical Region
Bogdanci Municipality,114.54,North Macedonia,Southeastern Statistical Region
Konče Municipality,233.05,North Macedonia,Southeastern Statistical Region
Novo Selo Municipality,424.82,North Macedonia,Southeastern Statistical Region
Bosilovo Municipality,161.99,North Macedonia,Southeastern Statistical Region
Kumanovo Municipality,509.48,North Macedonia,Northeastern Statistical Region
Staro Nagoričane Municipality,433.41,North Macedonia,Northeastern Statistical Region
Lipkovo Municipality,267.82,North Macedonia,Northeastern Statistical Region
Kratovo Municipality,375.44,North Macedonia,Northeastern Statistical Region
Rankovce Municipality,240.71,North Macedonia,Northeastern Statistical Region
Kriva Palanka Municipality,480.81,North Macedonia,Northeastern Statistical Region
Bogovinje Municipality,141.65,North Macedonia,Polog Statistical Region
Tetovo Municipality,261.89,North Macedonia,Polog Statistical Region
Tearce Municipality,136.54,North Macedonia,Polog Statistical Region
Vrapčište Municipality,157,North Macedonia,Polog Statistical Region
Želino Municipality,201.04,North Macedonia,Polog Statistical Region
