col0,col1,col2,col3
P'tit Quinquin,2014-01-01,50,Bruno Dumont
Labyrinth,2012-01-01,187,Christopher Smith
A.D.: The Bible Continues,2015-01-01,42,Roma Downey
Olive Kitteridge,2014-11-02,58,Lisa Cholodenko
The Bible,2013-03-03,45,Roma Downey
Robert Kennedy & His Times,1985-01-01,309,Arthur M. Schlesinger
Burning Bush,2013-01-27,240,Agnieszka Holland
Framed,1992-01-01,198,Lynda La Plante
Holocaust,1978-01-01,419,Gerald Green
North and South,1985-01-01,90,David L. Wolper
The Company,2007-01-01,286,Robert Littell
The Jacksons: An American Dream,1992-01-01,180,Jermaine Jackson
Covert One: The Hades Factor,2006-01-01,170,Robert Ludlum
The Godfather Saga,1977-01-01,434,Mario Puzo
Quentin Durward,1971-01-01,25,Walter Scott
Hercules,2005-05-16,180,Charles Edward Pogue
Alice,2009-01-01,170,Nick Willing
Gulliver's Travels,1996-02-04,180,Charles Sturridge
Pandemic,2007-01-01,170,Armand Mastroianni
Joan of Arc,1999-01-01,180,Christian Duguay
