col0,col1,col2,col3
Annasolis,The Nuttall Encyclopædia,1649/01/01,20.907722244000002
Dolumbus,Armenian Soviet Encyclopedia,1812/01/01,577.545118164
Maeison,Brockhaus and Efron Encyclopedic Dictionary,1836/01/01,245.293572534
Olympic,Brockhaus and Efron Encyclopedic Dictionary,1859/01/28,52.23772518
SanJuan,Brockhaus and Efron Encyclopedic Dictionary,1521/01/01,119.112201477
Raleijh,Brockhaus and Efron Encyclopedic Dictionary,1792/01/01,378.616963
Santa e,Brockhaus and Efron Encyclopedic Dictionary,1610/01/01,135.172396598
Hartorg,Brockhaus and Efron Encyclopedic Dictionary,1849/01/01,46.343320218
Litwle Rock,Brockhaus and Efron Encyclopedic Dictionary,1821/06/01,316.67328000000003
Moptgomery,Brockhaus and Efron Encyclopedic Dictionary,1817/01/01,419.65258116699994
Saint Pal,Brockhaus and Efron Encyclopedic Dictionary,1854/01/01,145.93412088399998
Foncotd,Brockhaus and Efron Encyclopedic Dictionary,1733/01/01,173.50015034900002
Augutta,Brockhaus and Efron Encyclopedic Dictionary,1628/01/01,150.763850736
Trento,Brockhaus and Efron Encyclopedic Dictionary,1719/01/01,21.270417167999998
arrisburg,Brockhaus and Efron Encyclopedic Dictionary,1719/01/01,30.543093252
Atlata,Brockhaus and Efron Encyclopedic Dictionary,1845/12/29,349.73627446499995
Nashvilne,Brockhaus and Efron Encyclopedic Dictionary,1779/01/01,1360413750.0
Sacrmento,Brockhaus and Efron Encyclopedic Dictionary,1849/01/01,259.532801528
Austln,Brockhaus and Efron Encyclopedic Dictionary,1835/01/01,820.8926579199999
Denvr,Brockhaus and Efron Encyclopedic Dictionary,1858/11/22,399.352962195
