col0,col1,col2
N-carbamoyl-L-aspartate(2-),N-carbamoyl-L-aspartic acid,174.027671
D-threoninate,D-threonine,118.050418
"alpha,beta-didehydrotryptophanate(1-)",(2Z)-2-amino-3-(1H-indol-3-yl)prop-2-enoic acid,201.066403
glucuronosyletoposide(1-),etoposide glucuronide,763.208554
D-mannuronate,D-mannuronic acid,193.034828
(E)-3-(indol-3-yl)acrylate(1-),3-indolylacrylic acid,186.056
4-(2-hydroxyethoxycarbonyl)benzoate,4-[(2-hydroxyethoxy)carbonyl]benzoic acid,209.045
"(E)-3-[(5S,6R)-5,6-dihydroxycyclohexa-1,3-dienyl]acrylate","(E)-3-[(5S,6R)-5,6-dihydroxycyclohexa-1,3-dienyl]acrylic acid",181.050084
(R)-3-(5-benzyloxyindol-3-yl)lactate,(R)-3-(5-benzyloxyindol-3-yl)lactic acid,310.108
(R)-piperazine-2-carboxylate,(R)-piperazine-2-carboxylic acid,129.066
"3-[(5S,6R)-5,6-dihydroxycyclohexa-1,3-dienyl]acrylate","3-[(5S,6R)-5,6-dihydroxycyclohexa-1,3-dienyl]acrylic acid",181.050629
"3-[(5R,6S)-5,6-dihydroxycyclohexa-1,3-dienyl]acrylate","3-[(5R,6S)-5,6-dihydroxycyclohexa-1,3-dienyl]acrylic acid",181.050629
2-phospho-L-lactate,2-phospho-L-lactic acid,167.982375
4-(methylamino)butyrate,4-(methylamino)butyric acid,116.071154
6-oxohexanoate,6-oxohexanoic acid,129.055169
xanthine-8-carboxylate,xanthine-8-carboxylic acid,195.01543
(R)-malate(1−),D-malic acid,133.013698
"(S)-2,3-dihydrodipicolinate(2-)","(S)-2,3-dihydrodipicolinic acid",167.021858
"4-methoxy-1-methyl-2-oxo-1,2-dihydropyridine-3-carboxylate","4-methoxy-1-methyl-2-oxo-1,2-dihydropyridine-3-carboxylic acid",182.045333
cis-caffeate,cis-caffeic acid,179.034
