col0,col1,col2
Caudry German military cemetery,3195,3194
Caix German military cemetery,1264,1264
Bray-sur-Somme German military cemetery,1119,1119
Cheppy German military cemetery,6130,2341
Brieulles-sur-Meuse German military cemetery,11286,5956
Saint-Laurent-Blangy German military cemetery,31939,31939
Wicres Village German military cemetery,2824,2824
"Wicres ""Route de la Bassée"" German military cemetery",584,584
Le Sourd Franco-German military cemetery,1386,862
Morisel German military cemetery,2640,2605
Andechy German military cemetery,2251,2251
Vauxbuin German military cemetery,9229,3672
Soupir German military cemetery,11089,5134
Sissonne German military cemetery,14694,3295
Parcy-et-Tigny German military cemetery,4256,2132
Mons-en-Laonnois German military cemetery,5010,3257
Maissemy German military cemetery,30478,15478
Laon Champ de Manœuvre German military cemetery,3487,3295
Cerny-en-Laonnois German War Cemetery,7546,7526
Bligny German military cemetery,4737,4737
