col0,col1,col2
Al Muḩāmidah,1498,9042
Al Maḩābishah,1900,14746
Al Maḩāriqah,374,2226
Al Mujawwaḩī,290,1655
Al Majn,372,2951
Al Majza‘,270,1933
Al Majza‘,540,3970
Al Majbah,167,999
Al Majāhişah,268,1497
Al Mujāhadah,269,1451
Al Mujāhadah,261,1653
Al Majāniḩ,1102,10476
Al Majā‘ishah,2034,12886
Al Majāmilah,1952,11311
Al Majārayn,579,3319
Al Majādīl,749,4722
Al Muthayl,181,1327
Al Mutaynah,2062,11059
Al Ladūl,170,1226
Al Kayna‘ah,836,5976
Al Kuwayrah,218,1154
Al Kawlah,140,770
Al Kalbīyīn,176,1383
Al Kamīm,937,7459
Al Kalā'ibah,1793,12619
Al Ka‘b,331,2369
Al Ka‘āwish,114,668
Al Karb,429,3029
Al Karābah,261,1646
Al Qaylah,530,4431
Al Kābah,577,4330
Al Quwaym,196,1633
Al Qawzī,2387,14507
Al Quwwah,403,3180
Al Qawāzi‘ah,528,2944
Al Qawātī,185,1214
Al Qahratayn,227,1862
Al Qahrā',631,3210
Al Qamāhidah,418,2873
Al Qafā‘ah,958,5969
Al Qa‘d,347,2169
Al Quţay‘,2545,17781
