col0,col1,col2
5th birthday of Wikimedia Armenia,Yerevan,Armenia
Gaslamp Mardi Gras,Gaslamp Quarter,United States of America
Carasses,Ibi,Spain
The entrance of the Flower,Torrent,Spain
Holy Week in Crevillent,Alicante Province,Spain
Festival of Regional Tourist Interest in the Community of Madrid,Community of Madrid,Spain
Festes de Santa Eulàlia (Barcelona),Barcelona,Spain
Eksjö town party,Eksjö Municipality,Sweden
Fallas de Benicarló,Benicarló,Spain
Santantonà de Forcall,Forcall,Spain
Baixada del riu Bullent,Pego,Spain
Festa dels Tonis de Santa Eugènia de Berga,Santa Eugènia de Berga,Spain
Nova Muixeranga d'Algemesí,Valencian Community,Spain
Feast of fruit and flowers,Ambato,Ecuador
Qoyllur Rit'i,Cusco,Peru
ExtraSchicht,North Rhine-Westphalia,Germany
Xicolatada,Palau-de-Cerdagne,France
Fête de la mirabelle,Metz,France
Beautiful Festival of the Valley,Luxor,Egypt
Wieltjesfeesten,Menen,Belgium
