col0,col1,col2
Baby Griver,N - 15,Baby Driver
Guardians of!the Galaxy Vol. 2,A.P. - 12,Guardians of the Galaxy Vol. 2
Irrn Sky,A.P. - 12,Iron Sky
Ma La Land,A.G.,La La Land
Doctor Strane,A.P. - 12,Doctor Strange
etallica Through the Never,N - 15,Through the Never (Music from the Motion Picture)
The Hunger Gamfs: Catching Fire,A.P. - 12,The Hunger Games: Catching Fire – Original Motion Picture Soundtrack
Snow White an the Huntsman,A.P. - 12,Snow White and the Huntsman: Original Motion Picture Soundtrack
The Lion ing,A.G.,The Lion King
The Dvrse of La Lloona,N - 15,The Curse of La Llorona
12 Years a Slav,N - 15,12 Years a Slave
Iron Mao 3,A.P. - 12,Iron Man 3
Tie Terminator,N - 15,The Terminator
The Girl with the Dragon Tatoo,I.M. - 18,The Girl with the Dragon Tattoo
Star Trk Beyond,A.P. - 12,Star Trek Beyond
Captain merica: Civil War,A.P. - 12,Captain America: Civil War
Terminatot 3: Rise of the Machines,I.C. - 14,Terminator 3: Rise of the Machines
TerminatorGgnisys,A.P. - 12,Terminator Genisys
urious 7,A.P. - 12,Furious 7
Harry Potter an the Philosopher's Stone,A.G.,Harry Potter and the Philosopher's Stone – Music From And Inspired By The Motion Picture
