col0,col1,col2
Cajicá,Cundinamarca Department,Bogotá River
Chía,Cundinamarca Department,Bogotá River
"La Mesa, Colombia",Cundinamarca Department,Bogotá River
El Colegio,Cundinamarca Department,Bogotá River
Saravena,Arauca Department,Arauca River
Cajibio,Cauca Department,Cauca River
Puerto Tejada,Cauca Department,Cauca River
Santander de Quilichao,Cauca Department,Cauca River
Roldanillo,Valle del Cauca Department,Cauca River
Buga,Valle del Cauca Department,Cauca River
Necoclí,Antioquia Department,Gulf of Urabá
"La Primavera, Vichada",Vichada,Meta River
Palmar de Varela,Atlántico Department,Magdalena River
Córdoba,Bolívar Department,Magdalena River
Plato,Magdalena Department,Magdalena River
Tumaco,Nariño Department,Pacific Ocean
Buenaventura,Valle del Cauca Department,Pacific Ocean
Olaya,Antioquia Department,Cauca River
Santa Rosalía,Vichada,Meta River
Guataquí,Cundinamarca Department,Magdalena River
