col0,col1,col2
2014 Austrian 3-Cushion Championship,Austrian 3-Cushion Championship,2014-01-23
2018 McCreery 3-Cushion Champion of Champions,McCreery 3-Cushion Champion of Champions,2018-08-05
2019 Survival 3C Masters 4,3-Cushion Challenge Masters,2019-09-19
2019 Survival 3C Masters 3,3-Cushion Challenge Masters,2019-08-21
2019 Survival 3C Masters 1,3-Cushion Challenge Masters,2019-02-28
2019 Survival 3C Masters 2,3-Cushion Challenge Masters,2019-05-09
2018 Survival 3C Masters 3,3-Cushion Challenge Masters,2018-11-08
2018 Survival 3C Masters 2,3-Cushion Challenge Masters,2018-09-13
2019 LG U+ Cup 3-Cushion Masters,LG U+ Cup 3-Cushion Masters,2019-09-05
2018 LG U+ Cup 3-Cushion Masters,LG U+ Cup 3-Cushion Masters,2018-09-04
2017 LG U+ Cup 3-Cushion Masters,LG U+ Cup 3-Cushion Masters,2017-09-05
2016 LG U+ Cup 3-Cushion Masters,LG U+ Cup 3-Cushion Masters,2016-11-08
2019 world 3-cushion championship,UMB World Three-cushion Championship,2019-11-26
1965 3-Cushion World Championships,UMB World Three-cushion Championship,1965-05-12
1930 3-Cushion World Championship,UMB World Three-cushion Championship,1930-05-08
2015 Lausanne Billard Masters,Lausanne Billard Masters,2015-11-20
2016 Juniors 3-Cushion World Championship,Junior World 3-Cushion Championship,2016-12-08
1962 European Three-Cushion Championship,CEB European Three-cushion Championship,1962-03-07
1955 European Three-Cushion Championship,CEB European Three-cushion Championship,1955-02-10
2019 Lausanne Billard Masters,Lausanne Billard Masters,2019-11-15
