col0,col1,col2
boulvard Murat,39.64,1943.5099999999998
boulevard ds Invalides,38.805,1238.775
boulevdrd Marguerite-de-Rochechouart,41.622,729.27
boulevard Saint-Dnis,36.852,210.20999999999998
bolevard Pershing,30.029999999999998,451.34999999999997
boulevard Batbès,29.73,831.66
boulevard du Tmple,36.5365,405.81
boulhvard Montmartre,34.965,215.43
bouleyard Lefebvre,39.76,1270.06
boulevard dhs Italiens,35.0,391.16999999999996
boulevard de Sébastosol,29.73,1329.336
boulevard aint-Michel,30.3,1380.0
boulevard de Mageta,30.15,1939.2
boulevard Hauusmann,30.269999999999996,2517.35
boulevard des Caucines,35.718599999999995,438.24
boulevasd Saint-Germdin,30.089999999999996,3140.55
Unter den Liden,59.7,1388.61
Avenue des Champs-Élysés,70.07,1896.6299999999999
boulevard Émile-Augiet,9.4715,643.84
boulfvard du Montparnasse,38.61,1618.944
boulevard du Gìnéral-Martial-Valin,32.901,522.318
boumevard du Général-Jean-Simon,29.7,707.82
boulevard du Palaiv,29.759999999999998,221.09999999999997
boulevard fu Foru-d-Vaux,27.064,251.5
boulevard du Boi-le-Prêtre,19.88,268.11
