col0,col1,col2,col3,col4
2008 Clásica de Almería,Spain,2008 Burgos Monumental season,2008-03-02,Almería
2010 Clásica de Almería,Spain,Andalucía-Cajasur 2010,2010-02-28,Almería
2009 Clásica de Almería,Spain,Saxo Bank 2009,2009-03-01,Almería
2015 Schaal Sels,Belgium,Cibel 2015,2015-08-30,Merksem
2015 Druivenkoers Overijse,Belgium,Cibel 2015,2015-08-26,Overijse
2016 Ronde van Limburg,Belgium,Cibel-Cebon 2016,2016-06-12,Tongeren
2015 Ronde van Limburg,Belgium,Cibel 2015,2015-06-14,Tongeren
2016 Halle-Ingooigem,Belgium,FDJ 2016,2016-06-22,Ingooigem
2016 Giro dell'Appennino,Italy,Lampre-Merida 2016,2016-04-17,Chiavari
2016 Ronde van Drenthe,Netherlands,Lotto NL-Jumbo 2016,2016-03-12,Hoogeveen
2016 Tour de l'Eurométropole,Belgium,Veranclassic-Ago 2016,2016-10-02,Tournai
2015 Strade Bianche Women,Italy,Boels Dolmans 2015,2015-03-07,Siena
2016 La Roue Tourangelle,France,FDJ 2016,2016-04-24,Tours
Gran Premio della Costa Etruschi 2017,Italy,UAE Team Emirates 2017,2017-02-05,Donoratico
2017 Clásica de Almería,Spain,Bahrain-Merida 2017,2017-02-12,Roquetas de Mar
2017 Grand Prix d'Ouverture La Marseillaise,France,Sport Vlaanderen-Baloise 2017,2017-01-29,Marseille
2017 Vuelta a Murcia,Spain,Bahrain-Merida 2017,2017-02-11,Murcia
2017 Omloop Het Nieuwsblad – Women's race,Belgium,Lensworld-Kuota 2017,2017-02-25,Ghent
2017 La Roue Tourangelle,France,WB-Veranclassic-Aqua Protect 2017,2017-04-02,Tours
2018 Omloop van het Houtland,Belgium,Roompot-Nederlandse Loterij 2018,2018-09-19,Lichtervelde
