col0,col1,col2,col3
Island of Montreal,16,Saint Lawrence River,Urban agglomeration of Montreal
Belene Island,4.9,Danube,Belene Municipality
Île d'Orléans,8,Saint Lawrence River,L'Île-d'Orléans Regional County Municipality
Zhenbao Island,0.5,Ussuri River,Hulin
Dog Island,0.11,Gambia River,North Bank Division
Little Pappa Island,0.32,Gambia River,Central River Division
Pappa Island,0.9,Gambia River,Central River Division
MacCarthy Island,2,Gambia River,Central River Division
île Saint-Denis,0.28,Seine,L'Île-Saint-Denis
Île Bizard,4,Saint Lawrence River,L'Île-Bizard–Sainte-Geneviève
Bacharacher Werth,0.15,Rhine,Bacharach
Nuns' Island,1,Saint Lawrence River,Verdun
Lühesand,0.55,Elbe,Steinkirchen
Khong Island,8,Mekong River,Champasak Province
île des Impressionnistes,0.3,Seine,Chatou
île Saint-Louis,0.19,Seine,4th arrondissement of Paris
Inchbuie,0.06,River Dochart,Stirling
île aux Cygnes,0.02,Seine,15th arrondissement of Paris
île de la Cité,0.29,Seine,1st arrondissement of Paris
Île Sainte-Thérèse,1.6,Saint Lawrence River,Varennes
