col0,col1,col2
Cudlee Creek,205,South Australia
Darkes Forest,59,New South Wales
Curramore,98,New South Wales
Curlwaa,178,New South Wales
Cullerin,15,New South Wales
Culburra Beach,1435,New South Wales
Crowdy Head,36,New South Wales
Cundeelee,6,Western Australia
East Hills,1609,East Hills
Hillvue,3296,New South Wales
Herron,203,Western Australia
Arcadia,119,Queensland
Arana Hills,3442,Queensland
Aloomba,245,Queensland
Alexandra Hills,8282,Queensland
Alberton,281,Queensland
Somerset,0,Queensland
Acacia Hills,328,Northern Territory
Alpine,70,New South Wales
Alma Park,28,New South Wales
