col0,col1,col2
Schloss Freudenberg (Wiesbaden),Paul Schultze-Naumburg,1904-01-01
Michnův letohrádek,Kilián Ignaz Dientzenhofer,1717-01-01
Villa Tugendhat,Ludwig Mies van der Rohe,1928-01-01
Taliesin,Frank Lloyd Wright,1911-01-01
Villa Giulia,Michelangelo,1889-01-01
Villa Savoye,Le Corbusier,1931-01-01
Emmaplein 1 (Groningen),Johannes Petrus Hazeu,1892-01-01
Marshcourt,Edwin Lutyens,1904-01-01
Villa Baumgartner,Lars Sonck,1906-01-01
Holmwood House,Alexander Thomson,1858-01-01
Leopold Kindermann Villa,Gustaw Landau-Gutenteger,1903-01-01
Villa Pigneto del Marchese Sacchetti,Pietro da Cortona,1630-01-01
Muuratsalo Experimental House,Alvar Aalto,1952-01-01
Villa Schwob,Le Corbusier,1912-01-01
Villa Fallet,Le Corbusier,1904-01-01
Villa Cook,Le Corbusier,1924-01-01
Villa Carl Grosse in Bydgoszcz,Karl Bergner,1899-01-01
Villa Fritz Heroldt in Bydgoszcz,Fritz Weidner,1896-01-01
Museum of Zakopane Style at Villa Koliba,Stanisław Witkiewicz,1993-01-01
Villa Heinrich Dietz in Bydgoszcz,Heinrich Seeling,1898-01-01
