col0,col1,col2
Pistola de cano longo,3.8,13
Pistola,5,13
Oratório de pousar com grupo escultórico religioso 03,85,33.3
Oratório de pousar com grupo escultórico religioso 02,77.2,30.5
Nossa Senhora 08,24.4,8.8
Nossa Senhora 07,37.1,17.5
Nossa Senhora 06,41.8,21
Nossa Senhora 05,25.5,9
Nossa Senhora 04,73,15
Nossa Senhora 03,108.5,44.5
Nossa Senhora 02,73,17
Nossa Senhora 01,63,26.8
Máquina fotográfica com estojo,15.5,15.2
Máquina de costura,91.5,73.5
Liteira,135.2,82
Leito de casal,187,115.5
Grupo escultórico religioso,18.8,9.1
Ex-voto 02,24.5,39
Ex-voto 01,22.4,31.5
Estojo de cristais de rocha,4.5,22
