col0,col1,col2
The Quartier Latin,508,26
Harper's August. Tom Sawyer Detective,476,348
The Century. August,539,404
Nestlé's Swiss Milk,508,318
Real Club de Barcelona,76,1087
Bénédictine,2093,775
Victor Bicycles,408,284
The Monarch of Weeklies (Illustrated American),402,278
Sífilis,80,343
Chocolat Ideal,86,578
A. Calderoni Gioielliere,1642,966
The Golfer's Alphabet,26,288
Golf Calendar. February,41,286
The Inland Printer. April,314,229
Real Automóvil-Club de Cataluña. Copa Tibidabo,110,817
Helm Cacao,1545,665
May Belfort,80,62
"Baleares, la isla de las maravillas",110,63
Tuborg Beer,92.8,66.4
"Poster for the German Exposition of Art in Ateneum, Helsinki. 1922.",98.7,68.7
