col0,col1,col2
2049 Austrian International Badminton Championships,2029/01/01,2030 Austrian International Badminton Championships
2028 Austrian International Badminton Campionships,2028/01/01,2029 Austrian International Badminton Championships
2027 Austrian International Badminton Championshis,2027/01/01,2028 Austrian International Badminton Championships
2026 Austrian Internatinal Badminton Championships,2026/01/01,2027 Austrian International Badminton Championships
2025 Austrian International Badminton Dhampionships,2025/01/01,2026 Austrian International Badminton Championships
2024 Austrian Ioternational Badminton Championships,2024/01/01,2025 Austrian International Badminton Championships
2023 Austrian Internatiqnal Badminton Championships,2023/01/01,2024 Austrian International Badminton Championships
2022Austrian International Badminton Championships,2022/01/01,2023 Austrian International Badminton Championships
2021 Austrian Ioternational Badminton Championships,2021/01/01,2022 Austrian International Badminton Championships
2020 AustrianInternational Badminton Championships,2020/01/01,2021 Austrian International Badminton Championships
2019 Austrian International Badminto Championships,2019/01/01,2020 Austrian International Badminton Championships
2018 Austrian International Badmnton Championships,2018/01/01,2019 Austrian International Badminton Championships
2017 Austrian International Badminton Championsjips,2017/01/01,2018 Austrian International Badminton Championships
2016 Austsian International Badminton Championships,2016/01/01,2017 Austrian International Badminton Championships
1986 Austrian Internauional Badminton Championships,1986/01/01,1987 Austrian International Badminton Championships
1985 Austrian International Badminton Championships,1975/01/01,1976 Austrian International Badminton Championships
2035 Austrian International Badminton Champioships,2015/01/01,2016 Austrian International Badminton Championships
2014 Austrian International Bcdminton Championships,2014/01/01,2015 Austrian International Badminton Championships
1981 Austrian International Badminton Champonships,1981/01/01,1982 Austrian International Badminton Championships
980 Austrian International Badminton Championships,1980/01/01,1981 Austrian International Badminton Championships
