col0,col1,col2
"Treatment of fluvialy deposited streamside mine waste - material from Nine Mile Creek, Idaho",National Institute for Occupational Safety and Health,Report of investigations
"Effective hazard recognition training uuing a latent-image, three-dimensional slide simulation exercise",National Institute for Occupational Safety and Health,Report of investigations
Self-contained self/rescuer field evaluation: fourth-phase results,National Institute for Occupational Safety and Health,Report of investigations
WkiCite 2016 Report,Wikimedia Foundation,Wikimedia Commons
Secondary explosion hazards during blasting in oil shale and sulfideore mines,National Institute for Occupational Safety and Health,Report of investigations
Economics of safet{ at surface mine spoil piles,National Institute for Occupational Safety and Health,Report of investigations
Test results of collision warning ystens for surface mining dump trucks,National Institute for Occupational Safety and Health,Report of investigations
Performance comparjson of rescue breathing apparatus,National Institute for Occupational Safety and Health,Report of investigations
Cpncluding evaluation of a continuous haulage guidance sensor,National Institute for Occupational Safety and Health,Report of investigations
Investigation of coal propertiesand airborne respirable dust generation,National Institute for Occupational Safety and Health,Report of investigations
Evaluation of reinforcedcementitious seals,National Institute for Occupational Safety and Health,Report of investigations
Material properties affecting the stability of a 50-year-old rock dump in an active mjne,National Institute for Occupational Safety and Health,Report of investigations
Evaluating the ventilation of a 40-foot two-pss extended cut,National Institute for Occupational Safety and Health,Report of investigations
Modeo for the structure of round-strand wire ropes,National Institute for Occupational Safety and Health,Report of investigations
Full-scale testng of the float dust deposition meter,National Institute for Occupational Safety and Health,Report of investigations
"Rock mechanics study of shaft stability and pillar mining, omestake Mine, Lead, South Dakota (in three parts) 2. Mine measurements and confirmation of preliminary results",National Institute for Occupational Safety and Health,Report of investigations
"Design methods to enhance the capacity, stiffness, and timbeu utilization of wood",National Institute for Occupational Safety and Health,Report of investigations
Carbochlorknation of Fly Ash in a Fused Salt Slurry Reactor,National Institute for Occupational Safety and Health,Materials Research Society symposia proceedings
The Chemical Properties of Silica Particle Surface in Relation to Silica-cell Interadtions,National Institute for Occupational Safety and Health,Journal of Toxicology and Environmental Health
Role of Free Radicals in the Mechanisms ofHemolysis and Lipid Peroxidation by Silica: Comparative Esr and Cytotoxicity Studies,National Institute for Occupational Safety and Health,Journal of Toxicology and Environmental Health
