col0,col1,col2,col3
Brazil v Germany (2014 FIFA World Cup),list of Germany international football games,2014 FIFA World Cup knockout stage,58141
Wales vs. Belgium,UEFA Euro 2016,UEFA Euro 2016 knockout phase,45936
England v Iceland,UEFA Euro 2016,UEFA Euro 2016 knockout phase,33901
Italy v Spain,UEFA Euro 2016,UEFA Euro 2016 knockout phase,76165
France v Ireland,UEFA Euro 2016,UEFA Euro 2016 knockout phase,56279
Croatia v Portugal,UEFA Euro 2016,UEFA Euro 2016 knockout phase,33523
Wales v Northern Ireland,UEFA Euro 2016,UEFA Euro 2016 knockout phase,44342
Switzerland v Poland,UEFA Euro 2016,UEFA Euro 2016 knockout phase,38842
Czech Republic v Turkey,UEFA Euro 2016,UEFA Euro 2016 Group D,32836
Croatia v Spain,UEFA Euro 2016,UEFA Euro 2016 Group D,37245
Spain v Turkey,UEFA Euro 2016,UEFA Euro 2016 Group D,33409
Spain v Czech Republic,UEFA Euro 2016,UEFA Euro 2016 Group D,29400
Iceland v Austria,UEFA Euro 2016,UEFA Euro 2016 Group F,68714
Portugal v Austria,UEFA Euro 2016,UEFA Euro 2016 Group F,44291
Iceland v Hungary,UEFA Euro 2016,UEFA Euro 2016 Group F,60842
Portugal v Iceland,UEFA Euro 2016,UEFA Euro 2016 Group F,38742
Austria v Hungary,UEFA Euro 2016,UEFA Euro 2016 Group F,34424
Italy v Republic of Ireland,UEFA Euro 2016,UEFA Euro 2016 Group E,44268
Sweden v Belgium,UEFA Euro 2016,UEFA Euro 2016 Group E,34011
Belgium v Republic of Ireland,UEFA Euro 2016,UEFA Euro 2016 Group E,39493
