col0,col1,col2
"Peptidase S1A, acrosin","Serine proteases, trypsin family, histidine active site",serine-type endopeptidase activity
Lantibiotic leader peptide-processing serine protease,"Peptidase S8, subtilisin, His-active site",serine-type endopeptidase activity
Prothrombin/thrombin,"Kringle, conserved site",serine-type endopeptidase activity
Acyl-CoA thioester hydrolase YbgC/YbaW family,"4-hydroxybenzoyl-CoA thioesterase, active site",hydrolase activity
"tRNA-dihydrouridine synthase, TIM-barrel, NifR3","tRNA-dihydrouridine synthase, conserved site",oxidoreductase activity
"Serine/threonine-protein kinase, asfivirus","Serine/threonine-protein kinase, active site",protein serine/threonine kinase activity
"Circadian clock KaiC, bacteria",KaiC-like domain,protein serine/threonine kinase activity
Carboxypeptidase T,Carboxypeptidase T domain,metallocarboxypeptidase activity
"Acetolactate synthase, catabolic","Thiamine pyrophosphate enzyme, central domain",acetolactate synthase activity
Histidine-tRNA ligase,"Aminoacyl-tRNA synthetase, class II (G/ P/ S/T)",histidine-tRNA ligase activity
Na(+)-translocating NADH-quinone reductase subunit C,FMN-binding,"oxidoreductase activity, acting on NAD(P)H, quinone or similar compound as acceptor"
Glyceraldehyde/Erythrose phosphate dehydrogenase family,"Glyceraldehyde 3-phosphate dehydrogenase, NAD(P) binding domain","oxidoreductase activity, acting on the aldehyde or oxo group of donors, NAD or NADP as acceptor"
"Haem oxygenase, subgroup",Haem oxygenase conserved site,heme oxygenase (decyclizing) activity
"Poly(R)-hydroxyalkanoic acid synthase, class II",Alpha/beta hydrolase fold-1,"transferase activity, transferring acyl groups"
Beta-phosphoglucomutase,"Beta-phosphoglucomutase, hydrolase domain",beta-phosphoglucomutase activity
"Carbon-monoxide dehydrogenase, large subunit","Aldehyde oxidase/xanthine dehydrogenase, a/b hammerhead",carbon-monoxide dehydrogenase (acceptor) activity
Pentafunctional AroM protein,NAD(P)-binding domain,3-dehydroquinate synthase activity
Phosphoglycerate mutase 1,"Phosphoglycerate/bisphosphoglycerate mutase, active site",phosphoglycerate mutase activity
"Riboflavin kinase, bacterial",FAD synthetase domain,FMN adenylyltransferase activity
DNA repair protein Rev1,"DNA polymerase, Y-family, little finger domain",nucleotidyltransferase activity
