col0,col1,col2
Skaggs Island Naval Communication Station,Marion Barton Skaggs,2011-01-01
Thacher Island National Wildlife Refuge,Thacher Island,1972-01-01
Silvio O. Conte National Fish and Wildlife Refuge,Silvio O. Conte,1997-01-01
William L. Finley National Wildlife Refuge,William L. Finley,1964-01-01
Julia Butler Hansen Refuge for the Columbian White-Tailed Deer,Julia Butler Hansen,1972-01-01
Stewart B. McKinney National Wildlife Refuge,Stewart McKinney,1972-01-01
Yukon Flats National Wildlife Refuge,Yukon Flats,1980-12-02
Nisqually National Wildlife Refuge,"Billy Frank, Jr.",1974-01-01
Wichita Mountains Wildlife Refuge,Wichita Mountains,1901-01-01
Rachel Carson National Wildlife Refuge,Rachel Carson,1966-01-01
Fisherman Island National Wildlife Refuge,Fisherman Island,1969-01-01
Farallon Islands National Wildlife Refuge,Farallon Islands,1909-01-01
Ozark Cavefish National Wildlife Refuge,Ozark cavefish,1991-01-01
San Juan Islands National Wildlife Refuge,San Juan Islands,1976-01-01
Pocosin Lakes National Wildlife Refuge,pocosin,1963-01-01
Navassa Island National Wildlife Refuge,Navassa Island,1999-01-01
"J. N. ""Ding"" Darling National Wildlife Refuge",Jay Norwood Darling,1976-01-01
Holt Collier National Wildlife Refuge,Holt Collier,2004-01-01
Guadalupe-Nipomo Dunes National Wildlife Refuge,Guadalupe-Nipomo Dunes,2000-01-01
Lee Metcalf National Wildlife Refuge,Lee Metcalf,1964-01-01
