col0,col1,col2
Badminton at the 1992 Summer Olympics – Women's singles,Barcelona,women's singles
Badminton at the 2012 Summer Olympics – Men's singles,Kingdom of England,men's singles
Badminton at the 2008 Summer Olympics – Men's singles,People's Republic of China,men's singles
Tennis at the 1896 Summer Olympics – Men's doubles,Athens,men's doubles
Athletics at the 2008 Summer Olympics – Women's heptathlon,Chaoyang District,women's heptathlon
Swimming at the 1956 Summer Olympics – Men's 200 metre breaststroke,Melbourne,men's 200 metre breaststroke
Tennis at the 1900 Summer Olympics – Women's singles,Paris,women's singles
Tennis at the 1896 Summer Olympics – Men's singles,Athens,men's singles
Tennis at the 1900 Summer Olympics – Men's singles,Paris,men's singles
Swimming at the 2012 Summer Olympics – Men's 400 metre freestyle,Queen Elizabeth Olympic Park,men's 400 metre freestyle
Judo at the 2012 Summer Olympics – Men's 81 kg,London Borough of Newham,men's half middleweight
Athletics at the 2008 Summer Olympics – Men's decathlon,Chaoyang District,men's decathlon
Athletics at the 2008 Summer Olympics – Women's 5000 metres,Chaoyang District,women's 5000 metres
Athletics at the 2008 Summer Olympics – Women's 1500 metres,Chaoyang District,women's 1500 metres
Athletics at the 2008 Summer Olympics – Women's 800 metres,Chaoyang District,women's 800 metres
Athletics at the 2008 Summer Olympics – Women's 100 metres hurdles,Chaoyang District,women's 100 metres hurdles
Athletics at the 2008 Summer Olympics – Men's 4 × 400 metres relay,Chaoyang District,men's 4 × 400 metres relay
Athletics at the 1956 Summer Olympics – Men's decathlon,Melbourne,men's decathlon
Athletics at the 1956 Summer Olympics – Women's shot put,Melbourne,women's shot put
Athletics at the 1956 Summer Olympics – Men's shot put,Melbourne,men's shot put
