col0,col1,col2,col3
cubic yard,0.7645549,volume,ISO 80000-3:2006: Quantities and units—Part 3: Space and time
liter,0.001,volume,ISO 80000-3:2006: Quantities and units—Part 3: Space and time
parsec,30856775814913700,length,ISO 80000-3:2006: Quantities and units—Part 3: Space and time
astronomical unit,149597870700,length,ISO 80000-3:2006: Quantities and units—Part 3: Space and time
light-year,9460800000000000,length,ISO 80000-3:2006: Quantities and units—Part 3: Space and time
hertz,1,frequency,ISO 80000-3:2006: Quantities and units—Part 3: Space and time
minute,60,time,ISO 80000-3:2006: Quantities and units—Part 3: Space and time
day,86400,time,ISO 80000-3:2006: Quantities and units—Part 3: Space and time
arcsecond,0.0000048481368110954,angle,ISO 80000-3:2006: Quantities and units—Part 3: Space and time
minute of arc,0.0002908882086657215961539484614147687855738119814236209093495319066951681857672415739470402616057515803687174154178965098747,angle,ISO 80000-3:2006: Quantities and units—Part 3: Space and time
gradian,0.015707963267949,angle,ISO 80000-3:2006: Quantities and units—Part 3: Space and time
degree,0.01745329251994329576923690768488612713,angle,ISO 80000-3:2006: Quantities and units—Part 3: Space and time
week,604800,time,New Encyclopedic Dictionary
poise,0.1,dynamic viscosity,Armenian Soviet Encyclopedia
stokes,0.0001,kinematic viscosity,Armenian Soviet Encyclopedia
barn,0.0000000000000000000000000001,Neutron cross section,Armenian Soviet Encyclopedia
dioptre,1,optical power,Armenian Soviet Encyclopedia
lambert,3183.0988618379067153776752674502872406891929148091289749533468811779359526845307018022760553250617191214568545351591607378582,luminance,Armenian Soviet Encyclopedia
roentgen,0.000258,radiation exposure,Armenian Soviet Encyclopedia
curie,37000000000,activity,Armenian Soviet Encyclopedia
