col0,col1,col2
1961 Japanese Badminton Championships,national championship,1961 Japanese Badminton Championships – Men's singles
1960 Japanese Badminton Championships,national championship,1960 Japanese Badminton Championships – Men's singles
1959 Japanese Badminton Championships,national championship,1959 Japanese Badminton Championships – Men's singles
1958 Japanese Badminton Championships,national championship,1958 Japanese Badminton Championships – Men's singles
2012 Japanese Badminton Championships,national championship,2012 Japanese Badminton Championships – Men's singles
2002 Japanese Badminton Championships,national championship,2002 Japanese Badminton Championships – Men's singles
2001 Japanese Badminton Championships,national championship,2001 Japanese Badminton Championships – Men's singles
2000 Japanese Badminton Championships,national championship,2000 Japanese Badminton Championships – Men's singles
1999 Japanese Badminton Championships,national championship,1999 Japanese Badminton Championships – Men's singles
1998 Japanese Badminton Championships,national championship,1998 Japanese Badminton Championships – Men's singles
1997 Japanese Badminton Championships,national championship,1997 Japanese Badminton Championships – Men's singles
1996 Japanese Badminton Championships,national championship,1996 Japanese Badminton Championships – Men's singles
1993 Japanese Badminton Championships,national championship,1993 Japanese Badminton Championships – Men's singles
1992 Japanese Badminton Championships,national championship,1992 Japanese Badminton Championships – Men's singles
1991 Japanese Badminton Championships,national championship,1991 Japanese Badminton Championships – Men's singles
1990 Japanese Badminton Championships,national championship,1990 Japanese Badminton Championships – Men's singles
1988 Japanese Badminton Championships,national championship,1988 Japanese Badminton Championships – Men's singles
1987 Japanese Badminton Championships,national championship,1987 Japanese Badminton Championships – Men's singles
1986 Japanese Badminton Championships,national championship,1986 Japanese Badminton Championships – Men's singles
1985 Japanese Badminton Championships,national championship,1985 Japanese Badminton Championships – Men's singles
