col0,col1,col2
A8 autoroute,Autoroutes du Sud de la France,A57 autoroute
A151 autoroute,Société des Autoroutes de Paris Normandie,A29 autoroute
A64 autoroute,Autoroutes du Sud de la France,A63 autoroute
A43 autoroute,DIR Centre-Est,Boulevard périphérique de Lyon
A42 autoroute,Autoroutes Paris-Rhin-Rhône,Boulevard périphérique de Lyon
A38 autoroute,Autoroutes Paris-Rhin-Rhône,A6 autoroute
A432 autoroute,Autoroutes Paris-Rhin-Rhône,A46 autoroute
A40 autoroute,Autoroutes Paris-Rhin-Rhône,A406 autoroute
A406 autoroute,Autoroutes Paris-Rhin-Rhône,A40 autoroute
A35 autoroute,DIR Est,A351 autoroute
A352 autoroute,DIR Est,A35 autoroute
A351 autoroute,DIR Est,A35 autoroute
A350 autoroute,DIR Est,A35 autoroute
A31 autoroute,Société des Autoroutes du Nord et de l'Est de la France,A313 autoroute
A313 autoroute,DIR Est,A31 autoroute
A30 autoroute,DIR Est,A31 autoroute
A36 autoroute,Autoroutes Paris-Rhin-Rhône,A31 autoroute
A104 autoroute,DIR Île-de-France,A1 autoroute
A4 autoroute,Société des Autoroutes du Nord et de l'Est de la France,A320 autoroute
A320 autoroute,DIR Est,A4 autoroute
