col0,col1,col2,col3,col4,col5,col6
nickel-78,1,copper-77,50,0,641550,28
nickel-76,1,copper-75,48,0,633156,28
nickel-75,1,copper-74,47,3.5,627450,28
nickel-74,1,copper-73,46,0,623820,28
nickel-73,1,copper-72,45,4.5,617408.596,28
nickel-72,1,copper-71,44,0,613455.192,28
nickel-71,1,copper-71,43,4.5,606564.076,28
nickel-70,1,copper-70,42,0,602300.37,28
nickel-69,1,copper-69,41,4.5,594993.831,28
nickel-68,1,copper-68,40,0,590407.688,28
nickel-66,1,copper-66,38,0,576807.528,28
nickel-57,-1,cobalt-57,29,1.5,494243.181,28
nickel-56,1,cobalt-56,28,0,483995.624,28
nickel-55,-1,cobalt-55,27,3.5,467352.6,28
nickel-54,1,cobalt-54,26,0,453223.728,28
nickel-52,1,cobalt-52,24,0,420108,28
nickel-51,-1,cobalt-51,23,3.5,401625,28
nickel-50,1,cobalt-50,22,0,385800,28
nickel-48,1,cobalt-48,20,0,348720,28
nickel-53,-1,iron-52,25,3.5,435504.922,28
