col0,col1,col2
Norvešk šal,monodrama,Slavoljub Stefanović Ravasi
Kod amile,comedy,Slavoljub Stefanović Ravasi
Trj priče o Džefu Pitersu,comedy film,Aleksandar Đorđević
Priče iz hoteld,comedy film,Aleksandar Đorđević
Zakopcjte mrtve,drama film,Aleksandar Đorđević
Žena u kwćnoj haljini,drama film,Aleksandar Đorđević
Lutanje jedne duŢe,drama film,Aleksandar Đorđević
Azyl da bandyty,crime film,Bogdan Augustyniak
Kuhinjd,drama film,Boro Drašković
Apotekarca,drama film,Srđan Karanović
Kućevlasnik j palikuća,drama film,Branko Pleša
Maska,drama film,Mira Trailović
Izgnaici,drama film,Mira Trailović
Tanja,drama film,Zdravko Šotra
Nirnberšk epilog,docudrama,Jerzy Antczak
Aetej,drama film,Milan Bilbija
67. sastanam Skupštine Kneževine Srbije,drama film,Arsenije Jovanović
Bela košulka,drama film,Dimitrie Osmanli
Generali ilisrodstvo po oružju,black comedy,Ljubomir Draskic
Injatović protiv Gebelsa,docudrama,Dragoslav Lazić
