col0,col1,col2
"Toroca, Potosi Bolivia",object illustrates  significant stage in human history,UNESCO World Heritage Site
Historic Centre of Sighișoara,unique to a cultural tradition,UNESCO World Heritage Site
Old City of Bern,unique to a cultural tradition,UNESCO World Heritage Site
Historic Centre of the City of Salzburg,"on developments in architecture or technology, monumental arts, town-planning or landscape design",UNESCO World Heritage Site
Old town of Regensburg with Stadtamhof,"on developments in architecture or technology, monumental arts, town-planning or landscape design",UNESCO World Heritage Site
Warsaw Old Town,"on developments in architecture or technology, monumental arts, town-planning or landscape design",UNESCO World Heritage Site
Medieval City of Rhodes,"on developments in architecture or technology, monumental arts, town-planning or landscape design",UNESCO World Heritage Site
Tallinn old town,"on developments in architecture or technology, monumental arts, town-planning or landscape design",UNESCO World Heritage Site
Garrison Historic Area,"on developments in architecture or technology, monumental arts, town-planning or landscape design",UNESCO World Heritage Site
Vilnius Old Town,"on developments in architecture or technology, monumental arts, town-planning or landscape design",UNESCO World Heritage Site
Vecrīga,masterpiece of human creative genius,UNESCO World Heritage Site
Palaces and Parks of Potsdam and Berlin,masterpiece of human creative genius,UNESCO World Heritage Site
historical city centre of Odesa,masterpiece of human creative genius,Tentative World Heritage Site
Old Town of Galle and its Fortifications,object illustrates  significant stage in human history,UNESCO World Heritage Site
Hanseatic City of Lübeck,object illustrates  significant stage in human history,UNESCO World Heritage Site
old Sana,object illustrates  significant stage in human history,UNESCO World Heritage Site
Old City of Salamanca,object illustrates  significant stage in human history,UNESCO World Heritage Site
Historic Walled Town of Cuenca,"on developments in architecture or technology, monumental arts, town-planning or landscape design",UNESCO World Heritage Site
Universidade de Coimbra – Alta e Sofia,"on developments in architecture or technology, monumental arts, town-planning or landscape design",UNESCO World Heritage Site
Ancient City of Bosra,masterpiece of human creative genius,UNESCO World Heritage Site
