col0,col1,col2
Zarkora,English,Hachette Australia
Sound! Euphonium,Japanese,Takarajimasha
Isekai Cheat Magician,Japanese,Shufunotomo
Titan,English,Pocket Books
Ryūō no Oshigoto!,Japanese,SoftBank Creative
Goblin Slayer,Japanese,SoftBank Creative
The Dreamblood,English,Orbit Books
The Night Angel Trilogy,English,Orbit Books
Cooking with Wild Game,Japanese,Hobby Japan
Cold as Ice,American English,Tor Books
Confederation series,English,DAW Books
The Clan Chronicles,English,DAW Books
Vatta's War,English,Del Rey Books
The War That Came Early,English,Del Rey Books
The Voyage of the Jerle Shannara trilogy,English,Del Rey Books
Outlander series,American English,Dell Publishing
The Bane Chronicles,English,Simon & Schuster
Ore ga Suki nano wa Imōto dakedo Imōto ja nai,Japanese,Fujimi Shobo
Gamers!,Japanese,Fujimi Shobo
Death March to the Parallel World Rhapsody,Japanese,Fujimi Shobo
