col0,col1,col2
Hurricane Earl,927,125
Hurricane Omar,958,115
Hurricane Michelle,934,120
Hurricane Iris,948,125
Hurricane Gloria,920,125
Hurricane Carmen,928,130
Hurricane Frances,937,125
Hurricane Charley,947,125
Hurricane Katia,942,120
Hurricane Bill,945,115
Hurricane Paloma,944,125
Hurricane Floyd,921,135
Hurricane Opal,919,130
Hurricane Norbert,945,115
Hurricane Howard,943,120
Hurricane Hilary,942,125
Hurricane Pauline,948,115
Hurricane Dora,943,120
Hurricane Ophelia,940,120
Hurricane Lili,940,125
