col0,col1,col2,col3
U22,rock music,Live from Paris,Island Records
Viva!,glam rock,Siren,Island Records
Live at the Roxy,reggae,One Love: The Very Best of Bob Marley & The Wailers,Island Records
Live at the Isle of Wight 1970,contemporary folk music,Live in London,Columbia Records
The Classical Conspiracy,symphonic metal,The Divine Conspiracy,Nuclear Blast
One Crimson Night,heavy metal,Crimson Thunder,Nuclear Blast
Sleepy Buildings – A Semi Acoustic Evening,alternative rock,Souvenirs,Century Media Records
Live in Australia,rockabilly,Best of Chris Isaak,Universal Music Group
Live at Slane Castle,alternative rock,Off the Map,Warner Music Group
In Case You Didn't Feel Like Showing Up,industrial metal,The Mind Is a Terrible Thing to Taste,Warner Music Group
An Acoustic Night at the Theatre,gothic metal,Black Symphony,Roadrunner Records
Twilight Dementia,power metal,Ultra Beatdown,Roadrunner Records
The Era Concert Live,mandopop,The Era,JVR Music International Ltd.
Juanes MTV Unplugged,acoustic music,La Vida... Es Un Ratico: En Vivo,Universal Music Latin Entertainment
Vintage Dead,blues rock,American Beauty,Sunflower Records
Historic Dead,blues rock,Vintage Dead,Sunflower Records
24 Nights,blues,Journeyman,Duck Records
Time for Annihilation,alternative rock,...To Be Loved: The Best of Papa Roach,Eleven Seven Music
Secret World Live in Paris,pop rock,Everybody Loves a Happy Ending,XIII Bis Records
Rush in Rio,rock music,Vapor Trails,Anthem Records
Absent Lovers: Live in Montreal,progressive rock,The Night Watch,Discipline Global Mobile
And All That Could Have Been,documentary film,Things Falling Apart,Nothing Records
Gods of War Live,heavy metal,Hell on Stage,Magic Circle Music
Dick's Picks Volume 6,rock music,Dozin' at the Knick,Grateful Dead Records
Hundred Year Hall,rock music,Dick's Picks Volume 2,Grateful Dead Records
Beehive Live,hard rock,Flying Dog,Shrapnel Records
Live at the N.E.C.,rock music,Back to Back,Vertigo
Alchemy: Dire Straits Live,rock music,ExtendedancEPlay,Vertigo
Bongo Fury,hard rock,One Size Fits All,DiscReet
Zappa in New York,progressive rock,Zoot Allures,DiscReet
Live at the Royal Albert Hall,progressive rock,Black Moon,JVC Kenwood Victor Entertainment
Anarchy in the U.K: Live at the 76 Club,punk rock,Sex Pack,Warner Bros. Records
Grateful Dead,folk rock,Historic Dead,Warner Bros. Records
Road to Revolution: Live at Milton Keynes,alternative metal,Minutes to Midnight,Warner Bros. Records
Live,hard rock,Dugo znamo se,PGP-RTS
Come Hell or High Water,hard rock,The Battle Rages On...,Bertelsmann Music Group
Live in the U.K.,traditional heavy metal,"Keeper of the Seven Keys, Pt. 2",Noise Records
Bullet in a Bible,alternative rock,American Idiot,Reprise Records
I Heard They Suck Live!!,punk rock,Punk in Drublic,Fat Wreck Chords
9012Live: The Solos,progressive rock,90125,Atco Records
Into the New World,dance-pop,Hoot,SM Entertainment
Live at Eindhoven,thrash metal,The Legacy,Megaforce Records
The Anthology... So Far,rock music,I Wanna Be Santa Claus,Eagle Records
Live at the Royal Albert Hall,pop music,iTunes Festival: London 2011,Sony Music
Kontsert,rock music,The Bridge,Sony Music
"The Mark, Tom and Travis Show",punk rock,Enema of the State,MCA Inc.
Leaf Palm Hand,free jazz,Erzulie Maketh Scent,FMP/Free Music Production
"Live at Wembley July 16, 1988",pop music,Immortal,Epic
