col0,col1,col2,col3
Otsego County,Otsego County,1791-02-16,61683
Wyoming County,Wyoming County,1841-01-01,41531
Tioga County,Tioga County,1791-02-16,50243
Schuyler County,Schuyler County,1854-01-01,18460
Nassau County,Nassau County,1899-01-01,1352146
Seneca County,Seneca County,1804-01-01,35409
Warren County,Warren County,1813-03-12,65337
Erie County,Erie County,1821-01-01,919866
Albany County,Albany County,1683-01-01,306945
Sullivan County,Sullivan County,1809-01-01,76665
Wayne County,Wayne County,1823-01-01,92473
Steuben County,Steuben County,1796-03-18,98650
Orange County,Orange County,1683-01-01,375592
Washington County,Washington Parish,1772-03-12,63093
Suffolk County,Suffolk,1683-01-01,1499738
Allegany County,Allen Parish,1806-01-01,48109
Genesee County,Genesee County,1803-03-01,59454
Oneida County,Oneida County,1798-03-15,233585
Chautauqua County,Chautauqua County,1811-02-09,133080
Clinton County,Clinton County,1788-01-01,81591
