col0,col1,col2,col3
Toyama,UTC+09:00,Durham,Toyama Prefecture
Ōtsu,UTC+09:00,Würzburg,Shiga Prefecture
Miyazaki,UTC+09:00,Virginia Beach,Miyazaki Prefecture
Nishinomiya,UTC+09:00,Agen,Hyōgo Prefecture
Himeji,UTC+09:00,Curitiba,Hyōgo Prefecture
Amagasaki,UTC+09:00,Augsburg,Hyōgo Prefecture
Maebashi,UTC+09:00,Orvieto,Gunma Prefecture
Kawagoe,UTC+09:00,Offenbach am Main,Saitama Prefecture
Shimonoseki,UTC+09:00,Istanbul,Yamaguchi Prefecture
Kurume,UTC+09:00,Hefei,Fukuoka Prefecture
Toyonaka,UTC+09:00,San Mateo,Ōsaka Prefecture
Higashiōsaka,UTC+09:00,Mitte,Ōsaka Prefecture
Hirakata,UTC+09:00,Shanghai,Ōsaka Prefecture
Takatsuki,UTC+09:00,Manila,Ōsaka Prefecture
Toyohashi,UTC+09:00,Wolfsburg,Aichi Prefecture
Funabashi,UTC+09:00,Xi'an,Chiba Prefecture
Iwaki,UTC+09:00,Townsville,Fukushima Prefecture
Fukuyama,UTC+09:00,Okazaki,Hiroshima Prefecture
Okazaki,UTC+09:00,Fukuyama,Aichi Prefecture
Toyota,Japan Standard Time,United States of America,Aichi Prefecture
