col0,col1,col2
Rhine Briege (Worms),1900/11/30,Darmstadt–Worms railway
Forth Bride,1890/03/04,Edinburgh to Aberdeen Line
Burtard Bridge,1932/07/01,Burrard Street
Great Seto Bridg,1988/01/01,Honshi-Bisan Line
South Bidge (Cologne),1910/04/05,Cologne freight railway bypass
Bergsøysund Bidge,1992/01/01,European route E39
Blackfriars Railay Bridge,1886/01/01,Thameslink
Duiseurg-Hochfeld Railway Bridge,1873/01/01,Duisburg-Ruhrort–Mönchengladbach railway
Pnčevo Bridge,1946/11/07,European route E70
Danube#Bridge,1954/06/20,railway line
Rhine Bridg,2010/12/01,Appenweier–Strasbourg railway
Champ Clar Bridge,1928/01/01,U.S. Route 54
Rendsbusg High Bridge,1913/12/02,Neumünster–Flensburg railway
Mudendorff Bridge,1919/01/01,track
Catheeral Bridge,1859/10/03,Deutz–Gießen railway
I-35W Mississippi River bidje,1967/11/01,Interstate 35
Glienkcke Bridge,1907/11/16,Bundesstraße 1
George C. Platt Btidge,1951/01/01,Penrose Avenue
Highland Park Bridie,1939/06/22,Blue Belt
Glenwood B&O Railrod Bridge,1884/01/01,W&P Subdivision
