col0,col1,col2
FlashDevelop,C#,Windows XP
PSPad,Object Pascal,Microsoft Windows
ConTEXT,Embarcadero Delphi,Microsoft Windows
GNU Emacs,C,Microsoft Windows
Notepad2,C,Microsoft Windows
Bluefish,C,Microsoft Windows
acme,C,Microsoft Windows
Barry's Emacs,C++,Microsoft Windows
AkelPad,C++,Microsoft Windows
SciTE,C++,Microsoft Windows
Notepad++,C++,Microsoft Windows
Hiew,C#,Microsoft Windows
ACE,Java,Microsoft Windows
Frescobaldi,Python,Linux
Zim,Python,Linux
JED,C,Linux
QDevelop,C++,Linux
Sublime Text,C++,Linux
ZeroBrane Studio,Lua,cross-platform
Norton Editor,assembly language,DOS
