col0,col1,col2,col3
"Lady Grey, Eastern Cape",1857-01-01,1658,Senqu Local Municipality
Polokwane,1886-01-01,1312,Polokwane Local Municipality
Port Shepstone,1867-01-01,36,Hibiscus Coast Local Municipality
Volksrust,1881-01-01,1660,Pixley ka Seme Local Municipality
Kimberley,1873-01-01,1184,Sol Plaatje Local Municipality
Šaštín-Stráže,1960-07-01,177,Senica District
Rajecké Teplice,1376-01-01,411,Žilina District
Brezová pod Bradlom,1262-01-01,265,Myjava District
Zastron,1875-01-01,1668,Mohokare Local Municipality
Turčianske Teplice,1281-01-01,518,Turčianske Teplice District
Medzev,1359-01-01,318,Košice-okolie District
Zababdeh,1834-01-01,330,Jenin Governorate
Svolvær,1918-01-01,3,Vågan
Kráľovský Chlmec,1214-01-01,120,Trebišov District
Pilot Mound,1881-01-01,338,Manitoba
Rottweil,1140-01-01,599,Rottweil
"Margate, KwaZulu-Natal",1908-01-01,20,Hibiscus Coast Local Municipality
Carnarvon,1853-01-01,1309,Kareeberg Local Municipality
Niddatal,1970-01-01,189,Wetteraukreis
Rosbach vor der Höhe,1970-01-01,178,Wetteraukreis
