col0,col1,col2,col3
Rosaceæ,Rosaceæ,Sieversia albiflora,Onagraræ
Our Nation’s Birthday,Our Nation’s Birthday,The Flag of Seventy-six,Labor Day
Arbor Day,Arbor Day,Arbor Day Scripture Reading,Memorial Day
Longfellow Day,Longfellow Day,The Builders,Arbor Day
Washington and Lowell Day,Washington and Lowell Day,Ode for Washington’s Birthday,Longfellow Day
Lincoln Day,Lincoln Day,Language of Lincoln,Washington and Lowell Day
The Hymns,The Hymns,Morning worship,Orders of Worship
The hymns,The hymns,Morning worship,Orders of Worship
The Word of God,The Word of God,Break Thou the Bread of Life,The Holy Spirit
The God of Love,The God of Love,There's a Wideness in God's Mercy,The Word of God
Worship and Praise,Worship and Praise,"Come, We Who Love the Lord",The God of Love
Close of Worship,Close of Worship,"Lord, Dismiss Us with Thy Blessing",Worship and Praise
Evening Worship,Evening Worship,Day Is Dying in the West,Close of Worship
Morning worship,Morning worship,"Our God, Our Help in Ages Past",The Lord's Day
Following Christ,Following Christ,"Nearer, My God, to Thee",Prayer and Aspiration
Coming to Christ,Coming to Christ,"Tell Me the Old, Old Story",Following Christ
Life and Ministry of Jesus,Life and Ministry of Jesus,I Think When I Read That Sweet Story of Old,The Man of Sorrows
Nativity,Nativity,Joy to the World! the Lord Is Come,Life and Ministry of Jesus
The Holy Spirit,The Holy Spirit,"Holy Spirit, Faithful Guide",Nativity
Hymns and Ethical Songs,VII. Hymns and Ethical Songs,The Rainy Day,Election Day
