col0,col1,col2
UAE National Road Race Championships,March,United Arab Emirates
Colombian National Road Race Championships,June,Colombia
New Zealand National Road Race Championships,January,New Zealand
Australian National Road Race Championships,January,Australia
South African National Road Race Championship,June,South Africa
Croatian National Road Race Championships,June,Croatia
Romanian National Road Race Championships,June,Romania
Slovenia Road Cycling Championship,June,Slovenia
Slovak National Road Race Championships,June,Slovakia
Czech National Road Race Championships,June,Czech Republic
Latvian National Road Race Championships,June,Latvia
Estonian National Road Race Championships,June,Estonia
Belarusian National Road Race Championships,June,Belarus
German National Road Race Championships,June,Germany
Russian National Road Race Championships,June,Russia
French National Road Race Championships,June,France
Dutch National Road Race Championships,June,Netherlands
Portuguese National Road Race Championships,June,Portugal
Greek National Road Race Championships,June,Greece
Swiss National Time Trial Championships,June,Switzerland
