col0,col1,col2
4-methyl-2-pentyl acetate,0.08,113
"1,1-dichloro-1-nitroethane",0.3,136
vinyl toluene,0.009,127
Demeton,0.01,113
4-methyl-2-pentanol,2,106
bis(2-chloroethyl)ether,1,131
allyl glycidyl ether,14,48
diisobutyl ketone,0.05,120
butyl glycidyl ether,2,130
3-heptanone,1,115
2-heptanone,0.4,102
tetramethyllead,0.002,100
mesitylene,0.002,122
cyclohexanone,15,111
acetic anhydride,12,120
pseudocumene,0.006,112
butyl acrylate,0.1,103
thiophenol,0.08,132
isoamyl alcohol,2,109
2-ethoxyethyl acetate,23,124
