col0,col1,col2
University Line,Arena,Utah Transit Authority
Main Line,Fort Railway Station,Sri Lanka Railways
Northern line,Kankesanthurai,Sri Lanka Railways
Unanderra – Moss Vale railway line,Unanderra railway station,Rail Corporation New South Wales
Sperillen Line,Hen,Norges Statsbaner
Trondhjem–Støren Line,Throndhjem Kalvskinnet Station,Norges Statsbaner
"Macclesfield, Bollington and Marple Railway",Marple,North Staffordshire Railway
Lehigh Line,Oak Island Yard,Conrail Shared Assets Operations
Shore Line East,Union Station,Connecticut Department of Transportation
Special Event Line,Stadium station,San Diego Metropolitan Transit System
S,Western Avenue,Los Angeles County Metropolitan Transportation Authority
R,"3rd Street, Los Angeles",Los Angeles County Metropolitan Transportation Authority
"South Line, Tasmania",Hobart,Government of Tasmania
Monrovia–Glendora,Pacific Electric Building,Pacific Electric Railway
La Habra-Yorba Linda,Downtown Los Angeles,Pacific Electric Railway
North Coast railway line,Maitland railway station,New South Wales Government Railways
Rock Island District,LaSalle Street Station,Metra
North Central Service,Chicago Union Station,Metra
Redhill–Tonbridge line,Tonbridge railway station,Network Rail
Tattenham Corner Line,London Bridge station,Network Rail
Upland-San Bernardino,Pacific Electric Building,Southern Pacific Transportation Company
South Pasadena Local,Pacific Electric Building,Southern Pacific Transportation Company
Sierra Vista,Pacific Electric Building,Southern Pacific Transportation Company
Sierra Madre,Pacific Electric Building,Southern Pacific Transportation Company
Sawtelle,Pacific Electric Building,Southern Pacific Transportation Company
