col0,col1,col2,col3
Violin Sonata No. 2,piano,A minor,Alfred Hill
Violin Sonata No. 3,piano,A minor,Alfred Hill
Violin Sonata,piano,E minor,Edward Elgar
"Violin Sonata No. 2 in F Minor, Op. 6",piano,F minor,George Enescu
Violin Sonata,piano,E-flat major,Richard Strauss
Violin sonata in E major,violin,E major,George Frideric Handel
Violin sonata in D major,violin,D major,George Frideric Handel
Violin sonata in F major,violin,F major,George Frideric Handel
Violin sonata in G minor,violin,G minor,George Frideric Handel
Violin sonata in G minor,violin,G minor,George Frideric Handel
Violin sonata in A major,violin,A major,George Frideric Handel
Violin Sonatina,piano,G major,Antonín Dvořák
Violin Sonata No. 4,piano,A minor,Ludwig van Beethoven
Violin Sonata No. 27,piano,G major,Wolfgang Amadeus Mozart
Violin Sonata No. 23,piano,D major,Wolfgang Amadeus Mozart
"Violin Sonata in E-flat Major, K. 481",piano,E-flat major,Wolfgang Amadeus Mozart
Violin Sonata No. 28,piano,E-flat major,Wolfgang Amadeus Mozart
Violin Sonata No. 25,piano,F major,Wolfgang Amadeus Mozart
Violin Sonata No. 24,piano,F major,Wolfgang Amadeus Mozart
Violin Sonata No. 32,piano,B-flat major,Wolfgang Amadeus Mozart
