col0,col1,col2,col3
Arnhem,Rhine,0893-01-01,Gelderland
Buenos Aires,Río de la Plata,1536-01-01,Argentina
Nur-Sultan,Ishim River,1832-01-01,Kazakhstan
Zagreb,Sava,1094-01-01,Croatia
Prague,Vltava,0965-01-01,Czech Republic
Hamburg,Alster,0810-01-01,Germany
Moscow,Moskva River,1147-04-11,Russia
Amsterdam,Amstel,1275-01-01,Amsterdam
São Paulo,Pinheiros River,1554-02-04,São Paulo
Ostrava,Oder,1267-01-01,Ostrava-City District
Winterthur,Töss,0919-01-01,Winterthur District
Toulouse,Garonne,0106-01-01,Haute-Garonne
Eindhoven,Eindhovensch Kanaal,0701-01-01,North Brabant
Dushanbe,Kofarnihon River,1676-01-01,Tajikistan
Bishkek,Ala-Archa River,1760-01-01,Kyrgyzstan
Haarlem,Spaarne,0901-01-01,North Holland
Baku,Caspian Sea,0401-01-01,Azerbaijan
Damascus,Barada,-2499-01-01T00:00:00Z,Damascus Governorate
Tegucigalpa,Choluteca River,1578-01-01,Francisco Morazán Department
Ingolstadt,Danube,0806-01-01,Upper Bavaria
