col0,col1,col2
Ģibuļi Parish,319.550791,2166
Kurmāle Parish,113.85397,1938
Krimulda Parish,178.341842,3639
Krape Parish,72.468745,624
Kabile Parish,178.660161,715
Jumprava Parish,87.082581,1745
Jaunsāti Parish,95.26483,888
Līvbērze Parish,146.120383,1993
Priekule Parish,152.770833,529
Ošupe Parish,224.297,949
Murmastiene Parish,173.355844,681
Mētriena Parish,140.246339,632
Mārciena Parish,89.74,885
Liezēre Parish,254.921089,1207
Lazdona Parish,22.258,651
Ļaudona Parish,204.334367,1257
Kalsnava Parish,146.90676,1668
Jumurda parish,130.220028,226
Indrāni Parish,342.585245,716
Dzelzava Parish,122.83,1179
