col0,col1,col2
Caraș County,Kingdom of Hungary,1925-01-01
Somogy County,Kingdom of Hungary,1001-01-01
Udvarhely County,Kingdom of Hungary,1876-01-01
Hunyad County,Kingdom of Hungary,1265-01-01
Szilágy County,Kingdom of Hungary,1876-01-01
Máramaros County,Kingdom of Hungary,1876-01-01
Gömör és Kis-Hont County,Kingdom of Hungary,1786-01-01
Fogaras County,Kingdom of Hungary,1876-01-01
Ugocsa County,Kingdom of Hungary,1876-01-01
Doboka County,Kingdom of Hungary,1100-01-01
Csík County,Kingdom of Hungary,1876-01-01
Brassó County,Kingdom of Hungary,1876-01-01
Beszterce-Naszód County,Kingdom of Hungary,1876-01-01
Háromszék County,Kingdom of Hungary,1876-01-01
Győr County,Kingdom of Hungary,1598-01-01
Kraszna County,Kingdom of Hungary,1571-01-01
Torda-Aranyos County,Kingdom of Hungary,1876-01-01
Alsó-Fehér County,Kingdom of Hungary,1876-01-01
Krassó-Szörény County,Kingdom of Hungary,1881-01-01
Nagy-Küküllő County,Kingdom of Hungary,1876-01-01
