col0,col1,col2
Lewis Ranch Airport,Lewis Private Airport,1989-01-11
Meadowlark Airport,Meadowlark Airport,1999-01-07
Meadowlark Airport,Meadowlark Airport,1976-01-12
Miller Air Park,Miller Airport,1949-01-09
Lund Airport,Lund Airport,2006-01-06
Lakeside Airport,Lakeside heliport,2007-01-09
Kucera Residence Airport,Kucera Seaplane Base,2002-01-07
Aero Estates Airport,Aero Estates Airport,1985-01-11
Adams Airport,Adams Airport,1991-01-03
Anderson Airport,Anderson Airport,2002-01-04
B & C Airport,B & D Flyers International Airport,1994-01-08
Alexander Ranch Airport,Alexander Ranch Airport,1968-01-07
Anderson Airport,Anderson Airport,1955-01-01
Anderson Airport,Anderson Airport,2011-01-02
Baker Airport,Baker Airport,1993-01-03
Baker Airport,Baker Airport,1987-01-02
Johnson Airport,Johnson Airport,1961-01-03
Johnson Airport,Johnson Airport,1971-01-10
Hilltop Airport,Hilltop Airport,2004-01-07
Johnson Airstrip,Johnson Private Airport,1982-01-06
