col0,col1,col2
Teatro Municipale di Piacenza,Italian national heritage,Lotario Tomba
South Bohemian Theatre,cultural monument of the Czech Republic,Zdeněk Vávra
Severočeské divadlo opery a baletu,cultural monument of the Czech Republic,Alexander Graf
Wakefield Town Hall and Opera House,place listed on the National Register of Historic Places,Alvah T. Ramsdell
Woodsville Opera House,place listed on the National Register of Historic Places,C. Willis Damon
Wheeler Opera House,place listed on the National Register of Historic Places,Willoughby J. Edbrooke
Parker's Opera House,place listed on the National Register of Historic Places,William Foster
Tivoli Theatre,place listed on the National Register of Historic Places,R. H. Hunt
Trocadero Theatre,place listed on the National Register of Historic Places,Edwin Forrest Durang
Warren Opera House Block and Hetherington Block,place listed on the National Register of Historic Places,Charles E. Bell
Théâtre Favart,monument historique classé,Jean-François Heurtier
Teatro Sociale,Italian national heritage,Giuseppe Zanoia
Estonia Theatre,historical monument,Armas Lindgren
Teatro del Libertador General San Martín,national monument of Argentina,Francesco Tamburini
Old building of the Slovak National Theatre,Cultural Heritage Monuments of Slovakia,Fellner & Helmer
Oradea State Theatre,historic monument,Fellner & Helmer
Teatro Girolamo Magnani,Italian national heritage,Nicola Bettoli
Teatro Rossini,Italian national heritage,Antonio Galli da Bibiena
Building of National Theatre in Prague,cultural monument of the Czech Republic,Bohuslav Fuchs
Městské divadlo Jablonec nad Nisou,cultural monument of the Czech Republic,Ferdinand Fellner
