col0,col1,col2
Platte County,93310,"National Register of Historic Places listings in Platte County, Missouri"
Perry County,19072,"National Register of Historic Places listings in Perry County, Missouri"
Osage County,13688,"National Register of Historic Places listings in Osage County, Missouri"
Newton County,58845,"National Register of Historic Places listings in Newton County, Missouri"
Nodaway County,23261,"National Register of Historic Places listings in Nodaway County, Missouri"
Montgomery County,11965,"National Register of Historic Places listings in Montgomery County, Missouri"
Monroe County,8774,"National Register of Historic Places listings in Monroe County, Missouri"
Moniteau County,15748,"National Register of Historic Places listings in Moniteau County, Missouri"
Miller County,25092,"National Register of Historic Places listings in Miller County, Missouri"
Madison County,12431,"National Register of Historic Places listings in Madison County, Missouri"
Macon County,15544,"National Register of Historic Places listings in Macon County, Missouri"
Linn County,12368,"National Register of Historic Places listings in Linn County, Missouri"
Lewis County,10152,"National Register of Historic Places listings in Lewis County, Missouri"
Lafayette County,32943,"National Register of Historic Places listings in Lafayette County, Missouri"
Jefferson County,221396,"National Register of Historic Places listings in Jefferson County, Missouri"
Howard County,10257,"National Register of Historic Places listings in Howard County, Missouri"
Howell County,40393,"National Register of Historic Places listings in Howell County, Missouri"
Henry County,22059,"National Register of Historic Places listings in Henry County, Missouri"
Grundy County,10355,"National Register of Historic Places listings in Grundy County, Missouri"
Greene County,283870,"National Register of Historic Places listings in Greene County, Missouri"
