col0,col1,col2,col3
Monte Rio,13,1152,5.118954
Coronaca,170,170,4.364241
Lund,5580,282,4.391574
Klukwan,83,98,4.898965
Collinsville,141,1823,36.972634
Nānākuli,3,12666,17.005817
Calcutta,340,3742,30.765232
Loma Rica,410,2368,47.87628
Acres Green,1778,3007,1.5634
Home Garden,75,1761,1.15109
Gila,1389,314,24.329918
Wilberforce,307,2271,8.042076
Village Park,331,9625,2400000
Shingletown,1064,2283,63.748132
Littletown,828,1010,0.322698
Manatee Road,30,2244,34.76904
Turley,194,2756,9.39555
Bessemer Bend,1596,199,4.078554
Tanque Verde,814,16195,85.278243
"Naco, Arizona",1405,1046,8.553956
West Bishop,1342,2607,22.68726
Delway,38,270,24.923726
Cutlerville,206,15114,15.239712
Oak Hills Place,1097,8195,8.182008
Icard,364,2664,9.934236
Shandon,317,1295,7.752235
Leupp,1452,951,35.120845
Tupman,101,161,1.367277
Waimānalo,9,5451,11.3
Poston,102,369,3.530204
Second Mesa,1737,814,103.959762
Home Gardens,204,11570,3.919101
Lone Pine,3727,2035,49.767757
Shannon,212,1862,13.010326
Lubeck,230,1311,11.033159
Williston Highlands,92,2275,29.313807
Cheval,18,10702,17.592497
Twin Lake,212,1720,7.580442
Greasy,270,372,53.068435
Pearl River,160,3156,80.451748
