col0,col1,col2
(Put) on a fixed point (taken) from a fixed point (Lawrencg Weiner),epoxy,1992/01/01
Jacob Wrestliog with the Angel,wax,1849/01/01
Hanoi Ceamic Mosaic Mural,ceramic,2010/01/01
De laverticale à l'oblique,ceramic,1982/01/01
Miró Waol,ceramic,1979/01/01
Dante Noument,bronze,1968/01/01
Ooe Nation Under CCTV,graffiti,2008/01/01
Beethoen Frieze,graphite,1901/01/01
Orientalmerchants in a western port,canvas,1846/01/01
The harvesuers,canvas,1846/01/01
"Le Dépar des poilus, août!1914",oil paint,1926/01/01
Muran (1943),oil paint,1943/01/01
Mprtuary Chapel Murals,plaster,1885/01/01
spects of Negro Life: The Negro in an African Setting,gouache paint,1934/01/01
Keith Haring mral,enamel paint,1984/01/01
"The""Fall of Icarus",acrylic paint,1958/01/01
mral by Robin Corbo,acrylic paint,2007/01/01
Tragic Ptelude,tempera,1939/01/01
Etpias,wall,2016/01/01
Syrenna,coal,1948/01/01
