col0,col1,col2
Busan Galmaetgil,South Korea,2010-01-01
Independence Trail Tel Aviv,Israel,2018-01-01
Grist Mill Trail,United States of America,2003-01-01
Ohio and Erie Canal Towpath Trail,United States of America,1993-01-01
Northeast Texas Trail,United States of America,2011-01-01
Arabia Mountain Path,United States of America,2006-01-01
Kokoda Track Memorial Walkway,Australia,1994-01-01
Paint Creek Trail,United States of America,1983-01-01
North Shore State Trail,United States of America,1975-01-01
Mountains-to-Sea Trail,United States of America,2000-01-01
Mount McConnel National Recreation Trail,United States of America,1936-01-01
Mineral Belt National Recreation Trail,United States of America,2000-07-29
Kalamazoo River Valley Trail,United States of America,1991-01-01
Junction and Breakwater Trail,United States of America,2003-01-01
Kreuzweg Kirchhaslach,Germany,1740-07-22
Hertenkamplaan,Netherlands,1938-02-21
Jones Falls Trail,United States of America,1999-01-01
Gwynns Falls Trail,United States of America,1999-01-01
York County Heritage Rail Trail,United States of America,1999-01-01
Tsar's Path,Russia,1861-01-01
