col0,col1,col2
Saint-Paul-de-la-Croix,309,85.9
Saint-Norbert,1003,74.78
Saint-Nazaire-de-Dorchester,363,51.6
Saint-Nazaire-d'Acton,884,58.2
Saint-Narcisse-de-Rimouski,961,169.4
Saint-Narcisse-de-Beaurivage,1106,60.8
Saint-Narcisse,1832,106.9
Saint-Moïse,580,110.4
Saint-Maurice,3286,91.34
Saint-Martin,2477,119.9
Saint-Marcellin,353,120
Saint-Marc-du-Lac-Long,397,155.9
Saint-Marc-de-Figuery,834,92.8
Saint-Majorique-de-Grantham,1388,58.8
Saint-Léon-le-Grand,928,75.9
Saint-Léon-le-Grand,953,128.47
Saint-Léon-de-Standon,1127,136.2
Saint-Léandre,400,104.7
Saint-Lambert,194,101.3
Saint-Jules,539,55.7
Saint-Joseph-de-Lepage,523,32
Saint-Joseph-de-Kamouraska,391,86.5
Saint-Joachim,1441,35.1
Saint-Jean-de-Cherbourg,165,112.9
Saint-Jacques-le-Majeur-de-Wolfestown,188,61.6
Saint-Isidore,2608,52.2
Saint-Irénée,641,131.8
Saint-Hilarion,1127,101
Saint-Hilaire-de-Dorset,95,189.4
Saint-Gérard-Majella,242,38.2
Saint-Gilbert,296,37.4
Saint-Germain,286,91.6
Saint-Frédéric,1044,72.3
Saint-François-Xavier-de-Brompton,2273,98.9
Saint-Fabien-de-Panet,954,188.8
Saint-Fabien,1837,124.1
Saint-Eusèbe,593,131
Saint-Eugène-de-Ladrière,364,354.3
Saint-Elphège,270,42.2
Saint-Edmond-de-Grantham,762,48.6
Saint-Donat,876,95.3
Saint-Didace,652,100.5
Saint-Damase,356,118.2
Saint-Cyrille-de-Lessard,718,231.4
Saint-Cyprien,490,94.2
Saint-Cléophas,343,98.49
Saint-Clément,460,79.9
Saint-Christophe-d'Arthabaska,3021,69.2
Saint-Charles-Garnier,240,84.8
Saint-Camille-de-Lellis,752,251.5
Saint-Barthélemy,1934,105.7
Saint-Barnabé,1196,59.2
Saint-Augustin,339,104
Saint-Augustin-de-Woburn,692,284.1
Saint-Arsène,1230,70.4
Saint-Antoine-de-l'Isle-aux-Grues,144,24.1
Saint-Anaclet-de-Lessard,3071,128.2
Saint-Alexis-des-Monts,2981,1135.8
