col0,col1,col2
Magearna,gray,list of Pokémon introduced in Generation VII
Tapu Bulu,red,list of Pokémon introduced in Generation VII
Comfey,green,list of Pokémon introduced in Generation VII
Mimikyu,yellow,list of Pokémon introduced in Generation VII
Tapu Koko,yellow,list of Pokémon introduced in Generation VII
Cutiefly,yellow,list of Pokémon introduced in Generation VII
Mawile,black,list of Pokémon introduced in Generation III
Ralts,white,list of Pokémon introduced in Generation III
Kirlia,white,list of Pokémon introduced in Generation III
Gardevoir,white,list of Pokémon introduced in Generation III
Azurill,blue,list of Pokémon introduced in Generation III
Arceus,gray,list of Pokémon introduced in Generation IV
Togekiss,white,list of Pokémon introduced in Generation IV
Wigglytuff,pink,list of Pokémon introduced in Generation I
Whimsicott,green,list of Pokémon introduced in Generation V
Cottonee,green,list of Pokémon introduced in Generation V
Togetic,white,list of Pokémon introduced in Generation II
Togepi,white,list of Pokémon introduced in Generation II
Azumarill,blue,list of Pokémon introduced in Generation II
Marill,blue,list of Pokémon introduced in Generation II
