col0,col1,col2
.win,.wine,Famous Four Media
.review,.reviews,Famous Four Media
.men,.menu,Famous Four Media
.webcam,.camera,Famous Four Media
.market,.marketing,Rightside Group
.autos,.auto,Dominion Registries
.gop,.republican,Republican State Leadership Committee
.theater,.theatre,Donuts
.cruises,.cruise,Donuts
.bingo,.bing,Donuts
.loans,.loan,Donuts
.accountants,.accountant,Donuts
.careers,.jobs,Donuts
.university,.edu,Donuts
.loan,.loans,Famous Four Media
.accountant,.accountants,Famous Four Media
.reviews,.review,Rightside Group
.photo,.photography,Uniregistry
.auto,.autos,XYZ
.photography,.photo,Donuts
