col0,col1,col2
gospel music,gospel musician,Christian music
classical music,classical composer,art music
Gregorian chant,gregorianist,chorale
pop music,pop singer,popular music
rock music,rock musician,popular music
jazz,jazz musician,popular music
country music,country musician,pop music
yodeling,yodeler,singing
heavy metal,heavy metal musician,rock music
funk,funk musician,music
electronic music,electronic musician,music
blues,blues shouter,music
turntablism,turntablist,hip hop music
vocal jazz,jazz singer,jazz
spoken word,spoken word artist,poetry
estrada,estrada artist,performing arts
art lyrique,opera singer,classical music
children's music,children's entertainer,music
church music,Christian,religious music
guitar music,guitarist,music
