col0,col1,col2
Kitamorokata District,Mimata,Miyazaki Prefecture
Satsuma District,Satsuma,Kagoshima Prefecture
Ōshima District,Yamato,Kagoshima Prefecture
Higashi-Matsuura District,Genkai,Saga Prefecture
Kanzaki District,Yoshinogari,Saga Prefecture
Miyaki District,Kiyama,Saga Prefecture
Hino District,Hino,Tottori Prefecture
Yazu District,Wakasa,Tottori Prefecture
Hayami District,Hiji,Ōita Prefecture
Yatsushiro District,Hikawa,Kumamoto Prefecture
Ashikita District,Ashikita,Kumamoto Prefecture
Kikuchi District,Ōzu,Kumamoto Prefecture
Shimomashiki District,Misato,Kumamoto Prefecture
Taka District,Taka,Hyōgo Prefecture
Taki District,Meiwa,Mie Prefecture
Kita-Katsushika District,Sugito,Saitama Prefecture
Chiisagata District,Aoki,Nagano Prefecture
Ōshima District,Suō-Ōshima,Yamaguchi Prefecture
Kumage District,Kaminoseki,Yamaguchi Prefecture
Chikujō District,Chikujō,Fukuoka Prefecture
