col0,col1,col2,col3
Iman,174,2,52
Sushmita Sen,173,2,54
Hana Mandlíková,173,2,60
Fabio Fognini,178,2,74
Julie Halard-Decugis,173,2,56.6
Johanna Klier,176,2,70
Luisana Lopilato,1.68,2,50
Marja-Liisa Kirvesniemi,176,2,70
Ineta Radēviča,178,2,56
Karolina Šprem,175,2,61
Valentina Vezzali,164,2,53
Irena Szewińska,176,2,60
Gisela Dulko,170,2,56
Zsolt Borkai,175,2,68
Sergio Romero,191,2,86
Flavia Pennetta,172,2,58
Marcos Baghdatis,178,2,82
Cindy Crawford,176,2,59
Eva Rueber-Staier,170,1,55
Andy Roddick,188,1,88
