col0,col1,col2,col3,col4
1990 United States Grand Prix,auto racing,1990 Formula One season,Ayrton Senna,72
2017 United States Grand Prix,auto racing,2017 Formula One season,Lewis Hamilton,56
2016 United States Grand Prix,auto racing,2016 Formula One season,Lewis Hamilton,308.896
2015 United States Grand Prix,auto racing,2015 Formula One season,Lewis Hamilton,308.405
2014 United States Grand Prix,auto racing,2014 Formula One season,Lewis Hamilton,56
2012 United States Grand Prix,auto racing,2012 Formula One season,Lewis Hamilton,56
2007 United States Grand Prix,auto racing,2007 Formula One season,Lewis Hamilton,73
2006 United States Grand Prix,auto racing,2006 Formula One season,Michael Schumacher,73
2005 United States Grand Prix,auto racing,2005 Formula One season,Michael Schumacher,73
2004 United States Grand Prix,auto racing,2004 Formula One season,Michael Schumacher,73
2003 United States Grand Prix,auto racing,2003 Formula One season,Michael Schumacher,73
2000 United States Grand Prix,auto racing,2000 Formula One season,Michael Schumacher,73
1969 United States Grand Prix,auto racing,1969 Formula One season,Jochen Rindt,108
1972 United States Grand Prix,auto racing,1972 Formula One season,Jackie Stewart,59
1968 United States Grand Prix,auto racing,1968 Formula One season,Jackie Stewart,108
1967 United States Grand Prix,auto racing,1967 Formula One season,Jim Clark,108
1966 United States Grand Prix,auto racing,1966 Formula One season,Jim Clark,108
1962 United States Grand Prix,auto racing,1962 Formula One season,Jim Clark,100
1965 United States Grand Prix,auto racing,1965 Formula One season,Graham Hill,110
1964 United States Grand Prix,auto racing,1964 Formula One season,Graham Hill,110
