col0,col1,col2
Phi Phi Islands,12.25,1
Gambier Islands,31,441
Antipodes Island Group,22,12
Ertholmene,0.39,22
Socotra Archipelago,3796,1503
Bocas del Toro Archipelago,250,0
Manawatāwhi/Three Kings Islands,4.86,295
Leeward Islands,395,1017
Gjesværstappan,1.7,283
Out Skerries,4,43
Frioul archipelago,193.5,89
West Estonian archipelago,3933,54
Exuma,250,5
Similan Islands,140,244
Magdalen Islands,205.53,155
Medvezhyi Islands,60,273
Elaphiti Islands,30,243
Nordenskiöld Archipelago,309,107
Lihir Group,205,853
Aleipata Islands,1.68,195
