col0,col1,col2
St. Anthony's Parish House,Prince County,Woodstock
St. Michael's Parish House,Belfast,Iona
Kirchenplatz 12,Lich,Langsdorf (Lich)
"Presbytery, Roman Catholic Church Of St Mary, Arisaig",Highland,"Roman Catholic Church Of St Mary, Arisaig"
Pfarrhaus Ouren,Burg-Reuland,Ouren
Pfarrhaus Walhorn,Lontzen,Walhorn
Evangelische Kirche St. Johannes mit Pfarrhaus und Friedhof,Kelmis,Neu-Moresnet
Parish Mansion,Radovljica Municipality,Radovljica
Pfarrhaus Thommen,Burg-Reuland,Thommen
Presbytery of the Roman Catholic Church of St Mary (The Hidden Gem),Manchester,Manchester
St. Paul's Anglican Rectory,Madawaska Valley,Combermere
Vicarage of St John Baptist,Liverpool,Tuebrook
H. C. Keck House,Portland,Eliot
Hospital Parish Rectory,Ljubljana City Municipality,Ljubljana
St. Nicholas's Rectory,Ljubljana City Municipality,Ljubljana
Pfarrhaus St. Christina,Ravensburg,"St. Christina, Ravensburg"
Museum Betje Wolff,Beemster,Middenbeemster
"Kerkplein 4, Abbenbroek",Bernisse,Abbenbroek
Hervormde pastorie (Wetsinge),Winsum,Wetsinge
"Heilig Hartkerk, Maarssen",Stichtse Vecht,Maarssen
