col0,col1,col2
Honoré Mercier Bridge,Kahnawake,1933.19
Viaduc du Furan,Dionay,64
Wuhu Yangtze River Bridge,Wuhu,10521
Syzran Bridge,Oktyabrsk,1436
Big Four Bridge,Louisville,2525
New Ulyanovsk Bridge,Ulyanovsk,5825
Old Railway Bridge,Belgrade,377.4
Ellis Bridge,Ellis bridge,480
San Juanico Bridge,Santa Rita,2160
Commodore Barry Bridge,Chester,4240.38
Hochdonn High Bridge,Hochdonn,2218
Tokyo Gate Bridge,Kōtō-ku,2618
Victoria Bridge,Saint-Lambert,1800
The Rolling Bridge,Paddington,12
Memorial Bridge,Bangkok,678
Krasnoyarsk Bridge,Krasnoyarsk,1
Bridge of the Americas,Balboa,1654
Hartland Bridge,"Hartland, New Brunswick",391
Bridge of the Gods,Cascade Locks,565
Blue Water Bridge,Port Huron,1900
