col0,col1,col2
The Annunciation to Mary (Diptych),Master of 1499,oak
The Adoration of the Kings,Jacques Daret,oak
The Visitation,Jacques Daret,oak
The Presentation in the Temple,Jacques Daret,oak
The Loose Society,Brunswick Monogrammist,oak
Christ Appears to Mary,Juan de Flandes,oak
Rest on the Flight to Egypt,Joachim Patinir,oak
Market Woman at the Vegetable Stall,Pieter Aertsen,oak
"Mary with the Child, St. Barbara and a Carthusian Monk",Petrus Christus,oak
Portrait of Two Canons,Antonis Mor,oak
Basilicas San Lorenzo and San Sebastiano,Master L. F.,spruce
Basilica Santa Croce,Hans Burgkmair the Elder,spruce
Basilica San Pietro,Hans Burgkmair the Elder,spruce
Basilica San Giovanni in Laterano,Hans Burgkmair the Elder,fir wood
Venus and Cupid,Lucas Cranach the Elder,fir wood
Basilica Santa Maria Maggiore,Hans Holbein the Elder,fir wood
The Birth of Christ,Albrecht Altdorfer,lime
A Mountain Lake,"William Louis Sonntag, Sr.",oil paint
Band Concert,Philip Campbell Curtis,oil paint
The Road to Calvary,anonymous,oil paint
