col0,col1,col2
The Remix,My Everything,Ariana Grande's albums in chronological order
I Remixed,I,Felix Jaehn discography
Rouge Remixes,Rouge,Rouge discography
Torn Down,Bestival Live 2011,The Cure discography
The Reworks,Immersion,Pendulum discography
Shakira Remixed,Oral Fixation Vol. 2,Shakira discography
Koda Kumi Driving Hit's 8,And,Koda Kumi discography
Recharged,Studio Collection,Linkin Park discography
Tron: Legacy Reconfigured,Tron: Legacy,Daft Punk discography
Kylie's Remixes Volume 1,The Kylie Collection,Kylie Minogue remix albums discography
Greatest Hits 87–97,Greatest Hits 1987–1999,Kylie Minogue remix albums discography
Let It Be… Naked,1,The Beatles remix albums discography
Shut Up and Dance The Dance Mixes,Forever Your Girl,Paula Abdul discography
The Remixes,Pies Descalzos,Shakira discography
Remixed,As I Am,Alicia Keys discography
Reanimation,Hybrid Theory,Linkin Park discography
Outrageous,Heart of Stone,Cher discography
Greatest Remix Hits 1,Impossible Remixes,Kylie Minogue remix albums discography
Essential Mixes,Boombox,Kylie Minogue remix albums discography
Mixes,Kylie's Non-Stop History 50+1,Kylie Minogue remix albums discography
