col0,col1,col2
Saitobaru-Sugiyasukyō Prefectural Natural Park,1958-01-01,Miyazaki Prefecture
Osuzu Prefectural Natural Park,1958-01-01,Miyazaki Prefecture
Chichibu Tama Kai National Park,1950-01-01,Saitama Prefecture
Jinba Sagamiko Prefectural Natural Park,1983-01-01,Kanagawa Prefecture
Rakanzan Prefectural Natural Park,1962-01-01,Yamaguchi Prefecture
Chōmonkyō Prefectural Natural Park,1962-01-01,Yamaguchi Prefecture
Hannan-Misaki Prefectural Natural Park,2011-01-01,Ōsaka Prefecture
Setonaikai National Park,1934-03-16,Ōsaka Prefecture
Mineokasankei Prefectural Natural Park,1935-01-01,Chiba Prefecture
Kasamori Tsurumai Prefectural Natural Park,1966-01-01,Chiba Prefecture
Nakuidake Prefectural Natural Park,1956-01-01,Aomori Prefecture
Kuroishi Onsenkyō Prefectural Natural Park,1958-01-01,Aomori Prefecture
Iwaki Kōgen Prefectural Natural Park,1958-01-01,Aomori Prefecture
Asamushi-Natsudomari Prefectural Natural Park,1953-01-01,Aomori Prefecture
Tsugaru Shirakami Prefectural Natural Park,1981-01-01,Aomori Prefecture
Towada-Hachimantai National Park,1936-02-01,Iwate Prefecture
Kenjōsan Mangokuura Prefectural Natural Park,1979-01-01,Miyagi Prefecture
Futakuchi Kyōkoku Prefectural Natural Park,1947-01-01,Miyagi Prefecture
Funagata Renpō Prefectural Natural Park,1962-01-01,Miyagi Prefecture
Sanriku Fukkō National Park,2013-01-01,Miyagi Prefecture
