col0,col1,col2,col3,col4,col5,col6
Hurricane Kenneth,115,Pacific hurricane,2005-09-14,2005 Pacific hurricane season,947,North-East Pacific Ocean
Hurricane Pauline,115,Pacific hurricane,1997-10-05,1997 Pacific hurricane season,948,North-East Pacific Ocean
Hurricane Nora,115,Pacific hurricane,1997-09-16,1997 Pacific hurricane season,950,North-East Pacific Ocean
Hurricane Jimena,135,Pacific hurricane,2009-08-28,2009 Pacific hurricane season,931,North-East Pacific Ocean
Hurricane Felicia,125,Pacific hurricane,2009-08-03,2009 Pacific hurricane season,935,North-East Pacific Ocean
Hurricane Adrian,120,Pacific hurricane,2011-06-07,2011 Pacific hurricane season,944,North-East Pacific Ocean
Hurricane Dora,135,Pacific hurricane,2011-01-01,2011 Pacific hurricane season,929,North-East Pacific Ocean
Hurricane Hilary,125,Pacific hurricane,2011-09-21,2011 Pacific hurricane season,942,North-East Pacific Ocean
Hurricane Fausto,125,Pacific hurricane,2002-08-21,2002 Pacific hurricane season,936,North-East Pacific Ocean
Hurricane Gladys,120,Atlantic hurricane,1975-09-22,1975 Atlantic hurricane season,939,Atlantic Ocean
Hurricane Michelle,120,Atlantic hurricane,2001-10-29,2001 Atlantic hurricane season,934,Atlantic Ocean
Hurricane Iris,125,Atlantic hurricane,2001-10-04,2001 Atlantic hurricane season,948,Atlantic Ocean
Hurricane Isaac,120,Atlantic hurricane,2000-09-21,2000 Atlantic hurricane season,943,Atlantic Ocean
Hurricane Keith,120,Atlantic hurricane,2000-09-28,2000 Atlantic hurricane season,941,Atlantic Ocean
Hurricane Gabrielle,125,Atlantic hurricane,1989-08-30,1989 Atlantic hurricane season,937,Atlantic Ocean
Hurricane Lili,125,Atlantic hurricane,2002-09-21,2002 Atlantic hurricane season,940,Atlantic Ocean
Hurricane Greta–Olivia,115,Atlantic hurricane,1978-09-13,1978 Atlantic hurricane season,947,Atlantic Ocean
Hurricane Ella,120,Atlantic hurricane,1978-08-30,1978 Atlantic hurricane season,956,Atlantic Ocean
Hurricane Diana,115,Atlantic hurricane,1984-09-08,1984 Atlantic hurricane season,949,Atlantic Ocean
Hurricane Edouard,125,Atlantic hurricane,1996-08-19,1996 Atlantic hurricane season,933,Atlantic Ocean
