col0,col1,col2
Bukabunia Union,7005,5453
Kirtipasha Union,4816,4035
Bidyanandapur Union,7667,2855
"Bahrampur Union, Dashmina",9931,3677
"Bali Para Union, Zianagar",9359,6528
Balaganj Union,5921,4565
Shikarpur Union,4876,6341
Shayestabad Union,11318,4983
"Lohalia Union, Patuakhali Sadar",7342,3825
"Lebukhali Union, Dumki",7215,2607
Lalmohan union,3736,3357
Lord Hardinge union,11363,5577
Lata Chapli Union,15544,5872
"Lowkathi Union, Patuakhali Sadar",8380,5874
Lata Union,7141,4209
Rangasree Union,10379,7336
"Rangopaldi Union, Dashmina",25225,5112
"Ratandi Taltali Union, Galachipa",7396,4557
Mohanpur Union,6151,3127
Mollarhat Union,4824,3733
