col0,col1,col2,col3,col4
1975 Grand Prix de Plumelec-Morbihan,1976 Grand Prix de Plumelec-Morbihan,Georges Talbourdet,1975-01-01,road bicycle racing
1976 Grand Prix de Plumelec-Morbihan,1977 Grand Prix de Plumelec-Morbihan,Robert Alban,1976-01-01,road bicycle racing
2002 Grand Prix de Plumelec-Morbihan,2003 Grand Prix de Plumelec-Morbihan,Nicolas Vogondy,2002-06-01,road bicycle racing
1997 Grand Prix de Plumelec-Morbihan,1998 Grand Prix de Plumelec-Morbihan,Christophe Agnolutto,1997-07-24,road bicycle racing
2000 Grand Prix de Plumelec-Morbihan,2001 Grand Prix de Plumelec-Morbihan,Serguei Yakovlev,2000-05-27,road bicycle racing
2009 Grand Prix de Plumelec-Morbihan,2010 Grand Prix de Plumelec-Morbihan,Blel Kadri,2009-05-30,road bicycle racing
1974 Grand Prix de Plumelec-Morbihan,1975 Grand Prix de Plumelec-Morbihan,Roger Pingeon,1974-01-01,road bicycle racing
2010 Grand Prix de Plumelec-Morbihan,2011 Grand Prix de Plumelec-Morbihan,Stéphane Augé,2010-05-29,road bicycle racing
1996 Grand Prix de Plumelec-Morbihan,1997 Grand Prix de Plumelec-Morbihan,Jaan Kirsipuu,1996-04-20,road bicycle racing
1995 Grand Prix de Plumelec-Morbihan,1996 Grand Prix de Plumelec-Morbihan,Jaan Kirsipuu,1995-05-20,road bicycle racing
2011 Grand Prix de Plumelec-Morbihan,2012 Grand Prix de Plumelec-Morbihan,Pierrick Fédrigo,2011-05-28,road bicycle racing
2017 Grand Prix de Plumelec-Morbihan,2018 Grand Prix de Plumelec-Morbihan,Samuel Dumoulin,2017-05-27,road bicycle racing
2016 Grand Prix de Plumelec-Morbihan,2017 Grand Prix de Plumelec-Morbihan,Samuel Dumoulin,2016-05-28,road bicycle racing
2013 Grand Prix de Plumelec-Morbihan,2014 Grand Prix de Plumelec-Morbihan,Samuel Dumoulin,2013-01-01,road bicycle racing
2012 Grand Prix de Plumelec-Morbihan,2013 Grand Prix de Plumelec-Morbihan,Samuel Dumoulin,2012-05-26,road bicycle racing
2006 Grand Prix de Plumelec-Morbihan,2007 Grand Prix de Plumelec-Morbihan,Samuel Dumoulin,2006-05-27,road bicycle racing
2015 Grand Prix de Plumelec-Morbihan,2016 Grand Prix de Plumelec-Morbihan,Thomas Voeckler,2015-05-30,road bicycle racing
2008 Grand Prix de Plumelec-Morbihan,2009 Grand Prix de Plumelec-Morbihan,Thomas Voeckler,2008-05-31,road bicycle racing
2004 Grand Prix de Plumelec-Morbihan,2006 Grand Prix de Plumelec-Morbihan,Thomas Voeckler,2004-05-29,road bicycle racing
1994 Grand Prix de Plumelec-Morbihan,1995 Grand Prix de Plumelec-Morbihan,Ronan Pensec,1994-05-28,road bicycle racing
