col0,col1,col2
Christ before Pilate,Kunsthalle Hamburg,Pilate's court
The Signs of the Zodiac,Luxembourg Palace,astrological sign
The Four Seasons,Bastia,the four seasons
Greverade Triptych,St. Anne's Museum,Crucifixion in the arts
True cross cycle,Gallerie dell'Accademia,True Cross
Legend of Saint Ursula,Dorsoduro,Saint Ursula
The Last Judgment,National Museum,angel
Marie de' Medici cycle,Louvre Museum,Marie de' Medici
Organ doors with saints,Gallerie dell'Accademia,Bartholomew the Apostle
"Saint Francis and a Bishop Saint, Saint John the Baptist and Saint Dominic",Getty Center,John the Baptist
Pine Trees,Tokyo National Museum,fog
Fête de la Fédération au Champ de Mars. 14 juillet 1790,Musée des Augustins,bishop
David and Goliath,Room 712,man
Portraits of Juan II Pardo and his Wives Anna Ingenieulandt and Maria Ancheman,Groeningemuseum,family
Diptych of Jean Carondelet,Room 811,Jan II Carondelet
Isenheim Altarpiece,Unterlinden Museum,music
St John Altarpiece,St. John's Hospital,Virgin Mary
Mérode Altarpiece,The Cloisters,Virgin Mary
Coronation of the Virgin,National Museum of Capodimonte,Virgin Mary
Triptych of Adriaan Reins,St. John's Hospital,Jesus Christ
