col0,col1,col2
Zonder titel 3/15,17,27
Portrait of Stepan Shahumyan,73,22.8
Cavalcade,11,16
Aparan,13,16.5
Geghard. on the wall of the sculpture church,34,24.5
To the sheep,34.5,25
Garni Gorge,25,34.5
Buffaloes on a nomadic,34.5,25
Mill in Garni,45,33
The peasant family in Garni,32.5,23.5
Rural family in Garni,33,25
Garni Villagers:,33.8,22.5
Leninakan after earthquake,33.8,24.5
Proud steed,25.5,19.5
Plowing,23.5,8
Zhang River,6.8,12
David of Sassoon,61,47
Armenian stylization,20,14.4
The ruins of the city of Ani,25,19
Armenian moonshine,18,24
