col0,col1,col2
HMS Nyasaland (K587),Providence,World War II
HMS Tobago (K585),Providence,World War II
HMS Montserrat (K586),Providence,World War II
HMS Labuan (K584),Providence,World War II
HMS Cayman,Providence,World War II
HMS Barbados (K504),Providence,World War II
HMS Bahamas (K503),Providence,World War II
HMS Antigua (K501),Providence,World War II
HMS Caicos (K505),Providence,World War II
HMCS Outremont,Quebec City,World War II
HMCS La Hulloise,Montreal,World War II
USS Manitowoc,Superior,World War II
USS Hingham,Superior,World War II
USS Groton,Superior,World War II
USS Grand Rapids,Superior,World War II
USS Gladwyne,Superior,World War II
USS Dearborn,Superior,World War II
USS Covington,Superior,World War II
USS Charlottesville,Superior,World War II
USS Charlotte,Superior,World War II
