col0,col1,col2
Port of Kiel,Baltic Sea,Germany
Port of İzmir,Gulf of İzmir,Turkey
Port of Hereke,Sea of Marmara,Turkey
Port of Tuzla,Sea of Marmara,Turkey
Port of Derince,Sea of Marmara,Turkey
Edincik Etibank Pier,Sea of Marmara,Turkey
Asyaport,Sea of Marmara,Turkey
Port of Tekirdağ,Sea of Marmara,Turkey
Port of Çeşme,Aegean Sea,Turkey
Assan Port Iskenderun,Mediterranean Sea,Turkey
Port of Isdemir,Mediterranean Sea,Turkey
Port of Antalya,Mediterranean Sea,Turkey
Port of Iskenderun,Mediterranean Sea,Turkey
Port of Filyos,Black Sea,Turkey
Port of Giresun,Black Sea,Turkey
Port of Hopa,Black Sea,Turkey
Port of Rize,Black Sea,Turkey
Port de Vilanova i la Geltrú,Mediterranean Sea,Spain
Port at Lekki,Atlantic Ocean,Nigeria
Puerto Rosales,Bahía Blanca,Argentina
