col0,col1,col2
Polling station no 1278 (Macedonia),Ohrid Municipality,North Macedonia
Polling station no 1277 (Macedonia),Ohrid Municipality,North Macedonia
Polling station no 1276 (Macedonia),Ohrid Municipality,North Macedonia
Polling station no 1275 (Macedonia),Ohrid Municipality,North Macedonia
Polling station no 1274 (Macedonia),Ohrid Municipality,North Macedonia
Polling station no 1273 (Macedonia),Ohrid Municipality,North Macedonia
Polling station no 1272 (Macedonia),Ohrid Municipality,North Macedonia
Polling station no 1271 (Macedonia),Ohrid Municipality,North Macedonia
Polling station no 1270 (Macedonia),Ohrid Municipality,North Macedonia
Polling station no 1269 (Macedonia),Ohrid Municipality,North Macedonia
Polling station no 13 (Macedonia),Berovo Municipality,North Macedonia
Polling station no 135 (Macedonia),Bitola Municipality,North Macedonia
Polling station no 134 (Macedonia),Bitola Municipality,North Macedonia
Polling station no 133 (Macedonia),Bitola Municipality,North Macedonia
Polling station no 132 (Macedonia),Bitola Municipality,North Macedonia
Polling station no 131 (Macedonia),Bitola Municipality,North Macedonia
Polling station no 130 (Macedonia),Bitola Municipality,North Macedonia
Polling station no 129 (Macedonia),Bitola Municipality,North Macedonia
Polling station no 128 (Macedonia),Bitola Municipality,North Macedonia
Polling station no 127 (Macedonia),Bitola Municipality,North Macedonia
