col0,col1,col2
Student Nurse Cadet Files (NAID 1151328),0,1948-01-01
Correspondence Concerning the Medical Staff (NAID 1151325),0,1948-01-01
Correspondence Concerning Health and Sanitation (NAID 1151324),0,1939-01-01
Economic Survey Records (NAID 1151321),0,1937-01-01
Report of the Sanitary Survey (NAID 1151274),0,1935-01-01
Survey of Needy Indians (NAID 1151270),0,1935-01-01
Medical Survey (NAID 1151265),0,1932-01-01
United States Census Schedule (NAID 1151253),0,1890-01-01
Receipt Roll of Indians Reimbursed for Seized Horses (NAID 1151118),0,1893-01-01
Statements of Guardianship (NAID 1151084),0,1903-01-01
Claims for Cash Annuity Payments (NAID 1151081),0,1910-01-01
Notebook Listing Persons Entitled to Per Capita Payments (NAID 1151068),0,1895-01-01
Registers of Unpaid Annuities (NAID 1151061),0,1918-01-01
Ration Tickets (NAID 1151048),0,1909-01-01
Vouchers and Abstracts of Articles Issued to Indians (NAID 1151039),0,1919-01-01
Notebooks Recording Issues and Stocks of Annuity Goods (NAID 1151029),0,1918-01-01
Estimates of Annuity Goods Required (NAID 1151023),0,1886-01-01
Index of Pro Rata Share Claims (NAID 1151019),0,1915-01-01
Contract for Attempt to Recover Land (NAID 1151014),0,1892-01-01
Land Purchase Reports (NAID 1151012),0,1938-01-01
