col0,col1,col2
Somosierra,Autovía A-1,Spain
Fotu La,National Highway 1,India
Zojila Pass,National Highway 1,India
Jablunkov Pass,European route E75,Czech Republic
Wildhaus Pass,Main road 16,Switzerland
Pacific Grade Summit,California State Route 4,United States of America
Mahoosuc Notch,Appalachian Trail,United States of America
Zealand Notch,Appalachian Trail,United States of America
Summit Pass,Alaska Highway,Canada
Muncho Pass,Alaska Highway,Canada
Pine Pass,Canadian National Railway,Canada
Dyulino Pass,Cherno More motorway,Bulgaria
Vitinya Pass,Hemus motorway,Bulgaria
Gate of Trajan,Trakia motorway,Bulgaria
Postojna Gate,A1 motorway,Slovenia
Packsattel,Süd Autobahn,Austria
Satus Pass,U.S. Route 97,United States of America
Blewett Pass,U.S. Route 97,United States of America
Kingman Pass,U.S. Route 89,United States of America
Vulcan Pass,Jiu River,Romania
