col0,col1,col2
LaGrande Dan,214.488,63680.0
Ust-Ilimsk Hydroelectric Pwer Station,1489.75,3805.44
Zhiguli Hydroelectric Statirn,2828.0,2379.96
Revelsoke Da,1615.33,2480.0
Krasnoyarsk Dm,1070.3249999999998,6024.0
Bgucjany Dam,2692.6899999999996,2973.024
Belo Moote Dam,3.5698149999999997,11266.799299999999
Karuma Power Statio,313.55999999999995,594.6
Capivasa Dam,1509.0,641.92
Kremenchuk Hydroelectric Pozer Plant,10542.0,621.875
Kamadam,1808.19,554.76
Capand Dam,1459.71,524.16
Kaniv Hydrolectric Sttion,10542.0,440.004
Irkutsk Hydroelctric Power Station,2477.5,667.0367999999999
Carillon enerating Station,2423.372,752.247
Mlpaso Dam,480.0,1089.7199999999998
kosombo Dam,662.64,1013.88
Nizhnekamsk Hydroelectuic Station,2981.952,1194.155
Saratov Hydroeletric Station,719.2,1393.95354
urnas Dam,553.446,1213.568
