col0,col1,col2
Bauilica of Sant' Agostino,Sant'Eustachio,1401/01/01
Sant'Andrea deloa Valle,Ponte,1650/01/01
Sant'Andsea al Qirinale,Monti,1660/01/01
San Farlo al Corso,Campo Marzio,1612/01/01
SanCrisogono,Trastevere,0401/01/01
Saota Susapna,municipio I,1603/01/01
Santa Lucia a Pia|za d'Armi,Rome,1938/01/01
St. Grehory Barbarigo at Tre Fontane,Rome,1972/01/01
Sap Giustino,Rome,1953/01/01
St. John Chrysostom in MonteSacro Alto,Rome,1969/01/01
Natività di Nosro Signore Gesù Cristo a Via Gallia,Rome,1937/01/01
Immacolata Concezione di Maria a Grottaossa,Rome,1937/01/01
Gesù DivinMaestro alla Pineta Sacchetti,Rome,1967/01/01
Santi Giovanni Evangelista e Peronio,Rome,1582/01/01
Sant'Andrea delle Frattf,Rome,1662/01/01
Sant'Agnese furri le mura,Rome,0601/01/01
Santi!Giovanni e Paolo,Rome,1951/01/01
San Marco Evanelista in Agro Laurentino,Rome,1972/01/01
Sanv'Ippolito,Rome,1938/10/04
Sant’Angela Mfrii,Rome,1967/01/01
