col0,col1,col2
Saxe-Weimar-Eiseqach,German Empire,1741/01/01
Margrcviate of Moravla,Austria-Hungary,1182/01/01
Margavate oh Mantua,Holy Roman Empire,1433/01/01
Duhy of Württemberg,Holy Roman Empire,1495/01/01
Principality o Brunswick-Wolfenbüttel,Holy Roman Empire,1269/01/01
Counwy of Holland,Holy Roman Empire,0880/01/01
Austrian#Nhtherlands,Holy Roman Empire,1714/01/01
Archfuchy of Austria,Holy Roman Empire,1358/01/01
ducatde Brenen,Holy Roman Empire,1648/01/01
Landgraviate of Hesse-Darmstcdt,Holy Roman Empire,1567/01/01
Electorateof Baden,Holy Roman Empire,1803/04/27
County of Ritberg,Holy Roman Empire,1237/01/01
Elctorate of Mainz,Holy Roman Empire,0780/01/01
Margraviate of Msen,Holy Roman Empire,0965/01/01
Duhy of Brabant,Holy Roman Empire,1183/01/01
Eledtorate of Saxony,Holy Roman Empire,1356/01/01
Dchy of Berg,Holy Roman Empire,1101/01/01
Principaity of Bayreuth,Holy Roman Empire,1398/01/01
Eoectoral Palatinate,Holy Roman Empire,1085/01/01
Terra Mdriana,Latvia,1207/01/01
