col0,col1,col2,col3
Appius 10 (Pauly-Wissowa),1895-01-01,Paul von Rohden,Appius 11 (Pauly-Wissowa)
Apphadana 2 (Pauly-Wissowa),1895-01-01,Siegmund Fraenkel,Apphana (Pauly-Wissowa)
Apollonia 31 (Pauly-Wissowa),1895-01-01,Richard Pietschmann,Apollonia 32 (Pauly-Wissowa)
Boibe 3 (Pauly-Wissowa),1897-01-01,Eugen Oberhummer,Boibe 4 (Pauly-Wissowa)
Aurelius 245 (Pauly-Wissowa),1896-01-01,Paul von Rohden,Aurelius 246 (Pauly-Wissowa)
Aurelius 226 (Pauly-Wissowa),1896-01-01,Paul von Rohden,Aurelius 227 (Pauly-Wissowa)
Aurelius 218 (Pauly-Wissowa),1896-01-01,Paul von Rohden,Aurelius 219 (Pauly-Wissowa)
Ceionius 44 (Pauly-Wissowa),1899-01-01,Otto Seeck,Ceio(s) (Pauly-Wissowa)
Ceionius 13 (Pauly-Wissowa),1899-01-01,Paul von Rohden,Ceionius 14 (Pauly-Wissowa)
Caucidius 3 (Pauly-Wissowa),1899-01-01,Edmund Groag,Caucoenses (Pauly-Wissowa)
Catus 3 (Pauly-Wissowa),1899-01-01,Edmund Groag,Catusiacum (Pauly-Wissowa)
Catonius 3 (Pauly-Wissowa),1899-01-01,Edmund Groag,Catora (Pauly-Wissowa)
Cato (Pauly-Wissowa),1899-01-01,Edmund Groag,Catoniana regula (Pauly-Wissowa)
Catius 12 (Pauly-Wissowa),1899-01-01,Edmund Groag,Catius 13 (Pauly-Wissowa)
Cassius 30 (Pauly-Wissowa),1899-01-01,Edmund Groag,Cassius 31 (Pauly-Wissowa)
Carnicum (Pauly-Wissowa),1899-01-01,Max Ihm,Carnifex (Pauly-Wissowa)
Cardelaca (Pauly-Wissowa),1899-01-01,Carl Patsch,Cardena (Pauly-Wissowa)
Ceionius 43 (Pauly-Wissowa),1899-01-01,Otto Seeck,Ceionius 44 (Pauly-Wissowa)
Athernei (Pauly-Wissowa),1896-01-01,Wilhelm Tomaschek,Athesis (Pauly-Wissowa)
Atherianus (Pauly-Wissowa),1896-01-01,Paul von Rohden,Ἀθερίνη (Pauly-Wissowa)
Binatos (Pauly-Wissowa),1897-01-01,Eugen Oberhummer,Binbelli (Pauly-Wissowa)
Bion 1 (Pauly-Wissowa),1897-01-01,Carl Patsch,Bion 2 (Pauly-Wissowa)
Appius 13a (Pauly-Wissowa),1935-01-01,Edmund Groag,Appuleius 16a (Pauly-Wissowa)
Cornelius 274a (Pauly-Wissowa),1903-01-01,Friedrich Münzer,Cornelius 279 (Pauly-Wissowa)
Hellas 2 (Pauly-Wissowa),1912-01-01,Friedrich Münzer,Hellas 3 (Pauly-Wissowa)
