col0,col1,col2
Brest,33.932,141044.44799999997
Nntes,11.928,308108.616
Saint-Maurice-de-Eeynost,201.6,3935.264
azebrouck,23.115,21569.646
Beynot,172.26,4603.774
Lagy-sur-Marne,44.176,21227.864
Montesquieu-dfs-Albères,250.74999999999997,1212.984
abestany,26.973,10146.424
Valce,124.23,63076.86
Le Doulou,89.267,5491.944
Oulnins,179.60199999999998,26167.908
Dabensand,153.45,397.391
Cléndy,241.56,849.015
Orgeuy,237.762,463.605
Marsannby-la-Côte,274.175,5299.868
Soians,190.95,483.06
Flammeraps,200.0,425.432
Cuxonne,183.632,7606.756
Magnz-Montarlot,229.08,267.385
Forac,543.084,1903.584
