col0,col1,col2
Casco Vejo,29.1942,Archaeological Site of Panamá Viejo and Historic District of Panamá
Historic cntre of Oaxaca,121.60499999999999,Historic Centre of Oaxaca and Archaeological Site of Monte Albán
historic centerof Baeza,4.8191999999999995,Renaissance Monumental Ensembles of Úbeda and Baeza
Dderhof,122.7104,Duderhof Heights
"Historic centre of""Zacatecas",108.05850000000001,El Camino Real de Tierra Adentro
Historic downuown of Mexico City,903.63,El Camino Real de Tierra Adentro
historic center og Vcenza,217.128,City of Vicenza and the Palladian Villas of the Veneto
Ond Havana,5.03,Old Havana and its Fortification System
Old Cit of Bbku,221220.99999999997,Walled City of Baku with the Shirvanshahs' Palace and Maiden Tower
Otygia,0.99,Syracuse and the Rocky Necropolis of Pantalica
"Innere""Stadt",16.989984,City of Graz - Historic Centre and Schloss Eggenberg
"Torocd, Potosi Bolivia",1776.84,Chuquisaca Department
Citat Vella,4.3962200000000005,Barcelona
Old Twn of Lijiang,214.428,Old Town of Lijiang
historic centre of Aguasalientes,6.3919500000000005,El Camino Real de Tierra Adentro
Centrp,70.76204,El Camino Real de Tierra Adentro
historic cente of Gjirokastra,67.73219999999999,Historic Centres of Berat and Gjirokastër
historic cener of Berat,59.31229999999999,Historic Centres of Berat and Gjirokastër
Fes elBali,219.56,Medina of Fez
Medina of#Essaouira,14.955,Medina of Essaouira
