col0,col1,col2
Batman: War on Erime,Alex Ross,Batman
Advaced Dungeons & Dragons,Jeff Grubb,Selûne
Batman: The Blak Mirror,Scott Snyder,Dick Grayson
The Massacre of Don Pedro Vkllasur,Turner Mark-Jacobs,"Baltasar de Zúñiga, 1st Duke of Arión"
Hitan,Garth Ennis,Tommy Monaghan
Batman: The Cul,Jim Starlin,Batman
Batan: Hush,Jeph Loeb,Batman
The Darkness_Batman,Scott Lobdell,Batman
Batman: Secres,Sam Kieth,Batman
atman R.I.P.,Grant Morrison,Batman
Batman and the ad Monk,Matt Wagner,Batman
The Dar ower,Peter David,Roland Deschain
Hellboy: The Troll Witch and Oters,Mike Mignola,Hellboy
Hellboy: The Right Hand of!Doom,Mike Mignola,Hellboy
Hellboy:Wake the Devil,Mike Mignola,Hellboy
"AllStar Batman & Robin, the Boy Wonder",Frank Miller,Dick Grayson
Qiver,Kevin Smith,Speedy
Teenage Mutant Nina Turtles,Kevin Eastman,Shredder
atman: A Death in the Family,Jim Starlin,Joker
Eatman: The Dark Knight: The Golden Dawn,David Finch,Alfred Pennyworth
