col0,col1,col2,col3
2017 Apia International Sydney,2016 Apia International Sydney (men),2017-01-08,2017-01-14
2017 Apia International Sydney,2016 Apia International Sydney (women),2017-01-08,2017-01-13
2017 ASB Classic (men),2016 ASB Classic (men),2017-01-09,2017-01-14
2017 ASB Classic (women),2016 ASB Classic (women),2017-01-02,2017-01-07
2017 Brisbane International (men),2016 Brisbane International (men),2017-01-01,2017-01-08
2017 Brisbane International (women),2016 Brisbane International (women),2017-01-01,2017-01-07
2016 ATP Shenzhen Open,2015 ATP Shenzhen Open,2016-09-26,2016-10-02
du Maurier Open 2000 Men,1999 du Maurier Open (men),2000-07-31,2000-08-06
2016 China Open - Men,2015 China Open (men),2016-10-03,2016-10-09
2016 Western & Southern Open (men),2015 Western & Southern Open (men),2016-08-14,2016-08-21
1994 Canadian Open - women,1993 Canadian Open - women's tournament,1994-08-15,1994-08-21
2016 Apia International Sydney (women),2015 Apia International Sydney (women),2016-01-10,2016-01-17
2016 ASB Classic (men),2015 Heineken Open,2016-01-11,2016-01-17
2008 AIG Japan Open Tennis Championships – Men,2007 AIG Japan Open Tennis Championships – Men,2008-09-29,2008-10-05
2016 ASB Classic (women),2015 ASB Classic,2016-01-04,2016-01-09
2015 Kremlin Cup (men),2014 Kremlin Cup (men),2015-10-19,2015-10-25
2015 Western & Southern Open (women),2014 Western & Southern Open (women),2015-08-16,2015-08-23
2015 Citi Open (men),2014 Citi Open (men),2015-08-03,2015-08-09
2015 Rogers Cup (women),2014 Rogers Cup (women),2015-08-08,2015-08-16
2015 Rogers Cup (men),2014 Rogers Cup (men),2015-08-10,2015-08-16
