col0,col1,col2
Swiss men's U23 national road cycling team,Switzerland,Swiss men's U23 national road cycling team 2017
Belgian men's U23 national road cycling team,Belgium,Belgian men's U23 national road cycling team 2014
Estonian men's U23 national road cycling team,Estonia,Estonian men's U23 national road cycling team 2016
Colombian men's U23 national road cycling team,Colombia,Colombian men's U23 national road cycling team 2016
German men's U23 national road cycling team,Germany,German men's U23 national road cycling team 2015
Netherlands men's U23 national road cycling team,Netherlands,Netherlands men's U23 national road cycling team 2016
Slovenian men's U23 national road cycling team,Slovenia,Slovenian men's U23 national road cycling team 2016
Danish men's U23 national road cycling team,Denmark,Danish men's U23 national road cycling team 2016
Italian men's U23 national road cycling team,Italy,Italian men's U23 national road cycling team 2015
Australian men's U23 national road cycling team,Australia,Australian men's U23 national road cycling team 2015
Iranian men's U23 national road cycling team,Iran,Iranian men's U23 national road cycling team 2016
Mongol men's U23 national road cycling team,Mongolia,Mongol men's U23 national road cycling team 2016
South African men's U23 national road cycling team,South Africa,South African men's U23 national road cycling team 2012
Canadian men's U23 national road cycling team,Canada,Canadian men's U23 national road cycling team 2011
Swedish men's U23 national road cycling team,Sweden,Swedish men's U23 national road cycling team 2012
Latvian men's U23 national road cycling team,Latvia,Latvian men's U23 national road cycling team 2012
Eritrean men's U23 national road cycling team,Eritrea,Eritrean men's U23 national road cycling team 2012
Kazakhstan men's U23 national road cycling team,Kazakhstan,Kazakh men's U23 national road cycling team 2014
Ukrainian men's U23 national road cycling team,Ukraine,Ukrainian men's U23 national road cycling team 2015
Czech men's U23 national road cycling team,Czech Republic,Czech men's U23 national road cycling team 2017
Portuguese men's U23 national road cycling team,Portugal,Portuguese men's U23 national road cycling team 2017
Polish men's U23 national road cycling team,Poland,Polish men's U23 national road cycling team 2017
Moroccan men's U23 national road cycling team,Morocco,Moroccan men's U23 national road cycling team 2017
Luxembourgian men's U23 national road cycling team,Luxembourg,Luxembourgish men's U23 national road cycling team 2017
