col0,col1,col2,col3
Sacred Heart Church,United Kingdom,Wigtown,Gothic architecture
Grande Hotel Beira,Mozambique,Beira,Art Deco
Isbank Tower 1,Turkey,Istanbul,Art Deco
45 Christopher Street,United States of America,West Village,Art Deco
Metromedia Square,United States of America,Hollywood,Art Deco
St Andrew's House,United Kingdom,Edinburgh,Art Deco
Athletes' Village,United Kingdom,Glasgow,International Style
King John's Palace,United Kingdom,Southampton,Norman architecture
Ninove Gate,Belgium,Pentagon,Neoclassical architecture
Ujjayanta Palace,India,Agartala,Neoclassical architecture
Ankara Castle,Turkey,Kale,Byzantine architecture
Angelokastro,Greece,Palaiokastritsa,Byzantine architecture
Basilica Cistern,Turkey,Istanbul,Byzantine architecture
Maison Moonen,Belgium,Laveu,Art Nouveau
Galerie J & A Leroy Frères,Belgium,Pentagon,Art Nouveau
Hackesche Höfe,Germany,Mitte,Art Nouveau
Urania,Austria,Vienna,Art Nouveau
"Cameroon Chamber of Commerce, Industry, Mines and Crafts",Cameroon,Douala,Art Nouveau
Spero Building,United States of America,New York City,Art Nouveau
"Kloveniersdoelen, Middelburg",Netherlands,Middelburg,Renaissance
