col0,col1,col2,col3
Independence I culture,Independence Fjord,-0999-01-01T00:00:00Z,Independence II culture
Jastorf culture,Northern Germany,+0000-01-01T00:00:00Z,Przeworsk culture
Aurignacian,Southern Europe,-29000-01-01T00:00:00Z,Solutrean
Lusatian culture,Poland,-0500-01-01T00:00:00Z,Pomeranian culture
Lengyel culture,Austria,-4000-01-01T00:00:00Z,Funnelbeaker culture
Ubaid period,Mesopotamia,-3499-01-01T00:00:00Z,Uruk period
Cernavodă culture,Eastern Europe,-3200-01-01T00:00:00Z,Baden culture
Ahrensburg culture,Central Europe,-9650-01-01T00:00:00Z,Fosna-Hensbacka culture
Afanasevo culture,Siberia,-2499-01-01T00:00:00Z,Andronovo culture
Khvalynsk culture,Volga Region,-4500-01-01T00:00:00Z,Yamnaya culture
Beaker culture,Southern Europe,-2200-01-01T00:00:00Z,Hilversum culture
Hallstatt culture,Europe,-0450-01-01T00:00:00Z,La Tène culture
Jōmon period,Japanese Archipelago,-0299-01-01T00:00:00Z,Yayoi period
Kura–Araxes culture,Caucasus,-1999-01-01T00:00:00Z,Trialeti culture
Przeworsk culture,Poland,0500-01-01,Sukow-Dziedzice group
Tiszapolgár culture,Hungary,-3999-01-01T00:00:00Z,Bodrogkeresztúr culture
Chernyakhov culture,Belarus,0500-01-01,Penkovka culture
Hamangia culture,Dobruja,-4550-01-01T00:00:00Z,Gumelniţa–Karanovo culture
Ertebølle culture,Denmark,-4100-01-01T00:00:00Z,Funnelbeaker culture
Iberomaurusian,North Africa,-8000-01-01T00:00:00Z,Capsian culture
