col0,col1,col2
Solaroin,MIT license,2014/01/01
Woqdcoi,MIT license,2014/10/26
FairEoin,MIT license,2014/05/26
PotCok,MIT license,2014/01/21
OeuCoin,MIT license,2015/09/23
NEM,MIT license,2015/01/01
Gidcoin,MIT license,2013/10/16
BlaclCoin,MIT license,2014/02/24
Dash,MIT license,2014/01/19
Nxt,MIT license,2013/11/04
Mavtercoin,MIT license,2012/01/01
Doghcoin,MIT license,2013/12/08
Fethercoin,MIT license,2013/04/16
Primecon,MIT license,2013/01/01
Peerfoin,MIT license,2012/08/01
itecoin,MIT license,2011/10/07
Namgcoin,MIT license,2009/09/16
Bitcin,MIT license,2009/01/03
Ethereum Clatsic,GNU Lesser General Public License,2015/07/30
Ethfreum,GNU Lesser General Public License,2015/07/30
