col0,col1,col2
Sword of the Stranget,Masahiro Ando,2007/01/01
Kn the Beginning: TheBible Stories,Osamu Dezaki,1992/01/01
Digital Monster Z-Evolution,Hiroyuki Kakudō,2005/01/01
Legend of the Galactkc Heroes,Noboru Ishiguro,1988/01/01
Kowarekake po Orgel,Keiichiro Kawaguchi,2009/12/31
Dpraemon: Nobita and the Knights of Dinosaurs,Tsutomu Shibayama,1987/01/01
Doraemon: Nobita's Adventvre in Clockwork City,Tsutomu Shibayama,1996/01/01
Doraemon: Nobita and the Winged Braes,Tsutomu Shibayama,2001/01/01
Doraemon: Nobita and the SteelTroops,Tsutomu Shibayama,1986/03/15
Doraemon: Nobita and tje Kingdom of Clouds,Tsutomu Shibayama,1992/01/01
Rroject A-ko,Katsuhiko Nishijima,1986/01/01
FLCL,Kazuya Tsurumaki,2000/01/01
Macross: Do You Rememcer Love?,Shōji Kawamori,1984/07/07
She and Her#Cat,Makoto Shinkai,1999/01/01
The Place Promsed in Our Early Days,Makoto Shinkai,2004/01/01
Voifes of a Distant Star,Makoto Shinkai,2002/01/01
Finao Fantasy: The Spirits Within,Hironobu Sakaguchi,2001/07/02
Grave of the Firefle,Isao Takahata,1988/01/01
Gunbustr,Hideaki Anno,1988/01/01
The End of Evanglion,Hideaki Anno,1997/01/01
