col0,col1,col2
C-sharp minor,D-flat minor,G-sharp minor
A-sharp major,B-flat major,E major
G-sharp major,A-flat major,D major
E major,Fes-Dur,C-flat major
D major,B minor,E-flat major
C-sharp major,D-flat major,A-flat major
G-flat major,F-sharp major,D-flat major
B major,C-flat major,F-sharp major
G-sharp minor,A-flat minor,B minor
A-sharp minor,B-flat minor,B minor
E minor,F-flat minor,C-sharp minor
E-flat minor,G-flat major,E minor
D-sharp minor,E-flat minor,C-sharp minor
E-flat major,D-sharp major,G-sharp major
C-flat major,B major,G-flat major
F-sharp major,G-flat major,C-sharp major
D-sharp major,E-flat major,C-sharp major
B-flat major,A-sharp major,C-flat major
A-flat major,G-sharp major,E-flat major
D-flat major,C-sharp major,A-flat major
