col0,col1,col2
Rappardplatz fountain,551,iron
Platanenhof fountain,556,iron
Pissoirbrünnli,540.5,iron
fountain Nydegghöfli,517,iron
Monbijoupark fountain,523,iron
Halen fountain,554,iron
court fountain St.Mauritius church,557.5,iron
Reservoir fountain,611.5,wood
decorative fountain complex Rose Garden Bern,566.5,artificial stone
play fountain playground Veielihubel,558,stainless steel
play fountain 1 playground Tscharnergut A,558,stainless steel
play fountain playground Goumoënsmatte,552.5,cement
twin fountains crematorium Bremgartenfriedhof,551.5,brass
fountain Hausmattweg 9,605,stone
fountain Riedbachstrasse 341,554.5,concrete
fountain farmhouse Riedbachstrasse 310,553,concrete
former fountain farmhouse Niederbottigenweg 96,583,concrete
fountain Riedbachstrasse 336,553,Plastic
fountain UR6,561.5,metal
fountain farmhouse Riedbachstrasse 354,554,iron
