col0,col1,col2
Villers-Bretonneux Military Cemetery,France,Edwin Lutyens
Le Touret Military Cemetery,France,John Reginald Truelove
Harponville Communal Cemetery Extension,France,Noel Ackroyd Rew
Hervin Farm British Cemetery,France,Noel Ackroyd Rew
Kanchanaburi War Cemetery,Thailand,Colin St. Clair Oakes
Fricourt British Cemetery,France,William Harrison Cowlishaw
Bonnay Communal Cemetery Extension,France,William Harrison Cowlishaw
Mezieres Communal Cemetery Extension,France,William Harrison Cowlishaw
Gouy-en-Artois Communal Cemetery Extension,France,Charles Holden
Boulogne Eastern Cemetery,France,Charles Holden
Romeries Communal Cemetery Extension,France,Charles Holden
Heath Cemetery,France,Reginald Blomfield
Mailly Wood Cemetery,France,Reginald Blomfield
Bouzincourt Communal Cemetery Extension,France,Reginald Blomfield
Vignacourt British Cemetery,France,Reginald Blomfield
V.C. Corner Australian Cemetery and Memorial,France,Herbert Baker
Fins New British Cemetery,France,Herbert Baker
Courcelette British Cemetery,France,Herbert Baker
"Aire Communal Cemetery, Commonwealth Plot",France,Herbert Baker
Bucquoy Road Cemetery,France,Edwin Lutyens
