col0,col1,col2,col3
Borkumer Kleinbahn Moritz,1,2,1910-01-01
Borkumer Kleinbahn Leer,1,2,1944-08-01
Borkumer Kleinbahn Borkum (2nd) and Dollart,2,2,1968-01-01
Borkumer Kleinbahn Emden and Aurich,2,2,1952-01-01
Borkumer Kleinbahn Borkum,1,2,1925-01-01
DRG Class 62,15,2,1972-01-01
DRG Class 61,2,2,1961-01-01
DRG Class 64,520,2,1975-01-01
DRG Class 24,95,2,1976-01-01
Prussian T 7,467,2,1973-01-01
Prussian T 10,12,2,1965-01-01
DB Class 66,2,2,1968-01-01
DB Class 65,18,2,1972-01-01
DRG Class 87,16,2,1955-03-01
Württemberg AD,115,2,1932-01-01
Palatine P 5,41,2,1956-01-01
DR Class 52.80,200,2,1990-01-01
SStB – Gutenberg,1,2,1880-01-01
DR Class 01.5,35,2,1991-01-01
PKP class Pt31,110,2,1978-01-01
