col0,col1,col2
1973 United States Grand Prix,XVI United States Grand Prix,Ronnie Peterson
1974 United States Grand Prix,XVII United States Grand Prix,Carlos Reutemann
1970 United States Grand Prix,XIII United States Grand Prix,Jacky Ickx
1980 United States Grand Prix,XXIII Toyota United States Grand Prix,Bruno Giacomelli
1979 United States Grand Prix,XXII Toyota United States Grand Prix,Alan Jones
1960 United States Grand Prix,III United States Grand Prix,Stirling Moss
1959 United States Grand Prix,II United States Grand Prix,Stirling Moss
2005 United States Grand Prix,XXXIV Foster's United States Grand Prix,Jarno Trulli
1968 United States Grand Prix,XI United States Grand Prix,Mario Andretti
1978 United States Grand Prix,XXI Toyota United States Grand Prix,Mario Andretti
2004 United States Grand Prix,XXXIII Foster's United States Grand Prix,Rubens Barrichello
1976 United States Grand Prix,XIX United States Grand Prix,James Hunt
1977 United States Grand Prix,XX Toyota United States Grand Prix,James Hunt
2019 United States Grand Prix,Formula 1 Emirates United States Grand Prix 2019,Valtteri Bottas
1990 United States Grand Prix,XXVII Iceberg United States Grand Prix,Gerhard Berger
1975 United States Grand Prix,XVIII United States Grand Prix,Niki Lauda
2015 United States Grand Prix,2015 Formula 1 United States Grand Prix,Nico Rosberg
2014 United States Grand Prix,2014 Formula 1 United States Grand Prix,Nico Rosberg
2013 United States Grand Prix,2013 Formula 1 United States Grand Prix,Sebastian Vettel
2012 United States Grand Prix,2012 Formula 1 United States Grand Prix,Sebastian Vettel
