col0,col1,col2
2014 Belgian Grand Prix,Daniel Ricciardo,44
2008 Belgian Grand Prix,Felipe Massa,44
1976 Belgian Grand Prix,Niki Lauda,70
1975 Belgian Grand Prix,Niki Lauda,70
2016 Belgian Grand Prix,Nico Rosberg,44
1937 Belgian Grand Prix,Rudolf Hasse,34
1939 Belgian Grand Prix,Hermann Lang,35
1935 Belgian Grand Prix,Rudolf Caracciola,34
2018 Belgian Grand Prix,Sebastian Vettel,44
2013 Belgian Grand Prix,Sebastian Vettel,44
2011 Belgian Grand Prix,Sebastian Vettel,44
2009 Belgian Grand Prix,Kimi Räikkönen,44
2007 Belgian Grand Prix,Kimi Räikkönen,44
2005 Belgian Grand Prix,Kimi Räikkönen,44
2004 Belgian Grand Prix,Kimi Räikkönen,44
2012 Belgian Grand Prix,Jenson Button,44
1998 Belgian Grand Prix,Damon Hill,44
1994 Belgian Grand Prix,Damon Hill,44
1993 Belgian Grand Prix,Damon Hill,44
1986 Belgian Grand Prix,Nigel Mansell,43
