col0,col1,col2,col3,col4,col5
Atkins Tennis Center,Illinois,United States of America,1991-11-02,Illinois Fighting Illini men's tennis,3800
Thalhimer Tennis Center,Richmond,United States of America,1993-01-01,VCU Rams men's tennis,200
R.K. Khanna Tennis Complex,New Delhi,India,1982-01-01,India Davis Cup team,5015
Stade Roland-Garros,Paris,France,1928-01-01,Fédération Française de Tennis,14840
Guangdong Olympic Tennis Centre,Guangzhou,People's Republic of China,2010-01-01,Tennis at the 2010 Asian Games,11379
David Lloyd Club Turó,Barcelona,Spain,2005-01-01,Barcelona Ladies Open,2168
Family Circle Tennis Center,Charleston,United States of America,2001-01-01,Charleston Open,10200
IGA Stadium,Villeray–Saint-Michel–Parc-Extension,Canada,1996-01-01,Canadian Open,11700
Lindner Family Tennis Center,Ohio,United States of America,1979-01-01,Cincinnati Masters,11435
Aviation Club Tennis Centre,Dubai,United Arab Emirates,1996-01-01,Dubai Tennis Championships,5000
Khalifa International Tennis and Squash Complex,Doha,Qatar,1992-12-16,Qatar Open,6911
Båstad Tennis Stadium,Båstad Municipality,Sweden,1991-01-01,Swedish Open,5000
Olympic Tennis Center,Barra da Tijuca,Brazil,2015-01-01,tennis at the Summer Olympics,18250
ITC Stella Maris,Umag,Croatia,1990-01-01,ATP Studena Croatia Open,4000
Devonshire Park Lawn Tennis Club,Eastbourne,United Kingdom,1881-01-01,Fed Cup,8000
SAP Center,San Jose,United States of America,1993-09-07,San Jose Sharks,19190
"National Tennis Center, Beijing",Beijing,People's Republic of China,2007-01-01,Tennis at the 2008 Summer Olympics,32400
Louis Armstrong Stadium,USTA Billie Jean King National Tennis Center,United States of America,1978-01-01,US Open,10200
Madrid Arena,Casa de Campo,Spain,2002-07-01,CB Estudiantes,12000
No. 3 Court,All England Lawn Tennis and Croquet Club,United Kingdom,2011-06-20,Wimbledon Championships,2000
