col0,col1,col2
Bubutan,3.86,UTC+07:00
Sanana,558,UTC+09:00
Wowoni Island,715,UTC+08:00
Kabaena,873,UTC+08:00
Putussibau,139.3,UTC+07:00
Glenmore,421.98,UTC+07:00
Singosari,118.51,UTC+07:00
Tanjung Pandan,378.448,UTC+07:00
Luwuk,101.43,UTC+07:00
Pulau Maya,992,UTC+07:00
Banyuwangi,30.13,UTC+07:00
Taman,31.54,UTC+07:00
Percut Sei Tuan,190.79,UTC+07:00
Balaesang,31423,UTC+08:00
Banawa,994,UTC+08:00
Bojonegoro,46.38,UTC+07:00
Ambelau,306,UTC+09:00
Airmadidi,38.784,UTC+08:00
Singkawang,504,UTC+07:00
Bekasi,210.49,UTC+07:00
