col0,col1,col2
Chinatown,United States of America,Brooklyn
Chinatown,United States of America,Providence
Chinatown,United States of America,Honolulu
Chinatown,United States of America,Oakland
Chinatown,United States of America,Phoenix
Chinatown,United States of America,Denver
Chinatown,United States of America,San Jose
Asian Pacific Thematic Historic District,United States of America,San Diego
Van Wesenbekestraat,Belgium,Antwerp
Chinatown,United States of America,Detroit
Chinatown,United States of America,Manhattan
Zeedijk,Netherlands,Amsterdam
Old Town Chinatown,United States of America,Portland
Chinatown,United States of America,Baltimore
Seattle Chinatown-International District,United States of America,Seattle
Chinatown,Australia,New South Wales
Barrio Chino,Peru,Lima
"Chinese Quarter, Birmingham",United Kingdom,Birmingham
Chinatown,Canada,Winnipeg
Chinatown,Canada,Victoria
