col0,col1,col2
Bécancour Regional County Municipality,20404,1231.3
Montcalm Regional County Municipality,52596,716.3
D'Autray Regional County Municipality,42189,1249.3
Manicouagan Regional County Municipality,33250,39246.4
Brome-Missisquoi Regional County Municipality,58314,1685.9
Bonaventure Regional County Municipality,17660,4379.4
Bellechasse regional county municipality,37233,1751.06
Beauharnois-Salaberry Regional County Municipality,64320,471.26
Beauce-Sartigan Regional County Municipality,52406,1954.5
Les Pays-d'en-Haut Regional County Municipality,41877,737.4
Sept-Rivières Regional County Municipality,35097,32571.6
L'Assomption Regional County Municipality,124759,255.65
Arthabaska Regional County Municipality,72014,1910.6
Argenteuil Regional County Municipality,32389,1252.97
Le Golfe-du-Saint-Laurent Regional County Municipality,4736,40654.621
Les Etchemins Regional County Municipality,16536,1810.05
Antoine-Labelle Regional County Municipality,35243,14976.99
Le Fjord-du-Saguenay Regional County Municipality,21600,38934.175
L'Érable Regional County Municipality,23425,1287.86
La Vallée-de-l'Or,43226,24292.04
