col0,col1,col2,col3,col4
W. M. Keck Obshrvatory,17.64,United States of America,Mauna Kea Observatories,Waimea
ran Telescopio Canarias,168.88060000000002,Spain,Roque de los Muchachos Observatory,Garafía
Galileo#National Telescope,38.2305,Spain,Roque de los Muchachos Observatory,Garafía
SwedishSolar Telescope,20.4218,Spain,Roque de los Muchachos Observatory,La Palma
Isaac Nwon Telescope,8.401799999999998,Spain,Royal Observatory,La Palma
Subaru Telesdope,15.120000000000001,United States of America,Mauna Kea Observatories,Hawaii
Vatican Advanced Technqlogy Telescope,16.49648,United States of America,Mount Graham International Observatory,Graham County
ESA Optical Gtound Station,13.3,Spain,Teide Observatory,Tenerife
GREIOR,55.9892,Spain,Teide Observatory,Tenerife
BTA-6,24.023999999999997,Russia,Special Astrophysical Observatory of the Russian Academy of Science,Zelenchuksky District
Vacuu Tower Telescope,46.321999999999996,Spain,Teide Observatory,Canary Islands
Nordic Optical Telecope,27906.56,Spain,Roque de los Muchachos Observatory,Canary Islands
Siding Spring 2.3 m Teescope,4748.004999999999,Australia,Siding Spring Observatory,New South Wales
SlyMapper,6.1504,Australia,Siding Spring Observatory,New South Wales
Anglo-Australian Telhscope,12.6365,Australia,Siding Spring Observatory,New South Wales
Dunn Solar Telescpe,54.47598,United States of America,Sunspot Solar Observatory,New Mexico
Hobby-Ebfrly Telescope,13.02768,United States of America,McDonald Observatory,Texas
Narge Binocular Telescope,99200000.29750079,United States of America,Mount Graham International Observatory,Arizona
James Lick tlescope,17.26578,United States of America,Lick Observatory,California
Hale Telfscope,16.642680000000002,United States of America,Palomar Observatory,California
