col0,col1,col2,col3,col4
impasse Léa-Blain,boulevard Suchet,4,Léa Blain,1997-01-01
impasse Jean-Beausire,rue Jean-Beausire,8.2,Jean Beausire,1672-01-01
rue Mallet-Stevens,rue du Docteur-Blanche,7,Robert Mallet-Stevens,1927-01-01
impasse Royer-Collard,rue Gay-Lussac,12,Pierre Paul Royer-Collard,1590-01-01
impasse Martini,rue du Faubourg-Saint-Martin,3,Jean-Paul-Égide Martini,1652-01-01
impasse Dany,rue du Rocher,5,landlord,1821-01-01
impasse Cordon-Boussard,rue des Pyrénées,2,landlord,1914-01-01
impasse Pers,rue Ramey,6,landlord,1848-01-01
impasse Dupuy,rue Philippe-de-Girard,3.7,landlord,1959-06-23
impasse Massonnet,rue Championnet,12,landlord,1840-01-01
impasse Boutron,place Raoul-Follereau,8.8,landlord,1952-01-01
impasse Bonne-Nouvelle,boulevard de Bonne-Nouvelle,15,Notre-Dame de Bonne-Nouvelle,1650-01-01
impasse Corneille,avenue Despréaux,4.4,Pierre Corneille,1838-01-01
impasse Racine,avenue Despréaux,4.4,Jean Racine,1838-01-01
impasse Saint-Denis,rue Saint-Denis,2,rue Saint-Denis,1350-01-01
impasse Saint-Eustache,rue Montmartre,4.5,Church Saint-Eustache,1512-01-01
impasse Éveillard,rue Belgrand,2,landlord,1855-01-01
impasse Vandal,boulevard Brune,2,landlord,1985-07-05
impasse Sainte-Marthe,rue Sainte-Marthe,6,Martha,1938-01-01
impasse Saint-Ouen,rue Petiet,6,Saint-Ouen-sur-Seine,1884-01-01
