col0,col1,col2,col3,col4,col5,col6
IC 1574,0.001204,Cetus,DeLisle Stewart,-22.246889,[TSK2008] 355,10.765917
NGC 3738,0.00072,Ursa Major,William Herschel,54.523528,[TSK2008] 256,173.954091
NGC 2915,0.001494,Chamaeleon,John Frederick William Herschel,-76.6263194,[TSK2008] 251,141.54805
IC 4662,0.001027,Pavo,Robert T. A. Innes,-64.6386806,[TSK2008] 244,266.7883
IC 5152,0.000407,Indus,DeLisle Stewart,-51.2964444,[TSK2008] 234,330.6730042
NGC 2366,0.00026,Camelopardalis,William Herschel,69.208639,[TSK2008] 217,112.216042
UGC 9240,0.00051,Boötes,Sidney van den Bergh,44.5254873399131,[TSK2008] 213,216.1794812952263
IC 3687,0.001197,Canes Venatici,Max Wolf,38.501624772985,[T2015] nest 100491,190.5631401635862
NGC 3448,0.00457,Ursa Major,William Herschel,54.3052278,[CHM2007] LDC 867,163.6635
Holmberg II,0.000524,Ursa Major,Erik Holmberg,70.7202848901313,[CHM2007] LDC 842,124.770782612159
NGC 1156,0.001248,Aries,William Herschel,25.2412084071381,[CHM2007] LDC 160,44.9285528752316
NGC 4248,0.001758,Canes Venatici,William Herschel,47.4091807412126,[CHM2007] HDC 706,184.4576763254423
NGC 4214,0.00097,Canes Venatici,William Herschel,36.3268889,[CHM2007] HDC 706,183.913225
NGC 4449,0.00063,Canes Venatici,William Herschel,44.0935583,[CHM2007] HDC 706,187.046325
NGC 2936,0.02407,Hydra,Albert Marth,2.7608820396367,Arp 142,144.4339157435483
NGC 7752,0.016918,Pegasus,"William Parsons, 3rd Earl of Rosse",29.4589361,NGC 7752 and NGC 7753,356.743988
Holmberg IX,0.000213,Ursa Major,Erik Holmberg,69.04611,M81 Group,149.38375
Messier 82,0.00073,Ursa Major,Johann Elert Bode,69.6797028,M81 Group,148.9684583
NGC 3077,0.00004,Ursa Major,William Herschel,68.7337656017127,M81 Group,150.8295689628838
Pisces Dwarf,-0.000924,Pisces,Valentina Karachentseva,21.89472,Local Group,15.98583
