col0,col1,col2,col3
Las Vueltas,36.83,2101,826
El Triunfo,39.71,6924,470
El Rosario,14.21,4220,616
El Porvenir,52.52,8232,700
Colón,84.05,96989,570
Anamorós,108,16594,166
Atiquizaya,66.64,33587,615
Guaymango,60.23,19775,337
Agua Caliente,195.74,8261,380
Metapán,668.36,16620,477
La Unión,144.43,29733,52
San Martín,55.8,1530,714
Chalatenango,131.5,29271,396
Opico city,218,447,492
Ilopango,34.6,584,604
San Marcos,14.7,462,795
Ciudad Barrios,68,40500,906
Jiquilisco,429.99,47784,32
Estanzuelas,71.73,9015,169
Concepción de Ataco,61.04,18101,1240
