col0,col1,col2,col3,col4,col5
Wonder Woman 1984,Matthew Jensen,Patty Jenkins,Chris Pine,2020-06-04,Zack Snyder
Space Jam,Bradford Young,Ryan Coogler,LeBron James,2021-07-16,Ryan Coogler
Godzilla vs. Kong,Ben Seresin,Terry Rossio,Brian Tyree Henry,2020-05-22,Eric McLeod
Child's Play,Brendan Uegama,Tyler Burton Smith,Mark Hamill,2019-06-19,Seth Grahame-Smith
The New Mutants,Peter Deming,Scott Neustadter,Antonio Banderas,2020-04-16,Simon Kinberg
Georgetown,Henry Braham,David Auburn,Christoph Waltz,2019-01-01,John Cheng
Dolemite Is My Name,Eric Steelberg,Scott Alexander,Eddie Murphy,2019-09-01,John Davis
Morbius,Oliver Wood,Matt Sazama,Michael Keaton,2020-07-30,Avi Arad
Development of Gambit,Bojan Bazelli,Chris Claremont,Channing Tatum,2020-03-13,Simon Kinberg
Black Widow,Rob Hardy,Jac Schaeffer,Scarlett Johansson,2020-04-30,Kevin Feige
The Eternals,Ben Davis,Matthew K. Firpo,Angelina Jolie,2020-11-05,Kevin Feige
Avatar 3,Russell Carpenter,Amanda Silver,Sam Worthington,2021-12-17,James Cameron
The Batman,Greig Fraser,Matt Reeves,Robert Pattinson,2021-06-25,Dylan Clark
Ghostbusters: Afterlife,Eric Steelberg,Jason Reitman,Bill Murray,2020-01-01,Ivan Reitman
Top Gun: Maverick,Claudio Miranda,Peter Craig,Monica Barbaro,2020-06-26,Tom Cruise
Jungle Cruise,Flavio Martínez Labiano,Glenn Ficarra,Dwayne Johnson,2020-07-23,Dwayne Johnson
Avatar 2,Russell Carpenter,James Cameron,Sam Worthington,2021-12-17,James Cameron
No Time to Die,Linus Sandgren,John Hodge,Ben Whishaw,2020-04-03,Barbara Broccoli
Infinite,Mauro Fiore,John Lee Hancock,Mark Wahlberg,2020-08-20,Lorenzo di Bonaventura
Shang-Chi and the Legend of the Ten Rings,Bill Pope,David Callaham,Tony Leung,2021-02-11,Kevin Feige
