col0,col1,col2
Hamm District,Arnsberg Government Region,Prussia
Gelsenkirchen District,Münster Government Region,Prussia
Melle,Osnabrück Government Region,Germany
Kreis Jülich,Aachen Government Region,Germany
Landkreis Einbeck,Hildesheim Government Region,Germany
Zellerfeld District,Hildesheim Government Region,Germany
Duderstadt,Hildesheim Government Region,Germany
Burgdorf,Lüneburg Government Region,Germany
Bonn,Cologne Government Region,Germany
Rees District,Düsseldorf Government Region,Germany
Geldern,Düsseldorf Government Region,Germany
Kreis Dinslaken,Düsseldorf Government Region,Germany
Unterwesterwaldkreis,Rhineland-Palatinate,Germany
Uslar,Hildesheim Government Region,German Reich
Syke,Hanover Government Region,German Reich
Sulingen,Hanover Government Region,German Reich
Stolzenau,Hanover Government Region,German Reich
Hoya,Hanover Government Region,German Reich
Diepholz,Hanover Government Region,German Reich
Landkreis Bitterfeld (Provinz Sachsen),Saxony-Anhalt,Prussia
