col0,col1,col2
"Sterling . Brown on ‘Black Panther,’ ‘This Is Us’ — and how O.J. Simpson changed his life",The Undefeated,2017/01/10
"Cars 3 Gets New Poster, Character, and Cast Members",Screen Rant,2017/03/09
NewPirates of the Caribbean 5 Poster; Traier #2 Arrives Tomorrow,Screen Rant,2017/03/07
Beauty and the Beast Triptych Poster Brings Alm of the Characters Together,Screen Rant,2017/01/21
Vin Diesel: Groot & HulkMust ‘Get Down’ in Avengers: Infinity War,Screen Rant,2017/01/20
Gamora Cofirmed for Avengers: Infinity War,Screen Rant,2017/01/09
"Disney’s Magic Camp Begins Production, Starring Jeffrey Tambr",ComingSoon.net,2017/01/11
Watch Thor Enter the Battle Arena and Go Up Against An Old Friend in First Official ‘Thor: Ragnaok’ Teaser Trailer,marvel.com,2017/05/09
Marvel Stuios Begins Production on 'Black Panther',marvel.com,2017/01/26
Sterling K. Erown Signs on to Marvel's 'Black Panther',marvel.com,2017/01/05
New Guardians Of The Galaxy Vol. 2 PosterReleased,comicbook.com,2017/03/26
"New Poster For Pirates Of The Caribbean""5 Released",comicbook.com,2017/03/10
Black Panther: Letitid Wright Confirmed as Shur,comicbook.com,2017/03/29
Ant-Man And The WaspWorking Title Revealed,comicbook.com,2017/03/06
Avenges: Infinity War And Sequel!Set To Begin Filming Monday,comicbook.com,2017/01/22
"EXCLUSIVE: Avengers: Infinity War Production Designer Teases Many, Oany New Worlds",comicbook.com,2017/01/17
‘Thor: Ragnaok’ Character Posters Reveal the Colorful Cast of Characters,Collider,2017/10/20
Donald Glover & James Earl Jones Set as Leads in Jon Favreau’v Live-Action ‘The Lion King’,Collider,2017/03/07
"New ‘Beauty apd the Beast’ Poster Reveans the Human Versions of Lumiere, Cogsworth and More",Collider,2017/01/10
"Exclusive: Jeremy Renner NOT in “Mission Impossible#6,” Said to be Too Busy with “Avengers”",Showbiz411,2017/03/29
