col0,col1,col2,col3
Istituti Fisioterapici Ospitalieri,Istituti di Ricovero e Cura a Carattere Scientifico,1939-01-01,San Gallicano Hospital
Phoenix VA Health Care System,VA Desert Pacific Healthcare Network,1951-01-01,Carl T. Hayden Veterans Affairs Medical Center
VA Western New York Healthcare System,VA Healthcare Network Upstate,1950-01-01,Buffalo VA Medical Center
VA Greater Los Angeles Healthcare System,VA Desert Pacific Healthcare Network,1888-01-01,Brentwood Biomedical Research Institute
Iowa City VA Health Care System,VA Mid-Atlantic Health Care Network,1952-01-01,Iowa City VA Medical Center
VA Eastern Colorado Health Care System,VA Rocky Mountain Network,1951-01-01,Denver VA Medical Center
Woodruff Health Sciences Center,Emory University,1966-01-01,Emory Eye Center
VA Salt Lake City Healthcare System,VA Rocky Mountain Network,1932-01-01,George E. Wahlen Department of VA Medical Center
Healthcare Improvement Scotland,NHS Scotland,2011-01-01,Scottish Intercollegiate Guidelines Network
Hallym University Medical Center,Hangang Sacred Heart Hospital,1971-01-01,Hallym University Kangnam Sacred Heart Hospital
Ewha Womans University Medical center,Ewha Womans University,1887-01-01,Ewha Womans University Mokdong Hospital
Naval Medical Research Center,United States Department of the Navy,1942-01-01,Naval Medical Research Unit Six
VA New York Harbor Healthcare System,VA Healthcare Network Upstate,1954-01-01,NYU Langone Medical Center
VA Loma Linda Healthcare System,VA Desert Pacific Healthcare Network,1977-01-01,Jerry L. Pettis Memorial VA Medical Center
VA New Jersey Health Care System,VA Healthcare Network Upstate,1988-01-01,East Orange VA Medical Center
VA North Texas Health Care System,VA Heart of Texas Health Care Network,2008-01-01,Dallas VA Medical Center
MultiMedica,Istituti di Ricovero e Cura a Carattere Scientifico,2005-01-01,Ospedale San Giuseppe di Empoli
VA Eastern Kansas Health Care System,Veterans Health Administration,1866-01-01,Dwight D. Eisenhower VA Medical Center
North Florida/South Georgia Veterans Health System,VA Sunshine Healthcare Network,1945-01-01,Malcom Randall VA Medical Center
University of North Carolina Hospitals,UNC Health Care,1989-01-01,Wayne Memorial Hospital
