col0,col1,col2
Descriptive List of Indian Scouts (NAID 1142835),0,1890-01-01
Descriptive List of Employees Transferred to a New Agent (NAID 1142834),0,1879-01-01
Descriptive Lists of Employees (NAID 1142832),0,1883-01-01
Indian Freighter Receipt Rolls (NAID 1142830),0,1921-01-01
Employee Receipt Rolls (NAID 1142828),0,1924-01-01
Reports of School Employees in Service (NAID 1142826),0,1890-01-01
Reports of Police Employees in Service (NAID 1142823),0,1896-01-01
Day School Attendance Reports (NAID 1151848),0,1943-01-01
Correspondence with Secondary Education Supervisor Allan Hulsizer (NAID 1151790),0,1947-01-01
General Education Correspondence and Related Records (NAID 1151787),0,1949-01-01
Correspondence of District Farmers (NAID 1151785),0,1921-01-01
Education Staff Correspondence Files (NAID 1151781),0,1946-01-01
Superintendent's Education Correspondence Files (NAID 1151780),0,1921-01-01
"Copies of Letters Sent by the Day School Inspector and the Superintendent, with Related Records (NAID 1151765)",0,1914-01-01
Social Service Administrative Records (NAID 1151754),0,1966-01-01
Social Service Case Files (NAID 1151752),0,1965-01-01
Records of the Pine Ridge Red Cross Chapter (NAID 1151749),0,1918-01-01
Field Nurses' Files (NAID 1151337),0,1947-01-01
Birth and Death Reports (NAID 1151335),0,1910-01-01
Monthly Reports of Sick and Wounded (NAID 1151332),0,1885-01-01
