col0,col1,col2,col3,col4
Omala,Greece,Kefalonia Municipality,UTC+02:00,400
Omiroupoli,Greece,Chios Municipality,UTC+02:00,0
Anthemountas,Greece,Polygyros Municipality,UTC+02:00,519
Gonnoi,Greece,Tempi Municipality,UTC+02:00,60
Dystos,Greece,Kymi-Aliveri Municipality,UTC+02:00,16
"Pallini, Chalkidiki",Greece,Kassandra Municipality,UTC+02:00,150
"Artemida, Magnesia",Greece,Volos Municipality,UTC+02:00,70
Valtetsi,Greece,Tripoli Municipality,UTC+02:00,500
Lasiona,Greece,Archaia Olympia Municipality,UTC+02:00,580
Agia Paraskevi,Greece,Lesbos Municipality,UTC+02:00,0
Evergetoulas,Greece,Lesbos Municipality,UTC+02:00,0
Eresos-Antissa,Greece,Lesbos Municipality,UTC+02:00,50
Mandra,Greece,Mandra-Eidyllia Municipality,UTC+02:00,107
Kastro-Kyllini,Greece,Andravida-Kyllini,UTC+02:00,1
Vouprasia,Greece,Andravida-Kyllini,UTC+02:00,8
Movri,Greece,West Achaea Municipality,UTC+02:00,10
Anatoliko,Greece,Delta Municipality,UTC+02:00,6
Pineia,Greece,Ilida Municipality,UTC+02:00,15
Ellomenos,Greece,Lefkada Municipality,UTC+02:00,6
Amani,Greece,Chios Municipality,UTC+02:00,84
