col0,col1,col2,col3
Ngatik,1.8,0.906,640
Vilkitsky Island,42,153.9,0
Keros,6.7,15,0
Oglodak Island,2,3.5,0
Sacca Fisola,0.69,0.1807,1480
Kolombangara,34.2,688,6301
Brock Island,41,764,0
Zemlya Georga,115,2821,0
Wales Island,63,1137,0
Fungus Rock,0.136,0.006,0
Wyre,3,311,29
Union Island,4.5,8,5000
Rumung,3.1,4.3,126
Malden Island,8,39.3,0
Beuchel,0.4,0.07,0
Visingsö,14,25.04,800
Andøya,57,489,3600
Cedros Island,39,348.295,1350
Grande-Terre,39.9,639,197000
Ko Tao,7.5,21,1382
Kesselaid,1.9,1.7,7
Saunders Island,22.4,131.6,2
Vansittart Island,75,997,0
Kayak Island,32,73.7,0
Falalop,1.2,0.93,481
Daphne Major,0.79,0.33,0
Geographical Society Island,95,1717,0
Cayman Brac,19,38,2098
