col0,col1,col2
Faasamene Cove,Manu'a District,United States of America
American Cove,Washington County,United States of America
Factory Cove,Lincoln County,United States of America
Barretto Cove,The Bronx,United States of America
Pa Cove,American Samoa,United States of America
Coyote Cove,Nevada,United States of America
Fauntleroy Cove,Washington,United States of America
Coyote Spring Cove,Arizona,United States of America
Coyote Cove,Arizona,United States of America
Kaasix,Alaska,United States of America
Parches Cove,Alabama,United States of America
Cala Falcó,Manacor,Spain
Aigua Blava,Begur,Spain
Cala d'Aiguafreda,Begur,Spain
Anse du Port,Nicolet,Canada
Deep Cove,Southland Region,New Zealand
Sullivans Cove,Tasmania,Australia
Wattamolla,New South Wales,Australia
Careening Cove,New South Wales,Australia
Čikat,Mali Lošinj,Croatia
