col0,col1,col2
1984 Sun Tour,1983 Sun Tour,1985 Sun Tour
1983 Sun Tour,1982 Sun Tour,1984 Sun Tour
1982 Sun Tour,1981 Sun Tour,1983 Sun Tour
1981 Sun Tour,1980 Sun Tour,1982 Sun Tour
1980 Sun Tour,1979 Sun Tour,1981 Sun Tour
1979 Sun Tour,1978 Sun Tour,1980 Sun Tour
1978 Sun Tour,1977 Sun Tour,1979 Sun Tour
1977 Sun Tour,1976 Sun Tour,1978 Sun Tour
1976 Sun Tour,1975 Sun Tour,1977 Sun Tour
1975 Sun Tour,1974 Sun Tour,1976 Sun Tour
1974 Sun Tour,1973 Sun Tour,1975 Sun Tour
1973 Sun Tour,1972 Sun Tour,1974 Sun Tour
1972 Sun Tour,1971 Sun Tour,1973 Sun Tour
1971 Sun Tour,1970 Sun Tour,1972 Sun Tour
1970 Sun Tour,1969 Sun Tour,1971 Sun Tour
1969 Sun Tour,1968 Sun Tour,1970 Sun Tour
1968 Sun Tour,1967 Sun Tour,1969 Sun Tour
1967 Sun Tour,1966 Sun Tour,1968 Sun Tour
1966 Sun Tour,1965 Sun Tour,1967 Sun Tour
1965 Sun Tour,1964 Sun Tour,1966 Sun Tour
