col0,col1,col2
Saints Row 2,Microsoft Windows,Saints Row 2 - Hits to Drive By
Saints Row,Xbox 360,Saints Row Original Soundtrack
Katawa Shoujo,Android,Katawa Shoujo: Enigmatic Box of Sound
Spooky's Jump Scare Mansion,Microsoft Windows,Spooky's Jump Scare Mansion - OST
Devotion,Microsoft Windows,Devotion Original Soundtrack
Deltarune,Microsoft Windows,DELTARUNE Chapter 1 OST
Star Fox,Super Nintendo Entertainment System,Star Fox OST
Secret of Mana,Android,Secret of Mana Soundtrack
Heart of Darkness,Microsoft Windows,Heart of Darkness – Original Soundtrack Recording
Big Pharma,Microsoft Windows,Big Pharma: Official Videogame Soundtrack
Super Mario Odyssey,Nintendo Switch,Super Mario Odyssey Original Sound Track
Apidya,Commodore Amiga,Apidya soundtrack
Cuphead,Microsoft Windows,"Cuphead - ""Don't Deal With The Devil"""
No Man’s Sky,Microsoft Windows,No Man's Sky – Music for an Infinite Universe
Metal Gear Solid V: Ground Zeroes,Microsoft Windows,Metal Gear Solid V Original Soundtrack
Metal Gear Solid V: The Phantom Pain,Microsoft Windows,Metal Gear Solid V Original Soundtrack
ActRaiser,mobile phone,Actraiser
Interstellaria,Microsoft Windows,Interstellaria OST
Super Hexagon,Android,Super Hexagon EP
The Sea Will Claim Everything,Microsoft Windows,The Sea Will Claim Everything soundtrack
