col0,col1,col2
Frontispiece,27,22.8
Still life,33,24
Moulin Rouge: La Goulue,117,191
House of Stairs,23.8,47.2
Cycles Perfecta,50,105
Tournée du Chat noir,40,62
Belvedere,29.5,46.200000000000003
The Bridge,37.700000000000003,53.600000000000001
Castrovalva,41.799999999999997,53.5
Hand with Reflecting Sphere,21.300000000000001,31.800000000000001
Relativity,29.300000000000001,28
Waterfall,30,38
Drawing Hands,33.200000000000003,28.800000000000001
Still Life with Spherical Mirror,32.6,28.6
"Church of Llanbadarn Fawr, near Aberystwyth",182,128
Fall of the Rheidiol 7 miles from Aberystwyth,198,127
"Marine Terrace, Aberystwyth",262,170
Aberystwyth: from the castle ruins,258,172
St. Michael's Church: Aberystwyth,180,125
"Laura Place, Aberystwyth",205,115
