col0,col1,col2,col3
Chittoor,80060,333,41000
Nagari,31363,115,14271
Vizianagaram,112290,66,57919
Sattenapalli,28350,71,14618
Mudigonda,3032,130,1657
Armoor,31736,372,15079
Tadepalle,32011,19,17030
Badvel,36081,126,16744
Mahbubnagar,96142,498,37886
Nuzvid,29117,81,13982
Yemmiganuru,47456,378,19279
Tuni,25922,140,14457
Suryapet,52773,571,25448
Vinukonda,31566,95,14473
Tanuku,38325,12,20909
Punganur,27235,764,12767
Kamareddy,39660,495,17759
Pithapuram,27163,10,15175
Wanaparthi,31501,402,12866
Saluru,24021,117,12425
Pedana,15083,0,8664
Sircilla,41525,322,20780
Nidadavole,21281,12,11805
Samarlakota,28115,9,16044
Bheemunipatnam,26466,51,13156
Repalle,24385,10,12782
"Parvathipuram, Andhra Pradesh",26811,120,13059
