col0,col1,col2
Civil Guard,1988-01-01,1873-01-01
Central YMCA College,1945-01-01,1922-01-01
Capitol Hill Arts Center,2007-01-01,2002-01-01
Blaxxun,2002-01-01,1995-08-01
Kievskiye Vedomosti,2010-07-20,1992-01-01
privat:mobile,2007-03-01,2005-02-01
What.CD,2016-11-17,2007-10-27
Carabineros,1940-01-01,1829-01-01
École des beaux-arts de Montréal,1969-01-01,1922-01-01
Czechoslovak Army,1992-01-01,1918-01-01
Jarry Park Stadium,1995-02-09,1960-08-01
Grande Bibliothèque du Québec,2002-03-04,1998-01-01
Hellenic Gendarmerie,1984-01-01,1833-01-01
Gaumont-British Picture Corporation,1941-01-01,1898-01-01
Feldgendarmerie,1945-01-01,1866-01-01
Czechoslovak People's Army,1990-01-01,1954-01-01
Presseurop,2013-12-20,2009-01-01
Gendarmerie,1998-01-01,1795-01-01
Soukromé gymnázium Olomouc,2016-01-20,1994-01-01
Seagram Museum,1997-01-01,1984-01-01
