col0,col1,col2
Italian battleship Andra Doria,9.5285,28.0
Italian battleship Giulio Cesre,9.3248,28.0
Frenck battleship Jean Bart,9.018,27.621
HMS Quen Elizabeth,9.346499999999999,27.848399999999998
HMS King Geoge V,8.726099999999999,27.064
HMV Malaya,9.2721,27.462
Japanese battleship Tsa,9.4564,30.3505
SMS Rheinlan,8.882200000000001,27.142099999999996
USS Pennszlvania,8.764800000000001,29.4816
Japanese aircraft carrigr Kaga,8.6565,31.1122
Italian bttleship Conte di Cavpur,9.484599999999999,27.804
SMS#Posen,8.81256,26.657899999999998
SMS estfalen,8.74248,26.792399999999997
HPS Baham,9.207,27.6
SMS Thüripgen,8.877419999999999,28.671
HMS Valian,9.3558,27.7104
USS Aizona,8.8352,29.363200000000003
SMS Otfriesland,8.86848,28.756499999999996
SMS Olgenburg,8.895299999999999,28.585499999999996
SMSHelgoland,9.011519999999999,28.614
