col0,col1,col2
Santa Maria del Camí,Spain,7375
Delta,Canada,102238
Puerto Madryn,Argentina,111447
Concepción del Uruguay,Argentina,72528
La Quiaca,Argentina,13761
Sierra Colorada,Argentina,1542
Firmat,Argentina,25757
Villa Paranacito,Argentina,1940
Buta Ranquil,Argentina,2443
"San Cristóbal, Santa Fe",Argentina,14389
Loncopué,Argentina,4877
Deán Funes,Argentina,21518
Justiniano Posse,Argentina,8499
Lüssow,Germany,177
Westhausen,Germany,6025
Wilhelmsdorf,Germany,5018
Los Cabos Municipality,Mexico,238487
Sinop,Turkey,64544
Vyronas,Greece,61308
Elliniko-Argyroupoli Municipality,Greece,51356
