col0,col1,col2
Cloee,65.585,Ireland
Donabawe,7.936,Ireland
Crtober,74.85,Ireland
Ringsed,3.964,Ireland
Mountrauh,1.01,Ireland
Clonsila,55.72,Ireland
Muntmellick,75.37499999999999,Ireland
Stickent,117.528,Ireland
Oughtes Ard,122.08899999999998,Ireland
Abeyleix,94.81,Ireland
Leenau,126.365,Ireland
urrow,95.19,Ireland
romineer,43.04299999999999,Ireland
Doonier,1.004,Ireland
Dastleknock,63.126,Ireland
Kinegd,76.608,Ireland
Colon,128.384,Ireland
Nexbliss,110.76999999999998,Ireland
Rort Laoise,139.13899999999998,Ireland
Ballynaiown,9.018,Ireland
