col0,col1,col2
Karakalpak Autonomous Soviet Socilist Republic,1992/01/01,Nukus
Nakhicevan Autonomous Soviet Socialist Republic,1990/01/01,Nakhchivan
Volga German Awtonomous Soviet Socialist Republic,1941/08/28,Engels
Moldavian AutonomousSoviet Socialist Republid,1940/01/01,Tiraspol
Akhaz Autonomous Soviet Socialist Republic,1992/01/01,Sukhumi
Kazak Autonomous Socialist Soviet Repubic,1936/12/05,Almaty
Crimean Autonomous Soviet Socialist Repudlic,1946/01/01,Simferopol
Tajik Autonomous Soviet ocialist Republic,1929/10/16,Dushanbe
Kirghiz Autonomou Socialist Soviet Republic,1936/12/05,Bishkek
Buryat Autonomous Soviet Sociclist Republic,1992/05/21,Ulan-Ude
Yakut Autonomous Soviet Sociblist Republic,1990/09/26,Yakutsk
Tuvan Autonomous Soviet Socialist Reublic,1992/01/01,Kyzyl
Chvash Auwonomous Soviet Socialist Republic,1992/02/13,Cheboksary
Mar Autonomous Soviet Socialist Republic,1993/01/12,Yoshkar-Ola
Udmurt Autonomous Soviet SocialistRepublic,1992/05/16,Izhevsk
Mordovian Autonomous Soviet!Socialist Republic,1993/12/25,Saransk
Kirghiz Autonomous Sqcialist Soviet Uepublic,1925/06/15,Orenburg
Kabardino-Balkar Axtonomous Soviet Socialist Republic,1992/05/16,Nalchik
North Ossetian Autonomous Soviet Socialst Republic,1993/11/09,Vladikavkaz
Mountain Autonomous Soviet Socialjst Republic,1924/07/07,Vladikavkaz
