col0,col1,col2
canton of La Crau,264.02,51240
canton of Le Cateau-Cambrésis,163.47,52558
canton of Saint-Chély-d'Apcher,161.05,6149
canton of Cournon-d'Auvergne,18.58,25469
canton of Vic-le-Comte,143.2,20586
canton of Saint-Paulien,113.77,10141
canton of Thiers,89.15,22738
canton of Terrasson-Lavilledieu,216.12,19707
canton of Quimperlé,116,31973
canton of Saint-Alban-sur-Limagnole,194.82,6161
canton of Monistrol-sur-Loire,126.6,13757
canton of Yssingeaux,205.43,12351
canton of Bas-en-Basset,165.21,12980
canton of Aurec-sur-Loire,22.44,14788
canton of Aubière,28.42,20446
canton of Sainte-Maure-de-Touraine,238,27120
canton of Moirans-en-Montagne,164,15206
canton of Péronnas,125.37,12200
canton of Saint-Jean-de-Braye,21.48,38994
canton of Giromagny,124,15350
