col0,col1,col2
pharmacology of traditional Chinese medical formulae,traditional Chinese medicine,traditional Chinese medical formula
genology,literary theory,literary genre
ethnic anthropology,anthropology,ethnic group
prison sociology,sociology,prison
soil science,Earth sciences,soil
Greek studies,Hellenic studies,Ancient Greek
Arabic studies,Oriental studies,Arabic
prehistory and early history,archaeology,prehistory
Hadith studies,Islamic studies,Muhammad
Serbian studies,Slavic studies,Serbian
Slovene studies,Slavic studies,Slovene
cytology,cell biology,cell
mycenology,archaeology,Mycenaean Greece
Catholic ecclesiology,ecclesiology,Catholic Church
botany,biology,plant organ
inorganic chemistry,chemistry,inorganic compound
organic chemistry,chemistry,organic compound
geology,Earth sciences,lithosphere
statistics,mathematics,data
ecology,biology,ecosystem
