col0,col1,col2,col3
Darien,14,23.4,20732
Malaga,90,0.709462,947
Sparks,1162,3.663673,4529
Topanga,1084,49.562926,8289
Coldfoot,309,92.825198,10
Key Largo,1,39.504822,10433
Fisher Island,3,0.692184,132
Thermal,-138,24.303242,2865
Kachina Village,2065,3.169421,2622
Mooresburg,1089,10.950167,941
Elgin,1401,5.030201,282
Metairie,1,60.253576,138481
Berkley,5213,10.622582,11207
Arlington County,80,26.07,224906
Dodson Branch,981,28.766438,1074
Chesterfield,404,19.934303,469
Live Oak,102,8.398287,17158
Petersburg,11,118.179926,3030
Cooper Landing,123,180.90557,289
Haines,11,53.527208,1811
