col0,col1,col2
coat of arms of Les Alqueries,Diari Oficial de la Comunitat Valenciana,Coat of arms of the Crown of Aragon
coat of arms of Algueña,Diari Oficial de la Comunitat Valenciana,grapevine
coat of arms of Aín,Diari Oficial de la Comunitat Valenciana,thistle
coat of arms of Alcàntera de Xúquer,Diari Oficial de la Comunitat Valenciana,bridge
coat of arms of Aielo de Rugat,Diari Oficial de la Comunitat Valenciana,star
coat of arms of Ador,Diari Oficial de la Comunitat Valenciana,castle triple towered
coat of arms of Ayora,Diari Oficial de la Comunitat Valenciana,castle triple towered
coat of arms of Almassora,Boletín Oficial del Estado,castle triple towered
coat of arms of Alfarrasí,Boletín Oficial del Estado,tree
coat of arms of Bèlgida,Boletín Oficial del Estado,arm
coat of arms of Atzeneta del Maestrat,Diari Oficial de la Comunitat Valenciana,castle triple towered
Coat of arms of Ares del Maestrat,Diari Oficial de la Generalitat de Catalunya,castle triple towered
coat of arms of Altura,Diari Oficial de la Comunitat Valenciana,tower
coat of arms of Llíria,Diari Oficial de la Comunitat Valenciana,castle triple towered
coat of arms of Terrateig,Diari Oficial de la Comunitat Valenciana,pale
coat of arms of El Fondó dels Frares,Diari Oficial de la Comunitat Valenciana,bordure
coat of arms of El Fondó de les Neus,Diari Oficial de la Comunitat Valenciana,pale
coat of arms of Benafigos,Diari Oficial de la Comunitat Valenciana,tree
coat of arms of Agullent,Diari Oficial de la Comunitat Valenciana,Coat of arms of the Crown of Aragon
coat of arms of Almedíjar,Diari Oficial de la Comunitat Valenciana,tower
