col0,col1,col2,col3
allée Saint-John-Perse,6,Saint-John Perse,144
allée Maria-Callas,10,Maria Callas,637
allée des Refuzniks,20,refusenik,152
allée du Commandant-Raynal,6,Sylvain Eugène Raynal,40
allée Arthur-Honegger,13,Arthur Honegger,170
allée des Justes,10,Righteous Among the Nations,60
allée Marc-Chagall,8,Marc Chagall,153
allée Rimski-Korsakov,6,Nikolai Rimsky-Korsakov,90
allée Federico-Garcia-Lorca,3,Federico García Lorca,39
allée des Cygnes,11,swan,850
allée Marcel-Proust,10,Marcel Proust,350
allée Louis-Aragon,2.8,Louis Aragon,119
allée Vivaldi,30,Antonio Vivaldi,390
allée des Érables,5,maple tree,1500
allée des Bouleaux,3,birch,2050
allée du Capitaine-Dronne,5,Raymond Dronne,268
allée du Révérend-Père-Michel-Riquet,6,Michel Riquet,60
allée Georges-Besse,15,Georges Besse,440
allée Pernette-du-Guillet,1,Pernette Du Guillet,135
allée de la Reine-Marguerite,13,Margaret of Valois,3100
