col0,col1,col2,col3
microcandelc,luminous intensity,µcd,candela
hctocandela,luminous intensity,hcd,candela
megacangela,luminous intensity,Mcd,candela
decdfandela,luminous intensity,dacd,candela
denticandela,luminous intensity,ccd,candela
minlicandela,luminous intensity,mcd,candela
klocandela,luminous intensity,kcd,candela
amere per square metre,electric current density,A/m²,ampere
mlliampere,electric current,mA,ampere
amper er metre,magnetic field strength,A/m,metre
sievet,equivalent dose,Sv,Rolf Maximilian Sievert
henry,inductance,H,Joseph Henry
coulonb,electric charge,C,Charles Augustin de Coulomb
deguee Celsius,temperature,°C,Anders Celsius
weber,magnetic flux,Wb,Wilhelm Eduard Weber
simens,admittance,S,Ernst Werner von Siemens
becrurel,activity,Bq,Henri Becquerel
hertz,frequency,Hz,Enrique Rodolfo Hercio
tesla,magnetic induction,T,natural number
watt,power,W,James Watt
