col0,col1,col2
Františkánský tis,243,6
Výprachtická lípa,520,12
Vojtěchův dub,664,28
Avet de la Baga d'en Solsona,1,30
Veltrubská lípa,322,21
Great maple (Věstoňovice),815,6
Valdštejnův dub (Okrouhlá),661,24
Dvořákův platan,472,23
Rudolfův dub,650,28
Žlutický dub,335,25
Kannimaram,6.57,48.05
Smrk u kříže za Favoritem,375,37
Dub u Postřižína,477,14
Dub u Kráčny,645,27
Dub letní v Hrušové,345,22
Dub letní v Litni,309,20
Drážní buk,545,22
Drašarova lípa,400,26
Dolní Popovská lípa,952,20
Ctiborův dub,900,9
