col0,col1,col2
(EZ)-aconitic acid,174.016,tricarboxylic acid
"1,2-dibromoethene",185.850278,organobromine compound
2-propyl-2-pentenoic acid,142.099,unsaturated fatty acids
stilben-4-ol,196.088815,stilbenoid
"1,2-dichloroethene",95.953,organochlorine compound
butocarboxim,190.077599,carbamate
(EZ)-nitenpyram,270.088,nitro compound
"1-(1,3-benzodioxol-5-yl)-4,4-dimethyl-1-penten-3-ol",234.126,phenylpropanoid
benzoximate,363.08735,Acaricide
3-decen-1-ol,156.151,fatty alcohol
cinnamamide,147.068,carboxamides
"5-acetamido-4-hydroxy-3-[(EZ)-phenyldiazenyl]naphthalene-2,7-disulfonic acid",465.0301,azo compounds
Disperse Blue 124,377.116,azo compounds
2-amino-5-(4-sulfophenyl)azobenzenesulfonic acid,357.008927,sulfonic acid
2-octene,112.22,octene
2-pentene,70.07825,pentene
6-(4-hydroxy-6-methoxy-7-methyl-3-oxo-1H-isobenzofuran-5-yl)-4-methyl-4-hexenoic acid,320.126,carboxylic acid
olopatadine,337.168,carboxylic acid
5-decene,140.27,chemical compound
isobutyl 3-cyanoacrylate,153.079,chemical compound
