col0,col1,col2
interacting galaxy,galaxy,interacting galaxies
supercluster,astronomical object,galaxy filament
active galactic nucleus,galaxy,galactic bulge
superior planet,planet of the Solar System,Inferior and superior planets
planet,planemo,planetary system
galaxy cluster,deep-sky object,supercluster
protostar,young stellar object,star formation
small Solar System body,astronomical object,Solar System
T Tauri type star,Orion variable,galaxy
star cluster,deep-sky object,galaxy
supernova remnant,emission nebula,galaxy
Herbig–Haro object,emission nebula,galaxy
planetary nebula,emission nebula,galaxy
H II region,emission nebula,galaxy
stellar association,star cluster,galaxy
super star cluster,star cluster,galaxy
open cluster,star cluster,galaxy
globular cluster,star cluster,galaxy
diffuse nebula,nebula,galaxy
molecular cloud,nebula,galaxy
