col0,col1,col2,col3
Lake County,502,7731,14
Jefferson County,814,52123,13
Fentress County,1292,17909,0.06
Madison County,1447,98733,0.3
Overton County,1126,22075,0.3
Moore County,338,6301,0.9
McMinn County,1119,52341,0.5
Smith County,843,19074,3.4
Lincoln County,1478,33633,0.07
Anderson County,893,75542,2.2
Jackson County,828,11517,3.5
Decatur County,893,11661,3.2
Cumberland County,1774,57466,0.6
Henry County,1537,32210,5.3
Cocke County,1148,35479,1.9
Blount County,1468,125099,1.4
Tipton County,1230,61586,3.2
Morgan County,1353,21915,0.06
Hardin County,1544,26034,3.2
Hamilton County,1491,348673,5.8
