col0,col1,col2
Moche Rip Curl Pro Portugal 2015,Moche Rip Curl Pro Portugal 2014,MEO Rip Curl Pro Portugal 2016
1985 Pot Black,1984 Pot Black,1986 Pot Black
2015–16 Basketligaen,2014–15 Basketligaen,2016–17 Basketligaen
2004 World Field Archery Championships,2002 World Field Archery Championships,2006 World Field Archery Championships
2002 World Field Archery Championships,2000 World Field Archery Championships,2004 World Field Archery Championships
2003 World Indoor Archery Championships,2001 World Indoor Archery Championships,2005 World Indoor Archery Championships
1995 English Greyhound Derby,1994 English Greyhound Derby,1996 English Greyhound Derby
1993 English Greyhound Derby,1992 English Greyhound Derby,1994 English Greyhound Derby
2012 World Field Archery Championships,2010 World Field Archery Championships,2014 World Field Archery Championships
1988 English Greyhound Derby,1987 English Greyhound Derby,1989 English Greyhound Derby
1989 English Greyhound Derby,1988 English Greyhound Derby,1990 English Greyhound Derby
1990 English Greyhound Derby,1989 English Greyhound Derby,1991 English Greyhound Derby
1991 English Greyhound Derby,1990 English Greyhound Derby,1992 English Greyhound Derby
1992 English Greyhound Derby,1991 English Greyhound Derby,1993 English Greyhound Derby
2008 World Field Archery Championships,2006 World Field Archery Championships,2010 World Field Archery Championships
2006 World Field Archery Championships,2004 World Field Archery Championships,2008 World Field Archery Championships
2005 World Indoor Archery Championships,2003 World Indoor Archery Championships,2007 World Indoor Archery Championships
1994 World Field Archery Championships,1992 World Field Archery Championships,1996 World Field Archery Championships
1988 World Field Archery Championships,1986 World Field Archery Championships,1990 World Field Archery Championships
1982 World Field Archery Championships,1980 World Field Archery Championships,1984 World Field Archery Championships
