col0,col1,col2,col3
Thane district,5865078,2529165,8227161
Bishnupur district,118782,46580,156333
Guna district,649362,244401,653980
Alappuzha district,1013142,535958,1852797
Tonk district,728136,266870,749659
Ujjain district,1016289,391438,1240990
Kasganj district,764165,237903,724850
Chamarajanagar district,512231,244874,565279
Bhavnagar district,1490201,538605,1887255
Bharuch district,805707,333483,1118276
Bharatpur district,1355726,425414,1480869
Lahaul and Spiti district,16588,6674,21845
Belgaum district,2423063,983854,3052032
Beed district,1349106,535835,1718507
Bargarh district,749161,370308,983783
Bardhaman district,3966889,1730927,5247208
Banswara district,907754,367797,829343
Bangalore Rural district,509172,229279,688749
Bengaluru Nagara district,5022661,2393845,7512276
Banaskantha district,1610379,560411,1704923
