col0,col1,col2,col3,col4
1965 Polish Badminton Championships,1965 Polish Badminton Championships – Men's singles,badminton,1965-01-01,Poznań
1975 Polish Badminton Championships,1975 Polish Badminton Championships – Men's singles,badminton,1975-01-01,Wołomin
1978 Polish Badminton Championships,1978 Polish Badminton Championships – Men's singles,badminton,1978-01-01,Głubczyce
1971 Polish Badminton Championships,1971 Polish Badminton Championships – Men's doubles,badminton,1971-01-01,Mielec
1994 Polish Badminton Championships,1994 Polish Badminton Championships – Men's singles,badminton,1994-01-01,Gmina Mielno
1996 Polish Badminton Championships,1996 Polish Badminton Championships – Men's singles,badminton,1996-01-01,Suwałki
1991 Polish Badminton Championships,1991 Polish Badminton Championships – Men's singles,badminton,1991-01-01,Suwałki
1989 Polish Badminton Championships,1989 Polish Badminton Championships – Men's singles,badminton,1989-01-01,Suwałki
1972 Polish Badminton Championships,1972 Polish Badminton Championships – Men's singles,badminton,1972-01-01,Kołobrzeg
1973 Polish Badminton Championships,1973 Polish Badminton Championships – Men's singles,badminton,1973-01-01,Gorzów Wielkopolski
1980 Polish Badminton Championships,1980 Polish Badminton Championships – Men's singles,badminton,1980-01-01,Chrzanów
1986 Polish Badminton Championships,1986 Polish Badminton Championships – Men's singles,badminton,1986-01-01,Koszalin
1998 Polish Badminton Championships,1998 Polish Badminton Championships – Men's singles,badminton,1998-01-01,Kraków
1993 Polish Badminton Championships,1993 Polish Badminton Championships – Men's singles,badminton,1993-01-01,Kraków
1981 Polish Badminton Championships,1981 Polish Badminton Championships – Men's singles,badminton,1981-01-01,Wrocław
1979 Polish Badminton Championships,1979 Polish Badminton Championships – Men's singles,badminton,1979-01-01,Wrocław
1995 Polish Badminton Championships,1995 Polish Badminton Championships – Men's singles,badminton,1995-01-01,Rzeszów
1976 Polish Badminton Championships,1976 Polish Badminton Championships – Men's singles,badminton,1976-01-01,Katowice
1974 Polish Badminton Championships,1974 Polish Badminton Championships – Men's singles,badminton,1974-01-01,Łódź
1984 Polish Badminton Championships,1984 Polish Badminton Championships – Men's singles,badminton,1984-01-01,Warsaw
