col0,col1,col2
Sm 27,monument in Fornminnesregistret,Berga socken
U 74,monument in Fornminnesregistret,Husby
U 85,monument in Fornminnesregistret,Hässelby Villastad
Gotlands runinskrifter 291,monument in Fornminnesregistret,Hellvi Church
U 75,monument in Fornminnesregistret,Kista
Ljungby 57:1,monument in Fornminnesregistret,"Ljungby parish, Sunnerbo"
Sö 213,monument in Fornminnesregistret,Överselö socken
Södermanlands runinskrifter 116,monument in Fornminnesregistret,Sundby socken
Sö 49,monument in Fornminnesregistret,Stigtomta socken
Sö 55,monument in Fornminnesregistret,Blacksta socken
Fosiestenen (DR 262),monument in Fornminnesregistret,Malmö City
Småland Runic Inscription 35,monument in Fornminnesregistret,"Ljungby parish, Sunnerbo"
Hybystenen 1,monument in Fornminnesregistret,Hyby socken
Gästriklands runinskrifter 11,monument in Fornminnesregistret,Gävle Town
Sövestadstenen,monument in Fornminnesregistret,Krageholm Castle
Kung Kåres sten,monument in Fornminnesregistret,Furuby socken
Västergötland Runic Inscription 73,monument in Fornminnesregistret,Synnerby socken
Uppland Runic Inscription 77,monument in Fornminnesregistret,Sundbybergs stad
Uppland Runic Inscription Fv1953;263,monument in Fornminnesregistret,Sollentuna Parish
Uppland Runic Inscription 448,monument in Fornminnesregistret,Odensala socken
