col0,col1,col2
True,2001-01-01,Nazraeli Press
Unix Shell Programming Tools,1999-01-01,McGraw-Hill Education
Introduction to Operations Research,2005-01-01,McGraw-Hill Education
Bioimaging in Neurodegeneration,2005-01-01,Humana Press
Biometrics of Birds throughout the Greater Caribbean Basin,2004-01-01,Western Foundation of Vertebrate Zoology
Study of Crisis,2000-01-01,University of Michigan Press
Rebel with a Conscience,1999-01-01,University of Delaware Press
Understanding Pathophysiology,2008-01-01,Mosby
Two Confederate Hospitals and their Patients: Atlanta to Opelika,2005-01-01,Mercer University Press
War of 1812,1999-01-01,McClelland & Stewart
Beginning 3D Game Programming,2004-01-01,Pearson Education
Classical and Contemporary Cryptology,2005-01-01,Pearson Education
Understanding Renewable Energy Systems,2005-01-01,Earthscan
Practical Analog and Digital Filter Design,2005-01-01,Artech House
Modern Microwave Circuits,2005-01-01,Artech House
Final Victims: Foreign Slave Trade to North America 1783-1810,2004-01-01,University of South Carolina Press
Utrecht Psalter Picturing the Psalms of David,1996-01-01,Utrecht University Library
Ultrasonography of the Eye and Orbit,2006-01-01,Lippincott Williams & Wilkins
Turbulence and Structures,1999-01-01,Academic Press
Ground Penetrating Radar,2004-01-01,Institution of Electrical Engineers
