col0,col1,col2,col3
Reservoir of Khmelnytskyi Nuclear Power Plant,18.38,23.4,7
Horgener Bergweiher,4.2,870,340
Chirkeyskoye Vodokhranilishche,42.5,86,40
Vil'khivs'ke Vodoskhovyshche,3.7,18,6
Reservoir Veselovsky,238,500,98
Lake Sonoma,2700,50,5.7
Lake Solina,22,150,25
Pipurger Speicher,0.137,1.9,0.805
Kielder Water,10.86,44.3,9.09
Kakhovka Reservoir,1850,896,230
Thirlmere,3.25,15,6.05
Freudensee,0.0714,1.4,0.51
Kremenchuk Reservoir,2250,800,149
Røssvatnet,218.048869,256.37,38
Mjøsa,369.322128,273,117
Bleichsee,0.02,0.7,0.24
Lake Davos,0.59,3.77,5.9
Achensee,6.8,20.85,8.4
Lago del Brugneto,0.97,13.5,3
Altevatnet,79.653136,108.02,38
