col0,col1,col2
Come Together,Abbey Road,F major
Happy,Girl,F major
"Song in F major, op. 74 no. 16 'Piosenka litewska'","Pieśni, Op. posth. 74",F major
A House Is Not a Home,Never Too Much,F major
Miracles Happen,Myra,F major
Aura,Artpop,F major
Part of Your World,Disneymania,F major
Part of Your World,The Little Mermaid,F major
Mother Knows Best,Tangled,F major
Misty (song),Contrasts,E-flat major
Demons,Night Visions,E-flat major
You're Beautiful,Back to Bedlam,E-flat major
I See the Light,Tangled,E-flat major
What Is This Thing Called Love?,Wake Up and Dream,B-flat major
A Thousand Years,The Twilight Saga: Breaking Dawn – Part 1 – Original Motion Picture Soundtrack,B-flat major
Mine Again,The Emancipation of Mimi,B-flat major
Can You Feel the Love Tonight,The Lion King,B-flat major
I Kissed a Girl,One of the Boys,A minor
The Battle of Evermore,Led Zeppelin IV,A minor
Stairway to Heaven,Led Zeppelin IV,A minor
