col0,col1,col2
The Road to Tarascon,24.3,31.9
Woman with Black Hat,44.9,34
Gothic Church Ruin,41.8,34.8
The invention of drawing 2138 (I) / 327,41,51
"Lancelot and Elaine: Farewell, fair Lily",45.7,30
Interior of Milan Cathedral,35.1,18.9
Design for an heraldic panel of stained glass,33.1,29
Self-portrait of Gianlorenzo Bernini,275,215
Self-portrait,230,157
Ostrich Hunting,630,465
The artist Juvela,8.5,13
Self-Portrait,31.5,23.5
Hanging of Bernardo Bandini Baroncelli,19.2,7.3
The Fair at Hoboken,26.5,39.4
Torso of Venus and a Landscape,32.1,24.6
Portrait of a Man in a Top Hat,39.9,24.6
Pity,425,539
Landscape with Wheelbarrow,24.9,35.7
At a Window in the Artist's Studio,274,231
Head of Leda,20,15.7
Study of a woman's hands,21.4,15
Satan Smiting Job with Sore Boils,43.2,32.6
A Saint on Horseback,21.59,17.62
Saint Peter,31.7,19.7
Portrait of a Young Woman,41.9,26.5
Bust of a Warrior,28.5,20.7
Pietà for Vittoria Colonna,28.9,18.9
Madonna of the Animals,32,24
Madonna with child,54.1,39.6
Crucifixion,37,27
The Fall of Phaeton,31.2,21.5
Adoration of the Shepherds,18.1,31.6
Saint Barbara,34,18.5
Arno Valley Landscape,19,28.5
Naked Woman Climbing a Staircase,78,55.8
The Owls' Nest,141,197
L.H.O.O.Q.,19.7,12.4
Epifania,232,165
The Virgin and Child with Saint Anne and Saint John the Baptist,141.5,104.6
Group of Ten Spectators,124,126
Bonaparte at Malmaison,69,47.5
Portrait of a Young Fiancée,33,24
The Tree-Man,27.7,21.1
self-portrait in the nude,29,15
Self-portrait,27.5,19.6
Portrait of a Man in Red Chalk,333,213
Stalingrad Madonna,90,120
Portrait of Isabella d'Este,63,46.5
The Captive King,336,395
Great Piece of Turf,40.8,31.5
Vitruvian Man,34.6,25.5
Dancers,44.8,34.9
Head of a Woman,34.5,43
Nudes,34.3,44.5
Eiffel Tower,21.8,14.9
