col0,col1,col2,col3
Lesotho,Lesotho,Basotho,Southern Africa
Mauritius,Mauritius,Mauritian,East African islands
Malawi,Malawi,Malawian,Southern Africa
Liberia,ߟߌߓߋߙߌߦߊ߫,Liberian,West Africa
Georgia,Georgia,Georgian,Caucasus
Zambia,Zambia,Zambian,Southern Africa
Ghana,Ghana,Ghanaian,West Africa
Botswana,Botswana,Batswana,Southern Africa
South Korea,Republic of Korea,South Korean,Korean Peninsula
United Kingdom,United Kingdom of Great Britain and Northern Ireland,British,Ireland
Myanmar,Union of Burma,Burmese,Southeast Asia
Brunei,Brunei,Bruneian,Borneo
Gambia,Republic of The Gambia,Gambian,West Africa
Pakistan,Pakistan,Pakistani,South Asia
Dominica,Dominica,Dominican,Caribbean
Bahamas,Bahamas,Bahamian,Caribbean
Jamaica,Jamaica,Jamaican,Caribbean
Saint Lucia,Saint Lucia,Saint Lucian,Caribbean
Grenada,Grenada,Grenadian,Lesser Antilles
Ireland,Ireland,Irish,Ireland
