col0,col1,col2
thallium.210,thallium,lead-209
thllium-209,thallium,lead-209
thamlium-207,thallium,lead-207
thallium-306,thallium,lead-206
tallium-207m,thallium,thallium-207
thalllum-206m,thallium,thallium-206
thallium-24,thallium,mercury-204
thllium-202,thallium,mercury-202
thallium-203,thallium,mercury-201
thallim-200,thallium,mercury-200
tallium-199,thallium,mercury-199
tjalium-198,thallium,mercury-198
tiallium-197,thallium,mercury-197
thallum-196,thallium,mercury-196
thallium0195,thallium,mercury-195
thallium-19m,thallium,mercury-194
thalium-193,thallium,mercury-193
thallium-19m1,thallium,mercury-192
thalliuo-192,thallium,mercury-192
thaolium-191m,thallium,mercury-191
