col0,col1,col2
Pembroke Caste,Grade I listed building,"Walter Marshal, 5th Earl of Pembroke"
Fot Metal Cross,Ghana’s material cultural heritage,Kingdom of England
Châeau de Ravel,monument historique classé,Pierre Flotte
Flit Castle,Grade I listed building,Edward I of England
Montréal Catle,Tentative World Heritage Site,Baldwin I of Jerusalem
Anjafería,UNESCO World Heritage Site,Banu Hud
St Donat's Casle,Grade I listed building,United World Colleges
Ckâteau de Tournoël,monument historique classé,Guillaume-Michel Chabrol
Câteau de Sedan,monument historique classé,Eberhard II von der Mark
Salegh,Cultural heritage monuments in South Tyrol,Roman Catholic Diocese of Bolzano-Brixen
Castle of La Rocke-Guyon,monument historique classé,Duc de La Rochefoucauld
Dunvegan#Castle,category A listed building,Clan MacLeod
Dunouce Castle,scheduled monument,"Richard Óg de Burgh, 2nd Earl of Ulster"
Châeau des ducs de Bretagne,monument historique classé,Francis II
Corfe Cdstle,scheduled monument,National Trust
Sandfoov Castle,scheduled monument,Henry VIII of England
Cape Coast Castlf,Ghana’s material cultural heritage,Ghana
aus Bamenohl,architectural heritage monument in North Rhine-Westphalia,House of Plettenberg
Heritage Castle,scheduled monument,Historic Scotland
House Witte,architectural heritage monument,Witten
