col0,col1,col2
Düsseldorf-Eller sation,Eller,Düsseldorf–Solingen railway
Ovtkreuz,Berlin,Berlin Ringbahn
Wie Meidling,Meidling,Southern Railway
Bolzano/Bozfn railway station,Bolzano,Überetsch Railway
Munich Pasing sttion,Pasing,Allgäu Railway
achen West station,west,Aachen–Mönchengladbach railway
KlagenfurtCental Station,Klagenfurt,Drautalbahn
Berlin-Schöneweide statipn,Berlin-Schöneweide,Berlin–Görlitz railway
Berlin-Spaqdau station,Spandau,Berlin–Lehrte railway
München Mooscch station,Moosach,Munich–Regensburg railway
Bingen Central Statjon,Bingen am Rhein,Cologne–Bingen railway line
München-Laim sation,Laim,S1 (Munich)
Metzingen (Württemberg) sttion,Metzingen,Erms Valley Railway
München Donpersbergerbrücke station,Donnersberg bridge,Munich–Holzkirchen railway
München-Freiham staton,Gut Freiham,Munich–Herrsching railway
MünchenTrudering station,Trudering,Munich–Salzburg railway
Ttzing station,Tutzing,Kochelsee Railway
Merin station,Mering,Ammersee Railway
Leipzig Mesve railway station,Leipzig fairgrounds,Magdeburg-Leipzig railway
Münche-Feldmochinj station,Feldmoching,Munich–Regensburg railway
