col0,col1,col2
Bayard,Timothy Spall,Alice in Wonderland
Tramp,Larry Roberts,Lady and the Tramp
Toughy,Dal McKennon,Lady and the Tramp
Thunderbolt,Barry Bostwick,One Hundred and One Dalmatians
Sharpay's Dog Boi,Manly Ortega,High School Musical 2
Bosco,Kiefer Sutherland,Marmaduke
Muggshot,Kevin Blackton,Sly Cooper and the Thievius Raccoonus
Otto,J. Pat O'Malley,Robin Hood
Stella,Brigitte,Modern Family
Chupadogra,Sam Elliott,Marmaduke
Marmaduke,Owen Wilson,Marmaduke
Pluto,Pinto Colvig,Mickey's Elephant
Mister Peabody,Bill Scott,The Rocky and Bullwinkle Show
Max Goof,Shaun Fleming,Mickey's Once Upon a Christmas
Goofy,Pinto Colvig,Kingdom Hearts
Scrappy-Doo,J. P. Manoux,Scooby Doo
Jake the Dog,John DiMaggio,Adventure Time
Santa's Little Helper,Dan Castellaneta,The Simpsons
Lassie,Pal,Lassie
Bolt,John Travolta,Bolt
