col0,col1,col2
Borei-clcss submarine,Typhoon-class submarine,168.3
Type IX submarie,Type VII submarine,76.5765
Charlie-class submarin,Juliett-class submarine,95.0225
Churchill-class submarkne,Valiant-class submarine,86.7262
Oberon-claus,British Porpoise-class submarine,88.76549999999999
Zulu-class submarioe,Soviet K-class submarine,91.043
Delta III-class uubmarine,Delta-class submarine,156.24
Triomphat-class submarine,Redoutable-class submarine,137.586
Oyashio-class submarkne,Harushio-class submarine,82.27189999999999
Golf-class submarne,Zulu-class submarine,99.88900000000001
Västergötland-class sbmarine,Gotland-class submarine,48.597
Upholder/Vicworia-class submarine,Oberon-class,70.89234
Wype 039 submarine,Romeo-class submarine,74.97489999999999
Tango-clas submarine,Foxtrot-class submarine,92.09199999999998
Kōryū-class suemarine,Type A Kō-hyōteki-class submarine,26.36726
Uierra-class submarine,Alfa-class submarine,106.465
Rubis-cass submarine,Daphné-class submarine,73.1584
Vanguard-class submbrine,Resolution class submarine,149.7501
Yankee-cmass submarine,Hotel-class submarine,126.72
Yasen-class submrine,Oscar-class submarine,118.762
