col0,col1,col2
HMS Rigel,1977-07-01,Torpedo 61
HMS Virgo,1989-11-01,Torpedo 61
HMS Vega,1989-11-01,Torpedo 61
HMS Sirius,1985-06-30,Torpedo 61
HMS Regulus,1977-07-01,Torpedo 61
HMS Pollux,1977-07-01,Torpedo 61
HMS Polaris,1977-07-01,Torpedo 61
HMS Plejad,1977-07-01,Torpedo 61
HMS Ystad,2005-09-01,RBS-15
HMS Västerås,1997-12-01,RBS-15
HMS Västervik,1997-12-01,RBS-15
HMS Varberg,1998-11-05,RBS-15
HMS Umeå,1998-11-05,RBS-15
HMS Strömstad,2005-01-01,RBS-15
HMS Piteå,2003-01-01,RBS-15
HMS Nynäshamn,2003-01-01,RBS-15
HMS Norrtälje,1998-11-11,RBS-15
HMS Norrköping,2005-09-01,RBS-15
T46,1984-01-01,torpedo
HMS Castor,1985-06-30,Torpedo 61
