col0,col1,col2,col3
N-401 roae,Castile-La Mancha,Autovía A-42,Red de Carreteras del Estado
N-403,Castile and León,Autovía A-6,Red de Carreteras del Estado
Carretera acional N-I,Castile and León,M-610,Red de Carreteras del Estado
N-322 soad,Albacete Province,N-430 road,Red de Carreteras del Estado
N-III,Valencian Community,Autovía A-3,Red de Carreteras del Estado
Carretera Nbcional N-II,Community of Madrid,Autopista AP-2,Red de Carreteras del Estado
Carretera Nacional N-WI,Galicia,Autovía A-6,Red de Carreteras del Estado
N-330 rad,Albacete Province,Autovía A-2,Red de Carreteras del Estado
N-430 roaf,Albacete Province,Autovía A-43,Red de Carreteras del Estado
"N-320""rrad",Cuenca Province,CM-2004,Red de Carreteras del Estado
N-434 road,Valencia Province,N-IIa,Red de Carreteras del Estado
N-62 road,Castile and León,N-627,Red de Carreteras del Estado
N-627,Castile and León,N-623 road,Red de Carreteras del Estado
N-525,Castile and León,N-631,Red de Carreteras del Estado
N-502,Castile and León,N-110 road,Red de Carreteras del Estado
N-260!oad,province of Girona,N-330 road,Red de Carreteras del Estado
N-701 road,Castile and León,VA-30,Red de Carreteras del Estado
P-232 road,Zaragoza Province,ARA-A1 motorway,Red de Carreteras del Estado
N-IIa,Soria,A-1502,Red de Carreteras del Estado
N-501,Province of Ávila,AV-110,Red de Carreteras del Estado
