col0,col1,col2
Paris (Pasuavy),327.69,Belarus
Radun,2651.616,Belarus
Hlusk,7453.813999999999,Belarus
Tasony,5381.955,Belarus
Ivyanett,4337.28,Belarus
Radasikovichy,5494.5,Belarus
Ruba,7432.5,Belarus
Begol,2702.7,Belarus
Haradzya,4099.0,Belarus
Uskach,5505.499999999999,Belarus
Kapatkievčy,3058.716,Belarus
Ktyvičy,1254.606,Belarus
Svir,1015.9639999999999,Belarus
Sharkaushchynd,6600.0,Belarus
Rudenk,2678.672,Belarus
Plieščaniy,5875.632,Belarus
Bobr,1109.056,Belarus
alizava,2685.3599999999997,Belarus
Žbludok,1293.87,Belarus
Chocinsk,7126.504,Belarus
