col0,col1,col2
Pružany District,Pruzhany,Brest Region
Luninets District,Luniniec,Brest Region
Ivacevičy District,Ivacevičy,Brest Region
Baranavichy District,Baranavichy,Brest Region
Pinsk District,Pinsk,Brest Region
Brest District,Brest,Brest Region
Hrodna District,Grodno,Belastok Region
Bialyničy District,Byalynichy,Byelorussian Soviet Socialist Republic
Svietlahorsk District,Svietlahоrsk,Byelorussian Soviet Socialist Republic
Kiraŭsk District,Kirawsk,Byelorussian Soviet Socialist Republic
Krychaw District,Krychaw,Byelorussian Soviet Socialist Republic
Dubroŭna District,Dubroŭna,Byelorussian Soviet Socialist Republic
Klimavičy District,Klimavichy,Byelorussian Soviet Socialist Republic
Gorodishchenskiy Raion,Haradzišča,Baranavichy Voblast
Stowbtsy District,Stowbtsy,Minsk Region
Salihorsk District,Salihorsk,Minsk Region
Nesvizh District,Nyasvizh,Minsk Region
Maladziečna District,Maladziečna,Minsk Region
Pukhavichy District,Marjina Horka,Minsk Region
Liubań District,Liubań,Minsk Region
