col0,col1,col2
Ytterlännäs old church,Ytterlännäs Madonna,Kramfors Municipality
Mesa Verde Administrative District,Chapin Mesa Archeological Museum,Montezuma County
State archive,Depot Algemeen Rijksarchief,The Hague
"Alhambra, Generalife and Albayzín, Granada",Albaicín,Granada
"Cathedral, Alcázar and Archivo de Indias in Seville",Seville Cathedral,Seville
Swedish Museum of Natural History,Cosmonova,Stockholm Municipality
Vondelpark,Blauwe Theehuis,Amsterdam
Hydepark Doorn,"Oranjerie, Hydepark Doorn",Utrechtse Heuvelrug
Sonsbeek Park,Sonsbeek Park,Arnhem
Vadstena Abbey,Sancta Birgitta Klostermuseum,Vadstena Municipality
Sony Center,Arsenal,Mitte
Churches of Peace,Peace Church in Świdnica,Lower Silesian Voivodeship
Dacian Fortresses of the Orăștie Mountains,Bănița Dacian fortress,Bănița
Villa Borghese gardens,Villa Borghese Pinciana,municipio I
Stockholm Palace,Royal Armoury,Stockholm Municipality
Megalithic Temples of Malta,Ġgantija,Qrendi
Hackesche Höfe,Hackesche Höfe Kino,Mitte
Berlin Warschauer Straße station,Warschauer Straße metro station,Friedrichshain-Kreuzberg
Fujian Tulou,Tianluokeng Tulou cluster,Fujian
Landgoed Rosendael,"Theekoepel, Rosendael",Rozendaal
