col0,col1,col2,col3
Electoral district #61,3018,151973,138
Electoral district #59,3370,151512,144
Electoral district #58,69.613,156578,98
Electoral district #54,1452,155520,123
Electoral district #53,357,174275,116
Electoral district #50,1031,152595,113
Electoral district #49,2601,142688,122
Electoral district #48,356,144983,90
Electoral district #47,2358,132684,113
Electoral district #45,895,44145,108
Electoral district #41,223.5,151531,88
Electoral district #39,6709,144971,156
Electoral district #38,4534,144383,137
Electoral district #36,1531,149657,101
Electoral district #35,2019,158051,113
Electoral district #34,3916,146272,137
Electoral district #23,6877,159369,259
Electoral district #22,42,155030,83
Electoral district #21,5087,153214,249
Electoral district #20,4940,158003,313
