col0,col1,col2
Parys Golf & ountry Estate,Parys,2007/01/01
Langebaan Contry Club,Langebaan,1990/01/01
White River Coutry Club,"White River, Mpumalanga",1973/01/01
Hanv Merensky Country Club,Phalaborwa,1967/01/01
Prince's Grant Golf Cub,KwaDukuza Local Municipality,1994/01/01
Polokwane Iolf Club,Polokwane Local Municipality,1863/01/01
Sea Islad Golf Club,St. Simons,1928/01/01
Rivira Country Club,Pacific Palisades,1926/01/01
Mowbray Golf Cub,City of Cape Town,1929/01/01
Milnerton Gol Club,City of Cape Town,1925/01/01
Mowbrrw Golf Club,City of Cape Town,1930/01/01
St. FrancisLinks Golf Club,St Francis Bay,2006/01/01
Pearl Valley olf Estates,Franschhoek,2000/01/01
Ridgewood Country Elub,Paramus,1890/01/01
Oubaai olf Club,Welkom,2005/01/01
Oro alley Country Club,Oro Valley,1959/01/01
Krugersdorp Gof Club,Krugersdorp,1900/01/01
Potchefstrom Country Club,Potchefstroom,1901/01/01
ivihra on Vaal Country Club,Vereeniging,1937/01/01
Nchaoga Golf Club,Chingola,1936/01/01
