col0,col1,col2
Der Mensch ist der Mund des Herrn,16.5,21
Dittlsam,16.5,26.5
Sketch of the Model Posing,55.5,76.5
Portrait of Louis XV,54,60
Self-Portrait with a Visor,38,46
Appeal,17,23.5
Passion Flower,47.5,72.5
Dancing Natalie Nordmann,26.5,37
Two Women at a Coffee Table,20.9,35.5
A Destroying Deity,298.7,206.5
In Vaudeville,206.5,330.45
Landscape with Graves,28.6,23.8
An Elephant Combat,314.2,260.6
Dead Blue Roller,19.8,27.4
The Abandoned Oidipus,45,65
The Author August Strindberg,39,56
"Bonneville, Savoy",123,92
Trunks of olive-trees,40,30
Self-portrait,21,29
Man under lock and key,24.5,32.5
