col0,col1,col2,col3,col4
Land-use map of the world,38,land use,Harvard Library,54
Map of the Landforms of the United States,104,landform,Harvard Library,65
Map of southeastern Asia,38,landform,Harvard Library,57
Greater Antilles,41,landform,Harvard Library,24
Landforms of the United States,85,landform,Harvard Library,54
Landforms of Mexico (second edition),100,physical geography,Harvard Library,68
Map of Japan and Korea (Chōsen),49,physical geography,Harvard Library,40
Arabia,57,Arabian Peninsula,Harvard Library,50
Landforms of Arabia,73,Arabian Peninsula,Harvard Library,64
Landforms of Central America,34,Central America,Harvard Library,25
Landform map of North Africa,117,North Africa,Harvard Library,51
Landforms of Central Asia,58,Central Asia,Harvard Library,41
Landforms of the Near East,72,Middle East,Harvard Library,51
Near East,49,Middle East,Harvard Library,36
Physiographic map of Tennessee,26,Tennessee,Harvard Library,13
Physiographic diagram of the New York region,46,New York,Harvard Library,28
Physiographic map of Virginia,41,Virginia,Harvard Library,23
Landforms of California and Nevada,26,Nevada,Harvard Library,41
Physiographic map of Utah,28,Utah,Harvard Library,31
Landforms of Oregon,56,Oregon,Harvard Library,43
