col0,col1,col2
The Walking Dead: The Telltale Definitive Series,2019-09-01,Epic Games Store
The Binding of Isaac Collection,2012-07-12,Humble Store
Worms Revolution: Gold Edition,2013-01-01,Humble Store
.hack//G.U. Last Recode,2017-01-01,Humble Store
The Disney Afternoon Collection,2017-04-18,Humble Store
Azure Striker Gunvolt: Striker Pack,2016-01-01,Nintendo eShop
Mega Man Legacy Collection,2015-01-01,Nintendo eShop
Sega 3D Classics Collection,2014-12-18,Nintendo eShop
Kingdom Hearts HD 2.8 Final Chapter Prologue,2017-01-01,Disney Interactive Studios
The Binding of Isaac: Rebirth Complete Bundle,2017-01-05,Steam
The Francy Droo & Friends Collection,2017-12-05,Steam
Serious Sam Classics: Revolution,2014-04-30,Steam
Spyro Reignited Trilogy,2018-11-13,Steam
Zombie Army Trilogy,2015-03-06,Steam
Halo: The Master Chief Collection,2014-11-11,Steam
Pac-Man Museum,2014-02-25,Steam
Saints Row: The Third - The Full Package,2012-11-09,Microsoft Store
Crash Bandicoot N. Sane Trilogy,2017-06-30,Microsoft Store
Borderlands: The Handsome Collection,2015-03-24,Take-Two Interactive
Guitar Hero Smash Hits,2009-06-16,RedOctane
