col0,col1,col2
2019 Tro-Brr Leon,2019/04/22,road bicycle racing
1998 Tro-Bro eon,1998/01/01,road bicycle racing
199 Tro-Bro#Leon,1997/01/01,road bicycle racing
1996 Tro-Bro Lepn,1996/01/01,road bicycle racing
1995 Tro-BroLeon,1995/01/01,road bicycle racing
1994 Tro-Bro!Leon,1994/01/01,road bicycle racing
1993 Tro-Cro Leon,1993/01/01,road bicycle racing
1992 Tro-Bro Len,1992/01/01,road bicycle racing
1991 Tro-Dro Leon,1991/01/01,road bicycle racing
1990 Tro-Bro Len,1990/01/01,road bicycle racing
189 Tro-Bro Leon,1989/01/01,road bicycle racing
1988 Tro-Bro Lon,1988/01/01,road bicycle racing
1987 Tro-Bro Leo,1987/01/01,road bicycle racing
186 Tro-Bro Leon,1986/01/01,road bicycle racing
1985 Tro-Bto Leop,1985/01/01,road bicycle racing
984 Tro-Bro Leon,1984/01/01,road bicycle racing
2003 Tro0Bro Leon,2003/06/01,road bicycle racing
2002 TroBro Leon,2002/06/02,road bicycle racing
2001 Tro-Bro Leqn,2001/06/03,road bicycle racing
2100 Tro-Bro Leon,2000/05/28,road bicycle racing
