col0,col1,col2,col3,col4
NGC 6286,[CHM2007] LDC 1228,Lewis A. Swift,1885-01-01,58.9361694
Sunflower Galaxy,M51 Group,Pierre Méchain,1779-06-14,42.0293683550047
Messier 96,M96 Group,Pierre Méchain,1781-03-20,11.8199389
Messier 99,Virgo Cluster,Pierre Méchain,1781-03-15,14.4164889
NGC 5705,[TSK2008] 670,Édouard Stephan,1884-05-17,-0.7183833
NGC 3839,[CHM2007] HDC 669,Édouard Stephan,1882-04-19,10.7847722
NGC 5725,[TTG2014] 9,Heinrich Louis d'Arrest,1862-04-27,2.1868306
NGC 5738,[CHM2007] HDC 888,Albert Marth,1864-04-12,1.6040444
Messier 66,Leo Triplet,Charles Messier,1780-03-01,12.9912889
Messier 84,Virgo Cluster,Charles Messier,1781-03-18,12.886983139
Messier 58,Virgo Cluster,Charles Messier,1779-04-15,11.8180889
NGC 2903,[TSK2008] 271,William Herschel,1784-11-16,21.5008306
NGC 5900,[TSK2008] 1251,William Herschel,1787-04-09,42.2098528
NGC 7541,[TSK2008] 1179,William Herschel,1785-01-01,4.5339
NGC 4088,[T2015] nest 100008,William Herschel,1788-03-09,50.5391755279074
Sombrero Galaxy,[CHM2007] LDC 904,William Herschel,1781-04-09,-11.623054278
NGC 1140,[CHM2007] LDC 182,William Herschel,1785-11-22,-10.0286487737165
NGC 5953,[CHM2007] LDC 1131,William Herschel,1784-04-17,15.1938333
NGC 5478,[CHM2007] LDC 1030,William Herschel,1789-03-23,-1.7023134065499
NGC 5713,[CHM2007] HDC 886,William Herschel,1787-04-11,-0.2892111
