col0,col1,col2
De Tochten,Rotterdam Metro,1984-04-19
Hesseplaats,Rotterdam Metro,1984-04-19
Schenkel,Rotterdam Metro,1983-05-28
Ambachtsland,Rotterdam Metro,1984-04-24
Prinsenlaan,Rotterdam Metro,1983-05-28
Graskruid,Rotterdam Metro,1983-05-28
Oosterflank,Rotterdam Metro,1983-05-28
Nieuw Verlaat,Rotterdam Metro,1984-04-19
Romeynshof,Rotterdam Metro,1983-05-28
Willem Dreeslaan,RandstadRail,2006-10-29
Palenstein,RandstadRail,2006-10-29
De Leyens,RandstadRail,1979-09-29
Stadhuis,RandstadRail,2006-10-29
Lansingerland-Zoetermeer railway station,RandstadRail,2018-01-01
Berkel Westpolder,RandstadRail,2009-01-19
Melanchthonweg,RandstadRail,2006-09-10
Leidschendam-Voorburg,RandstadRail,1908-10-01
Forepark,RandstadRail,2007-09-03
Van Tuyllpark,RandstadRail,2019-05-19
Centrum West (Zoetermeer Centrum),RandstadRail,2006-10-29
