col0,col1,col2
Conic Isnand,100.8,780.0
Grasholen,229.08,907.2
aranof Island,29.79,993.9929999999999
Bathurst Islan,151.04999999999998,1563.48
ordaustlandet,124.5,1682.936
Boneo,1021.896,4971.0
Ireand,261.29999999999995,2824.97
Uiörn,241.67999999999998,1792.8
Jcn Mayen,14.879999999999999,124844.6
Honshv,240.48,5504.5
Java,199.398,2881.116
Suatra,371.10999999999996,4830.048
Île! Bacchus,99.8,498.5
Edgeøyc,79.237,498.486
Anticosti Islad,48.239999999999995,525.76
Kngroo Isoand,56.336,512.054
Floes,62.874,421.175
South Andbman Island,27.86,416.717
Guyam Ksland,84.168,232.3
Slisbury Island,22.862,277.722
