col0,col1,col2,col3
M180,40,United Kingdom,Scunthorpe
Quebec Autoroute 540,3.2,Canada,L'Ancienne-Lorette
M6 motorway,373.7,United Kingdom,Leicester
M53 motorway,18.9,United Kingdom,Liverpool
M62 motorway,107,United Kingdom,Liverpool
A12 motorway,137,Netherlands,Utrecht
A7 motorway,236,Netherlands,Groningen
A1 motorway,157,Netherlands,Amsterdam
A5 motorway,17,Netherlands,Westpoort
A6 motorway,101,Netherlands,Almere
East–West Motorway,318.8,Romania,Iași
A43 motorway,16,Portugal,Porto
A44 motorway,9,Portugal,Porto
A16 motorway,56,Netherlands,Dordrecht
A74(M) and M74 motorways,40,United Kingdom,Glasgow
A8 motorway,10.8,Netherlands,Amsterdam
A4 motorway,119,Netherlands,Amsterdam
A2 motorway,217,Netherlands,Amsterdam
A1 motorway,36.203,Luxembourg,Luxembourg
Fort Washington Way,9,United States of America,Cincinnati
