col0,col1,col2,col3
William H. English,United States of America,marble,Indiana State House
Calvin Fletcher,United States of America,marble,Indiana State House
Bust of Camilla Barbadori,Denmark,marble,Statens Museum for Kunst
Capitoline Brutus,Italy,bronze,Capitoline Museums
Bust of Francesco Barberini,United States of America,marble,National Gallery of Art
Portrait of Lapérouse,France,marble,Section Navigation et Voyages
Nicolas Kitsikis' statue,Greece,bronze,Heraklion Port
Doutor Luiz Lázaro Zamenhof,Brazil,concrete,Praça da República
Portrait of Benedictus XIV,France,marble,Museum of Grenoble
Bust of Clot-Bey,France,bronze,Museum of Grenoble
bust Theodor Kocher by Fueter,Switzerland,bronze,Kocherpark
bust Theodor Kocher by Hänny,Switzerland,stone,Inselspital
Bust of Suffren de Saint-Tropez,France,marble,Section Navigation et Voyages
Bust of Lamotte-Piquet,France,marble,Section Navigation et Voyages
Erwin Negelein,Germany,bronze,Campus Berlin-Buch
Karl Lohmann,Germany,concrete,Campus Berlin-Buch
Eilert Sundt,Norway,bronze,Olaf Ryes plass
Bust of Louis Charles Dauphin of France-Louis Pierre Deseine-1985.403,France,plaster,Palace of Versailles
Bust of Louis Charles Dauphin of France-Louis Pierre Deseine-MV 8523,France,terracotta,Palace of Versailles
Bust of Louis Charles Dauphin of France-Louis Pierre Deseine-MV 6305,France,marble,Palace of Versailles
