col0,col1,col2,col3,col4
Inverkeithny,3576,Inverkeithny,367,Aberdeenshire
Keig,1944,Keig,274,Aberdeenshire
Inverurie,922,Inverurie,10857,Aberdeenshire
Huntly,3167,Huntly,4954,Aberdeenshire
Insch,1792,Insch,1861,Aberdeenshire
Keir,2298,Keir,316,Dumfries and Galloway
Alves,2158,"Alves, Moray",505,Moray
Airlie,4247,"Airlie, Angus",506,Angus
Anstruther Easter,10,Anstruther,315,Fife
Aboyne and Glen Tanar,12172,Aboyne,2961,Aberdeenshire
Castleton,26931,Newcastleton,1057,Roxburgh
Cults,1608,Pitlessie,392,North-East Fife
Glencairn,12202,Moniaive,890,Nithsdale
Loudoun,6109,Darvel,6977,Kilmarnock and Loudoun
Kintail,3195,Dornie,300,Skye and Lochalsh
Ardchattan and Muckairn,35378,Taynuilt,2536,Lochaber
Uig,55752,Callanish,1595,Ross and Cromarty
Duirinish,32505,Dunvegan,1464,Inverness-shire
Sleat,17186,Ardvasar,913,Inverness-shire
Buchanan,24096,Rowardennan,550,Stirlingshire
