col0,col1,col2
Batman/Hellboy/Starman,James Robinson,Matt Hollingsworth
Camelot 3000,Mike W. Barr,Tatjana Wood
Superboy's Legion,Mark Farmer,Richard Horie
Born,Darick Robertson,Paul Mounts
Hellboy: Seed of Destruction,John Byrne,Mark Chiarello
Stumptown,Greg Rucka,Lee Loughridge
Batman: Gotham County Line,Steve Niles,José Villarrubia
Batman: The Long Halloween,Jeph Loeb,Gregory Wright
Zero Hour: Crisis in Time,Dan Jurgens,Gregory Wright
The Dark Knight Returns,Frank Miller,Lynn Varley
Ronin,Frank Miller,Lynn Varley
Hard Boiled,Frank Miller,Claude Legris
Batman: The Cult,Jim Starlin,Bill Wray
Final Crisis,Grant Morrison,Alex Sinclair
Marvel 1602,Neil Gaiman,Richard Isanove
Catwoman: When in Rome,Jeph Loeb,Dave Stewart
Batman and the Mad Monk,Matt Wagner,Dave Stewart
Batman and the Monster Men,Matt Wagner,Dave Stewart
Death: The High Cost of Living,Neil Gaiman,Steve Oliff
Daredevil: Reborn,Andy Diggle,Matt Hollingsworth
