col0,col1,col2
Lavadouro de Água de Pena,proposed Immovable Cultural Heritage of Municipal Interest,Portugal
Rentants de Baix,Cultural Asset part of the architectural heritage of Catalonia,Spain
La Glorieta,Cultural Asset of Local Interest,Spain
Wash house and watering trough of Faura,Property of Local Relevance,Spain
Llavadoret at 10 Llavadoret street,Property of Local Relevance,Spain
Llavadoret and Font del Molí de Dalt,Property of Local Relevance,Spain
Municipal Wash House of Agres,Property of Local Relevance,Spain
Wash house of Orxeta,Property of Local Relevance,Spain
Lavadero de la Trinidad,Property of Local Relevance,Spain
Lavadero de Novaliches,Property of Local Relevance,Spain
Municipal wash house of Jérica,Property of Local Relevance,Spain
Wash house of Ondara,Property of Local Relevance,Spain
"Lavoir and Fountain at La Cueva Santa, Pavías",Property of Local Relevance,Spain
Public Washhouse in Caudiel,Property of Local Relevance,Spain
Lavadero de la Mirla,Property of Local Relevance,Spain
Lavadero de Noyanta,Property of Local Relevance,Spain
L-Għajn il-Kbira,Grade 1,Malta
Wash House,category B listed building,United Kingdom
Lavoir de Saint-Victor-la-Coste,monument historique classé,France
Lavoir de l'Ayrolle,monument historique classé,France
