col0,col1,col2
2017 Grand Prix de Fourmies,205,46.86
2016 Grand Prix de Fourmies,205,42.629
2015 Grand Prix de Fourmies,205,43.312
2014 Grand Prix de Fourmies,205,42.999
2002 Grand Prix de Fourmies,180,40.28
2001 Grand Prix de Fourmies,210,40.49
2013 Grand Prix de Fourmies,205,44.327
1999 Grand Prix de Fourmies,211,43.317
2000 Grand Prix de Fourmies,210,44.043
1998 Grand Prix de Fourmies,208,42.86
1997 Grand Prix de Fourmies,208,42.852
1996 Grand Prix de Fourmies,210,44.681
1995 Grand Prix de Fourmies,210,41.74
1993 Grand Prix de Fourmies,212,40.635
1994 Grand Prix de Fourmies,210,41.379
1992 Grand Prix de Fourmies,210,39.785
2012 Grand Prix de Fourmies,205,43.156
2010 Grand Prix de Fourmies,205,44.073
2009 Grand Prix de Fourmies,205,42.275
2008 Grand Prix de Fourmies,205,46.085
