col0,col1,col2
Qidu railway station,Badu railway station,icash
Qiding Station,Zhunan railway station,EasyCard
North Hsinchu railway station,Zhubei railway station,EasyCard
Xinfeng railway station,Hukou railway station,EasyCard
Nanping Station,Linrong Shin Kong Station,EasyCard
Hsinchu TRA station,North Hsinchu railway station,EasyCard
Taichung Port railway station,Dajia railway station,EasyCard
Fuzhou railway station,Banqiao station,EasyCard
Fugang railway station,Yangmei railway station,EasyCard
Shanjia railway station,South Shulin railway station,EasyCard
Longgang railway station,Houlong railway station,EasyCard
Hukou railway station,Beihu railway station,EasyCard
Xizhi railway station,Xike railway station,EasyCard
Xike railway station,Xizhi railway station,EasyCard
Puxin railway station,Yangmei railway station,EasyCard
Sanxingqiao Station,Hsinchu TRA station,EasyCard
Yangmei railway station,Puxin railway station,EasyCard
Fengtian railway station,Shoufeng Station,icash
Xiangshan Station,Sanxingqiao Station,icash
Zhubei railway station,North Hsinchu railway station,icash
