col0,col1,col2
Gilgal,-235,1970-01-01
Ro'i,30,1976-01-01
Na'amah,-200,1982-01-01
Petza'el,-235,1975-01-01
Almon,502,1982-01-01
Sha'arei Tikva,185,1983-01-01
Revava,450,1991-01-01
Mevo Dotan,330,1977-01-01
Ma'ale Shomron,315,1980-01-01
Giv'on HaHadasha,755,1980-01-01
Kiryat Netafim,445,1983-01-01
Ma'ale Levona,770,1983-01-01
"Alon, Mateh Binyamin",250,1990-01-01
Reihan,380,1977-01-01
Migdalim,790,1983-01-01
Kalya,-360,1968-01-01
Rechelim,529,1991-01-01
Alei Zahav,360,1982-01-01
Hashmonaim,190,1985-01-01
Hermesh,290,1982-01-01
