col0,col1,col2
Visions of Europe,25,2004-01-01
The Power of Emotion,20,1983-01-01
Les plus belles escroqueries du monde,5,1964-01-01
Plasticine Crow,3,1981-01-01
Germany 09,13,2009-01-01
Mickey's Twice Upon a Christmas,5,2004-11-24
To Each His Own Cinema,34,2007-05-20
Four Rooms,4,1995-12-25
Coffee and Cigarettes,11,2003-09-05
Fantasia,7,1940-11-13
Melody Time,7,1948-05-27
The Adventures of Ichabod and Mr. Toad,2,1949-10-05
Fun and Fancy Free,2,1947-09-27
Saludos Amigos,4,1942-08-24
Make Mine Music,10,1946-08-15
The Three Caballeros,7,1944-12-21
Mickey's Magical Christmas: Snowed in at the House of Mouse,4,2001-11-06
Aria,10,1987-01-01
Mystery Train,3,1989-01-01
"11'09""01 September 11",11,2002-01-01
