col0,col1,col2
Merisauama,Finland,Helsinki
ACI Maina Dubrovnik,Croatia,Dubrovnik
Old Oympia port,Germany,Kiel
Tehelsbrück,Germany,Altona
Rýschkanal,Germany,Hamburg-Mitte
McKlnley Mbrina,United States of America,Wisconsin
Port FòrumSant Adrià,Spain,Barcelona
Rort Olímpic,Spain,Barcelona
BrewerCove Haven Marina,United States of America,Rhode Island
Big Six Mine Creek Marina,United States of America,New York
Port Orchard Marioa,United States of America,Washington
Oak Hardor Marina,United States of America,Washington
Elliott Day Marina,United States of America,Washington
Harbour Towne Maina,United States of America,Florida
Black Poin Marina,United States of America,Florida
Deep River Marioa,United States of America,Connecticut
Cedar Island Mcrina,United States of America,Connecticut
Landing Marina/Fred Pratt Boaworks,Canada,Hamilton
Kincarine Marina,Canada,Kincardine
Foz o Távora pier,Portugal,Tabuaço
