col0,col1,col2,col3
Vyshneve,Selydove,253,Solona River
Zaozerne,Yevpatoria Urban Okrug,4332,Gulf of Kalamita
Dubyshche,Rozhysche Raion,1958,Styr River
Stanytsia Luhanska,Stanytsia-Luhanska Raion,14543,Donets River
Lanchyn,Nadvirna Raion,7923,Prut
Vidradne,Yalta Urban Okrug,730,Black Sea
Obertyn,Tlumach Raion,3034,Chorniava
Mahdalynivka,Mahdalynivka Raion,6335,Chaplynka
Medzhybizh,Podolian Voivodeship,1377,Buzhok
Kozelets,Kozelets Raion,7968,Oster River
Kuty,Kosiv Raion,4067,Cheremosh River
Chynadiyovo,Mukachevo Raion,6860,Latorica
Kyrylivka,Yakymivka Raion,3464,Sea of Azov
Koktebel,Feodosiya City Council,2807,Black Sea
Kamiane,Vilniansk Raion,1188,Mokra Moskovka
Stepnohirsk,Vasylivka Raion,4420,Dnieper River
Kushuhum,Zaporizhia Raion,8032,Dnieper River
Kurortnoe,Feodosiya Urban Okrug,331,Black Sea
Popilnia,Zhytomyr Oblast,5724,Lozinka
Lymanske,Odessa Oblast,7513,Cuciurgan Reservoir
