col0,col1,col2
Roman Catholic Territorial Prelature of Humahuaca,37000,120000
Roman Catholic Territorial Prelature of Corocoro,28823,235500
Territorial Prelature of Infanta,7189,468000
Roman Catholic Territorial Prelature of Cafayate,46847,74153
Territorial Prelature of Batanes,784,17246
Territorial Prelature of Isabela,1359,332828
Territorial Prelature of Marawi,4587,884099
Roman Catholic Territorial Prelature of Itacoatiara,58422,172400
Roman Catholic Territorial Prelature of Illapel,10350,85400
Roman Catholic Territorial Prelature of Lábrea,230636,88700
Roman Catholic Territorial Prelature of São Félix,150000,172400
Roman Catholic Territorial Prelature of Tefé,264677,243000
Roman Catholic Territorial Prelature of Xingu,368086,551374
Roman Catholic Territorial Prelature of Jesús María El Nayar,25000,145109
Roman Catholic Territorial Prelature of Borba,170000,156700
Roman Catholic Territorial Prelature of Marajó,79043,345362
Roman Catholic Territorial Prelature of Tromsø,173968,484525
Roman Catholic Territorial Prelature of Trondheim,56458,715059
Roman Catholic Territorial Prelature of Moyobamba,39148,777000
Roman Catholic Territorial Prelature of Ayaviri,20712,179596
