col0,col1,col2,col3
Biel/Bienne–Magglingen/Macolin funicular,Switzerland,Biel/Bienne,1.68
Biel/Bienne–Leubringen/Evilard funicular,Switzerland,Biel/Bienne,0.92
Standseilbahn Stuttgart,Germany,Stuttgart,0.536
Superga Rack Railway,Italy,Turin,3.1
F1,Turkey,Istanbul,0.594
Bridgnorth Cliff Railway,United Kingdom,Shropshire,201
Funicular de Gelida,Spain,Gelida,884
Aberystwyth Cliff Railway,United Kingdom,Aberystwyth,778
Gubałówka Hill Funicular,Poland,Zakopane,1.307
Amanohashidate Cable Car,Japan,Kyōto Prefecture,0.4
Ordzhonikidze sanatorium funicular,Russia,Sochi,353
Funicular de la Santa Cova,Spain,Monistrol de Montserrat,0.262
Baku Funicular,Azerbaijan,Baku,455
Funiculaire de Saint-Just,France,5th arrondissement of Lyon,0.783
Funiculaire de Fourvière,France,5th arrondissement of Lyon,427
Montesanto Funicular,Italy,Naples,0.824
Chiaia Funicular,Italy,Naples,0.5
Pittsburgh and Castle Shannon Plane,United States of America,Pittsburgh,850
Turmbergbahn,Germany,Karlsruhe,315
Central Tramway,United Kingdom,Scarborough,234
