col0,col1,col2
"Gagarin, Armenia",1955-01-01,1489
Lermontov,1844-01-01,791
Lejan,1861-01-01,783
Hartagyugh,1820-01-01,195
Arpi,1965-01-01,928
Gharibjanyan,1935-01-01,1138
Martiros,1283-01-01,662
Baghramyan,1829-01-01,175
Vardenut,1831-01-01,314
Nizami,1831-01-01,231
Nor Yedesia,1975-01-01,165
Agarakavan,1920-01-01,1388
Vanashen,1873-01-01,166
Aygestan,1831-01-01,279
Armash,1926-01-01,228
Goravan,1831-01-01,59
Nor Kharberd,1929-01-01,4097
Nor Kyank,1946-01-01,957
Yeghegnavan,1831-01-01,263
Verin Artashat,1828-01-01,370
Sisavan,1831-01-01,37
Norashen,1873-01-01,366
Nshavan,1828-01-01,55
Pokr Vedi,1831-01-01,166
Mets Sepasar,1823-01-01,64
Urtsalanj,1831-01-01,43
Vostan,1831-01-01,1270
Nor Ughi,1949-01-01,423
Shaghap,1873-01-01,253
Noramarg,1989-01-01,2000
Ranchpar,1873-01-01,197
Kuchak,1829-01-01,531
Mrgavan,1831-01-01,33
Getapnya,1897-01-01,200
Dashtavan,1897-01-01,687
Byuravan,1829-01-01,192
Azatashen,1929-01-01,140
Hayanist,1831-01-01,151
Mrganush,1873-01-01,164
Ghukasavan,1831-01-01,150
Jrahovit,1831-01-01,224
Aygavan,1828-01-01,206
Dalar,1831-01-01,200
Gladzor,1830-01-01,128
