col0,col1,col2
Sydney light rail network,1997-08-31,Transdev Sydney
TRAX,1999-12-04,Utah Transit Authority
Pittsburgh Light Rail,2008-12-27,Port Authority of Allegheny County
Newark Light Rail,1935-05-16,New Jersey Transit Bus Operations
G:link,2014-07-20,Keolis Downer
Tren de la Costa,1891-01-01,Operadora Ferroviaria Sociedad del Estado
Bursaray,2002-04-24,BURULAŞ
Bergen Light Rail,1897-01-01,Keolis Norge
Baixada Santista Light Rail,2016-01-31,Empresa Metropolitana de Transportes Urbanos de São Paulo
METRORail,2004-01-01,Metropolitan Transit Authority of Harris County
Link Light Rail,2009-07-18,Sound Transit
Métro léger de Tunis,1985-01-01,Société des transports de Tunis
METRO,2004-06-26,Metro Transit
Los Angeles Metro Rail,1990-07-14,Los Angeles County Metropolitan Transportation Authority
Light Rail Transit (Singapore),1999-11-06,SMRT Trains
Edmonton Light Rail Transit,1978-04-28,Edmonton Transit Service
Palembang Light Rail Transit,2018-01-01,Kereta Api Indonesia
Stuttgart Stadtbahn,1985-01-01,Stuttgarter Straßenbahnen
Bielefeld Stadtbahn,1991-01-01,MoBiel
Baltimore Light RailLink,1983-01-01,Maryland Transit Administration
