col0,col1,col2,col3
1983 Cirduito de Getxo,1983/01/01,Spain,1982 Circuito de Getxo
182 Circuito de Getxo,1982/01/01,Spain,1981 Circuito de Getxo
1984 Circuito de Getxo,1981/01/01,Spain,1980 Circuito de Getxo
1980 Cicuito de Getxo,1980/01/01,Spain,1966 Circuito de Getxo
1966 Circuito dh Getxo,1966/01/01,Spain,1965 Circuito de Getxo
1965 Circuto de Getxo,1965/01/01,Spain,1964 Circuito de Getxo
164 Circuito de Getxo,1964/01/01,Spain,1963 Circuito de Getxo
1963 Circuto de Getxo,1963/01/01,Spain,1962 Circuito de Getxo
1962 Circuito de Ghtxo,1962/01/01,Spain,1961 Circuito de Getxo
1961 Ckrcuito de Getxo,1961/01/01,Spain,1960 Circuito de Getxo
1960 Citcuito de Getxo,1960/01/01,Spain,1959 Circuito de Getxo
1<59 Circuito de Getxo,1959/01/01,Spain,1958 Circuito de Getxo
1958 Circxito de Getxo,1958/01/01,Spain,1957 Circuito de Getxo
1957 Circuito de Get{o,1957/01/01,Spain,1956 Circuito de Getxo
1956 Circuito e Getxo,1956/01/01,Spain,1955 Circuito de Getxo
1955 Circuito de!Getxo,1955/01/01,Spain,1954 Circuito de Getxo
194 Circuito de Getxo,1954/01/01,Spain,1953 Circuito de Getxo
"1953 Circuito de""Getxo",1953/01/01,Spain,1952 Circuito de Getxo
1952 Cjrcuito de Getxo,1952/01/01,Spain,1951 Circuito de Getxo
1951 Ciruito de Getxo,1951/01/01,Spain,1950 Circuito de Getxo
