col0,col1,col2
Akranes,Iceland,Västervik Municipality
Ísafjarðarbær,Iceland,Linköping Municipality
Grundarfjörður,Iceland,Paimpol
Hveragerði,Iceland,Örnsköldsvik Municipality
Seyðisfjörður,Iceland,Vantaa
Blönduós,Iceland,Moss
Grindavík,Iceland,Rovaniemi
Árborg,Iceland,Arendal
Seltjarnarnes,Iceland,Nesodden
Höfn,Iceland,Kungälv
Fjarðabyggð,Iceland,Stavanger
Norðurþing,Iceland,Aalborg
Álftanes,Iceland,Næstved
Stykkishólmur,Iceland,Kolding Municipality
Kópavogur,Iceland,Wuhan
Garðabær,Iceland,Tórshavn
Reykjanesbær,Iceland,Kristiansand
Mosfellsbær,Iceland,Skien
Akureyri,Iceland,Hafnarfjörður
Hafnarfjörður,Iceland,Akureyri
