col0,col1,col2
Lake Superior Provincial Park,Northern Ontario,1944-01-01
Long Point Provincial Park,"Long Point, Ontario",1921-01-01
Oastler Lake Provincial Park,Georgian Bay Littoral,1967-01-01
Limestone Islands Provincial Nature Reserve,Georgian Bay Littoral,1980-01-01
Hope Bay Forest Provincial Nature Reserve,Niagara Escarpment Biosphere Reserve,1985-01-01
Bayview Escarpment Provincial Nature Reserve,Niagara Escarpment Biosphere Reserve,1985-01-01
Kakwa Wildland Provincial Park,Kakwa-Wilmore Interprovincial Park,1996-01-01
The Massasauga Provincial Park,Georgian Bay Littoral,1989-01-01
Killbear Provincial Park,Georgian Bay Littoral,1960-01-01
O'Donnell Point Provincial Nature Reserve,Georgian Bay Littoral,1985-01-01
Nottawasaga Lookout Provincial Nature Reserve,Niagara Escarpment Biosphere Reserve,1994-01-01
Noisy River Provincial Nature Reserve,Niagara Escarpment Biosphere Reserve,1989-01-01
Indian Fields Provincial Park,Southwest Nova Biosphere Reserve,2015-12-29
Short Hills Provincial Park,Niagara Escarpment Biosphere Reserve,1985-01-01
Willmore Wilderness Park,Kakwa-Wilmore Interprovincial Park,1959-01-01
Shannon Falls Provincial Park,Shannon Creek,1984-01-01
Woodland Caribou Provincial Park,Pimachiowin Aki,1983-01-01
Lion's Head Provincial Park,Niagara Escarpment Biosphere Reserve,1985-01-01
Thomas Raddall Provincial Park,Southwest Nova Biosphere Reserve,1997-06-24
Nairn Falls Provincial Park,Green River,1966-04-04
