col0,col1,col2
1973 Paris–Bourges,1972 Paris–Bourges,Yves Hézard
1985 Paris–Bourges,1984 Paris–Bourges,Éric Caritoux
1983 Paris–Bourges,1982 Paris–Bourges,Phil Anderson
1980 Paris–Bourges,1979 Paris–Bourges,Phil Anderson
1979 Paris–Bourges,1978 Paris–Bourges,Jean-René Bernaudeau
1986 Paris–Bourges,1985 Paris–Bourges,Sean Kelly
1984 Paris–Bourges,1983 Paris–Bourges,Sean Kelly
1975 Paris–Bourges,1974 Paris–Bourges,Bernard Hinault
1933 Paris–Bourges,1932 Paris–Bourges,Louis Thiétard
1990 Paris–Bourges,1988 Paris–Bourges,Laurent Jalabert
1925 Paris–Bourges,1924 Paris–Bourges,Gaston Deschamps
1922 Paris–Bourges,1917 Paris–Bourges,Marcel Godard
1923 Paris–Bourges,1922 Paris–Bourges,Jean Brunier
2015 Paris–Bourges,2014 Paris–Bourges,Giacomo Nizzolo
1995 Paris–Bourges,1994 Paris–Bourges,Lars Michaelsen
1997 Paris–Bourges,1996 Paris–Bourges,Peter Van Petegem
2000 Paris–Bourges,1999 Paris–Bourges,Laurent Brochard
1998 Paris–Bourges,1997 Paris–Bourges,Laurent Brochard
1924 Paris–Bourges,1923 Paris–Bourges,Marcel Bidot
2002 Paris–Bourges,2001 Paris–Bourges,Geert Van Bondt
