col0,col1,col2
Berlin Alexanderplatz station,Berlin S-Bahn,Berlin Stadtbahn
Berlin Zoologischer Garten railway station,Berlin U-Bahn,Berlin Stadtbahn
Berlin Schönefeld Flughafen station,Berlin S-Bahn,Berlin outer ring
Ostkreuz,Berlin S-Bahn,Berlin Ringbahn
Berlin Potsdamer Platz station,Berlin S-Bahn,Berlin North–South mainline
Berlin Nordbahnhof,Berlin S-Bahn,Berlin–Szczecin railway
Berlin-Lichtenberg station,Berlin S-Bahn,Prussian Eastern Railway
Salzburg Hauptbahnhof,Salzburg S-Bahn,Salzburg-Tyrol Railway
Wien Praterstern railway station,Vienna S-Bahn,North railway
Karlsruhe Central Station,Rhine-Neckar S-Bahn,Rhine Railway
Bremen main station,Bremen S-Bahn,Wanne-Eickel–Hamburg railway
Berlin Ostbahnhof,Berlin S-Bahn,Berlin–Wrocław railway
Vauxhall station,London station group,Victoria line
Berlin Brandenburg Airport railway station,Berlin S-Bahn,Grünauer Kreuz–Berlin Brandenburg Airport railway
Longbenton metro station,Tyne and Wear Metro,Yellow line
Four Lane Ends Interchange,Tyne and Wear Metro,Yellow line
Fawdon metro station,Tyne and Wear Metro,Yellow line
Regent Centre Interchange,Tyne and Wear Metro,Green line
Kingston Park metro station,Tyne and Wear Metro,Green line
Haymarket metro station,Tyne and Wear Metro,Green line
