col0,col1,col2
Arbor Day Scripture Reading,Arbor Day Scripture Reading,1898-01-01
Address at Gettysburg,Address at Gettysburg,1898-01-01
How Journal Prices Impede Access,How Journal Prices Impede Access,2015-01-01
On the Political Status of Women,On the Political Status of Women,1874-01-01
Vitamin D and renal outcome: the fourth outcome of CKD-MBD? Oshima Award Address 2015.,Vitamin D and renal outcome: the fourth outcome of CKD-MBD? Oshima Award Address 2015.,2017-12-21
Conclusion of Lincoln’s Inaugural,Conclusion of the First Inaugural Address,1898-01-01
Boris Johnson's first speech as Prime Minister,Boris Johnson's first speech as Prime Minister: 24 July 2019,2019-07-24
Transcript of President Bush's address,"Transcript of President Bush's address to a joint session of Congress onThursday night, September 20, 2001.",2001-09-21
Cargo Cult Science,Cargo Cult Science,1974-06-01
How dare you,How dare you,2019-09-23
The Bohemians (Czechs) In The Present Crisis,The Bohemians (Czechs) In The Present Crisis,1916-01-01
Measuring Euripides,Measuring Euripides,1916-01-01
Address by Minister of State Michelle Müntefering on the occasion of the Wikimedia Summit in Berlin,Address by Minister of State Michelle Müntefering on the occasion of the Wikimedia Summit in Berlin,2019-03-29
"An oration delivered April 2d, 1771, at the request of the inhabitants of the town of Boston","An oration delivered April 2d, 1771. at the request of the inhabitants of the town of Boston; to commemorate the bloody tragedy of the fifth of March, 1770",1771-01-01
Inaugural Address at Edinburgh University,Inaugural Address at Edinburgh University,1866-04-02
Ain't I a Woman?,Ain't I a woman?,1863-01-01
Gettysburg Address,Address delivered at the dedication of the cemetery at Gettysburg,1863-11-19
A More Perfect Union,A More Perfect Union,2008-03-18
I am a Catalan,I am a Catalan,1971-10-24
Germany and the Germans,Germany and the Germans,1945-10-01
