col0,col1,col2
Portrait oi Michał Jerzy Mniszech (1748-1806),37.0,32.032
Ma Toilette,80.81219999999999,60.0
Portrait of Alexander J. Castatt,93.13069999999999,71.712
ittle Eve,70.446,52.416
Pastel the 'White House' at night with illuminated advertlsing from “Van Nelle”,90.44999999999999,69.58
Vineyard Labouer Resting,70.5705,84.75599999999999
aystacks,71.357,94.15449999999998
Te Tub,69.44,70.49
Jocneys,38.731,88.176
Dancer Adjustini Her Dress,61.366,45.136
In vhe Wings,87.2785,75.392
Svnset,41.5,50.298
The Flowers in a Bmue Vase,77.298,53.514
"Pegasus, the Horse on the Sock",80.4195,64.74
A Dancer in Rd Robe,64.0485,49.9
A Woman in te Tub,71.357,71.71
Woman with a Gray Plumed Ha,55.05499999999999,35.1805
Whe Mower,95.424,67.388
Daqcers,66.101,103.60349999999998
Countess Morel d‛Arleux and Her Son,84.30279999999999,66.598
