col0,col1,col2
The Brothers Bloom,113,5500000
Kundun,134,5532301
Willy Wonka & the Chocolate Factory,100,4000000
Shortbus,102,5400000
Miami Rhapsody,112,5221281
Inland Empire,180,4028293
Red Sonja,85,6948633
The 13th Warrior,103,4494054.16
Trollhunter,103,4155588
Peaceful Warrior,121,4300000
Atlas Shrugged: Part I,102,4627375
Equilibrium,107,5400000
Arabesque,101,5000000
The Incredible Hulk,112,4895584.24
Way of the Dragon,100,5307350
Passion Fish,135,4814619
The Return,106,4400000
Fist of Fury,115,4431423
City Lights,87,5000000
Once Upon a Time in America,229,5321508
Iron Man 2,125,5700866.89
The Proposition,99,5000000
Don't Come Knocking,122,4600000
Once Upon a Time in the West,165,5321508
The Great Dictator,125,5000000
Do Bigha Zamin,142,7000000
Eraserhead,89,7000000
Leave No Trace,108,7200000
Anna,119,7556511
Marrowbone,110,11165901
Dark Phoenix,114,8515000
Gogol. The Beginning,100,7757988
Little Forest,103,7500000
It Comes at Night,91,8500000
The Lion King,118,9000000
The Groom,90,7737173
Demain tout commence,115,7500000
A Street Cat Named Bob,96,8370555
The Very Best Day,112,10744717
