col0,col1,col2
Feldkirch District,278.26,Dornbirn District
Villach,134.98,Ossiach
Rust,20.01,Oggau am Neusiedler See
Steyr,26.56,Sierning
Waidhofen an der Ybbs,131.57,Gaflenz
Kitzbühel District,1163.28,Traunstein
Imst District,1724.82,Garmisch-Partenkirchen
Schwaz District,1843,Garmisch-Partenkirchen
Korneuburg District,626.5,Vienna
Wien-Umgebung District,484.48,Vienna
Graz,127.57,Graz-Umgebung District
Lienz District,2019.87,Spittal an der Drau District
Liezen District,3317,Murau District
Wels,45.92,Marchtrenk
Scheibbs District,1023,Melk District
Innsbruck,0.25,Zirl
Vienna,414.78,Lower Austria
St. Johann im Pongau District,1755.37,Berchtesgadener Land
Hallein District,668.31,Berchtesgadener Land
Salzburg,65.65,Berchtesgadener Land
