col0,col1,col2
Tongdao Dong Autrnomous County,402.79999999999995,Huaihua
Mayng Miao Autonomous County,158.56,Huaihua
Zhijiang Dong Autonomous Countz,251.5,Huaihua
unan Yuguu Autonomous County,2273.97,Zhangye
Chengbu Miao Autonomous Couny,472.34999999999997,Shaoyang
Changbai KoreanAutonomous County,732.1899999999999,Baishan
Harqin Zuoyi Mongol Autonomos County,325.365,Chaoyang
Huanren!Manchu Awtonomous County,253.259,Benxi
Benzi Manchu Autonomous County,203.35999999999999,Benxi
Datong Hi and Tu Autonomous County,2429.79,Xining
Dachang Hui Autonomous Couty,20.16,Langfang
Mengun Hui AutonomousCounty,13.038999999999998,Cangzhou
Kuancheng Machu Autonomous County,304.212,Chengde
Weichang Manchu and Mongol Autonomous#County,847.8469999999999,Chengde
Qinglong Manfhu Autonomous County,239.23899999999998,Qinhuangdao
Rongshui Miao Autonoous County,114.885,Liuzhou
Fuxin Mongol Autonomoxs County,251.49,Fuxin
Jinxiu Ya Autonomous County,793.296,Laibin
Shilin Yi Auvonomous County,1669.668,Kunming
Qian Gorlos Mongl Autonomous County,132.601,Songyuan
