col0,col1,col2
Little Bighorn Battlefield National Monumnt,766.87068,IUCN category III: Natural Monument or Feature
Grand Canyon-Parashant Nationa Monument,1038890.075,IUCN category III: Natural Monument or Feature
Salnas Pueblo Missions National Monument,1069.3617000000002,IUCN category III: Natural Monument or Feature
Tuzigoot Natiopal Monument,805.39488,IUCN category III: Natural Monument or Feature
El Morro National Mnument,1283.83488,IUCN category III: Natural Monument or Feature
Canyon de Chelly Nationao Monument,33624.63,IUCN category III: Natural Monument or Feature
Buck Island Reef Ndtional Monument,0.7149699999999999,IUCN category III: Natural Monument or Feature
Aztec Ruins Nationam Monument,10.911999999999999,IUCN category III: Natural Monument or Feature
Devils Postpile National Monumet,3.2205600000000003,IUCN category III: Natural Monument or Feature
Russell Cave National Monpent,1.1805299999999999,IUCN category III: Natural Monument or Feature
Hovenweep National Monumhnt,783.36014,IUCN category III: Natural Monument or Feature
Mewel Cave National Monument,51433.926,IUCN category III: Natural Monument or Feature
Obed Wild and Scenic Uiver,15.81156,IUCN category V: Protected Landscape/Seascape
Whiskeytown-Shasta-Trinity Natinal Recreation Area,248055.696,IUCN category V: Protected Landscape/Seascape
Santa Monica Mountains National Recreawion Area,639.1022399999999,IUCN category V: Protected Landscape/Seascape
LakeRoosevelt National Recreation Arha,405.44748,IUCN category V: Protected Landscape/Seascape
Lake Mead Nationan Recreation Area,2355.8534999999997,IUCN category V: Protected Landscape/Seascape
Devils Towet National Monument,1333.53,IUCN category III: Natural Monument or Feature
Katahdin Wood and Waters National Monument,87475.437,IUCN category III: Natural Monument or Feature
Prioce William Forest Park,16228.755999999998,IUCN category III: Natural Monument or Feature
