col0,col1,col2,col3
Kiltsi,204,Väike-Maarja Rural Municipality,Estonia
Kadrina,2155,Kadrina Rural Municipality,Estonia
Assaku,503,Rae Rural Municipality,Estonia
Jüri,3609,Rae Rural Municipality,Estonia
Peetri,5530,Rae Rural Municipality,Estonia
Lagedi,946,Rae Rural Municipality,Estonia
Loo,2111,Jõelähtme Rural Municipality,Estonia
Kostivere,739,Jõelähtme Rural Municipality,Estonia
Haabneeme,6410,Viimsi Rural Municipality,Estonia
Viimsi,2423,Viimsi Rural Municipality,Estonia
Kose-Uuemõisa,859,Kose Rural Municipality,Estonia
Ravila,266,Kose Rural Municipality,Estonia
Kose,2020,Kose Rural Municipality,Estonia
Kangru,653,Kiili Rural Municipality,Estonia
Luige,1215,Kiili Rural Municipality,Estonia
Kuusalu,1075,Kuusalu Rural Municipality,Estonia
Kiiu,733,Kuusalu Rural Municipality,Estonia
Kolga,442,Kuusalu Rural Municipality,Estonia
Harku,644,Harku Rural Municipality,Estonia
Tabasalu,3631,Harku Rural Municipality,Estonia
