col0,col1,col2,col3,col4,col5
Astrolabe: Eastern,Muhammad ibn Ahmad al-Battuti,26,Morocco,1720-01-01,silver
Astrolabe,Khalil Muhammad ibn Hasan Ali,185,Iran,1707-01-01,gold
Astrolabe: Western [Reproduction],anonymous,48.6,Rome,1800-01-01,copper
Astrolabe: Western,Laurentius Schreckenfuchs,14.5,Menningen,1567-01-01,wood
"Astrolabe-Quadrant: Eastern, Sinecal",anonymous,8.5,Middle East,1800-01-01,wood
Astrolabe: Western,Philippe Danfrie,31,Paris,1584-01-01,wood
"Astrolabe-Quadrant: Eastern, Sinecal",anonymous,15,Turkey,1800-01-01,wood
Astrolabe,Muhammad Mahdi al-Khadim al-Yazdi,189,Persia,1645-01-01,brass
Blakene Astrolabe,Blakene,218,Kingdom of England,1342-01-01,brass
Astrolabe of Johannes Bos,Johannes Bos,125,Italian Peninsula,1597-01-01,brass
Astrolabe,Muḥammad ibn Fattūḥ al-Khamā’irī,188,Seville,1224-01-01,brass
Astrolabe,Muḥammad ibn Fattūḥ al-Khamā’irī,200,Seville,1221-01-01,brass
Astrolabe,anonymous,133,Nuremberg,1460-01-01,brass
Astrolabe by Jean Fusoris,Jean Fusoris,136,Paris,1500-01-01,bronze
Astrolabe of Erasmus Habermel,Erasmus Habermehl,402,Prague,1588-01-01,gold
Astrolabe: Eastern,Muḥammad ibn Fattūḥ al-Khamā’irī,24.9,Seville,1236-01-01,brass
Sir John Findlay's 'Fusoris-type' astrolabe,Jean Fusoris,20.6,Paris,1400-01-01,brass
A 'Fusoris-type' astrolabe,Jean Fusoris,20.6,Paris,1385-01-01,brass
Astrolabe,anonymous,17,Europe,1550-01-01,brass
Astrolabe,anonymous,29,England,1350-01-01,silver
