col0,col1,col2
Highland Hall at Barich,Smoky Lake,Smoky Lake County
Fensala Hall,Markerville,Red Deer County
Bishop's Mills Community Hall,Bishop's Mills,North Grenville
Crowsnest Pass Polish Hall,Coleman,Crowsnest Pass
New London Hall,New London,Queens County
Stiwt Theatr,Rhosllanerchrugog,Wrexham County Borough
Welfare Hall & Institute,Tylorstown,Rhondda Cynon Taf
Bedwas Workmen's Hall,Bedwas,Caerphilly County Borough
Spring Valley School,Zena,Polk County
Ewell Library,Ewell,Epsom and Ewell
OC 't Waaigat,Burcht,Zwijndrecht
OC De Buiting,"Paal, Belgium",Beringen
Applecart Arts,Upton Park,London Borough of Newham
Hervanta Civic Complex,Hervanta,Tampere
Garston Reading Room,Garston,Liverpool
Roycroft Theatre,Capitol Hill,Seattle
The Adi Yafeh Gilo Community Centre,Gilo,Jerusalem
The East,Brooklyn,New York City
Candelaershuys,Uccle,Uccle
De Pit,Buggenhout,Buggenhout
