col0,col1,col2
2012 Tour of Belgium,Tony Martin,2013 Tour of Belgium
1927 Tour of Belgium,Joseph Dervaes,1928 Tour of Belgium
2008 Tour of Belgium,Stijn Devolder,2009 Tour of Belgium
1947 Tour of Belgium,Emiel Rogiers,1948 Tour of Belgium
1946 Tour of Belgium,Jan Engels,1947 Tour of Belgium
1945 Tour of Belgium,Désiré Keteleer,1946 Tour of Belgium
1939 Tour of Belgium,Antoine Dignef,1945 Tour of Belgium
1938 Tour of Belgium,François Neuville,1939 Tour of Belgium
1934 Tour of Belgium,Alfons Deloor,1935 Tour of Belgium
1931 Tour of Belgium,Maurice De Waele,1932 Tour of Belgium
1926 Tour of Belgium,Félix Sellier,1927 Tour of Belgium
1925 Tour of Belgium,Maurice De Waele,1926 Tour of Belgium
1924 Tour of Belgium,Nicolas Frantz,1925 Tour of Belgium
1923 Tour of Belgium,Émile Masson,1924 Tour of Belgium
1922 Tour of Belgium,Émile Masson,1923 Tour of Belgium
1921 Tour of Belgium,Émile Masson,1922 Tour of Belgium
1920 Tour of Belgium,Albert Dejonghe,1921 Tour of Belgium
1913 Tour of Belgium,Émile Masson,1914 Tour of Belgium
1910 Tour of Belgium,Jules Masselis,1911 Tour of Belgium
1909 Tour of Belgium,Jean Alavoine,1910 Tour of Belgium
