col0,col1,col2
Behind the Headlines With Wentao,Dou Wentao,Putonghua
PTS Talks,Chen Xincong,Taiwanese Mandarin
Political Gossip,Stephanie Chou,Taiwanese Mandarin
Belle Show,Belle Yu,Taiwanese Mandarin
Nikki Tonight,Nikki Bedi,Indian English
Yang Lan One On One,Yang Lan,Standard Chinese
Era Money,Chen Ningguan,Taiwanese Hokkien
True Voice of Taiwan,Dennis Puun,Taiwanese Hokkien
Tonight Show with Dennis Peng and Amanda Li,Amanda Lee,Taiwanese Hokkien
New Taiwan Refueling,Liao Hsiao-chun,Taiwanese Hokkien
Face News,Hsieh Chen-wu,Taiwanese Hokkien
Baozou Big News Events,Wang Nima,Chinese
Latinica,Denis Latin,Croatian
Spice It Up,Spice,English
The Ellen DeGeneres Show,Ellen DeGeneres,English
Aaj Kamran Khan Kay Sath,Kamran Khan,Urdu
Dunya Kamran Khan Kay Sath,Kamran Khan,Urdu
Alemania con acento,Pia Castro,Spanish
Estamos invitados,Don Francisco,Spanish
Maybrit Illner,Maybrit Illner,German
