col0,col1,col2,col3
Maarnse Berg,Utrecht Hill Ridge,Maarn,41.1
Vlakke Berg,Utrecht Hill Ridge,Amerongen,61
Ruiterberg,Utrecht Hill Ridge,Doorn,57.9
Saint Helena Hill,Utrecht Hill Ridge,Doorn,40.3
Zonheuvel,Utrecht Hill Ridge,Doorn,46.4
Doornse Kaap,Utrecht Hill Ridge,Doorn,53
Sparreboomsche Berg,Utrecht Hill Ridge,"Elst, Utrecht",64
Elsterberg,Utrecht Hill Ridge,"Elst, Utrecht",62.5
Galgenberg,Utrecht Hill Ridge,"Elst, Utrecht",45
Donderberg,Utrecht Hill Ridge,Leersum,36
Leersumse Berg,Utrecht Hill Ridge,Leersum,35
Kruisberg,Centraal Plateau,Bunde,102
Paasheuvel,Utrecht Hill Ridge,Rhenen,52.9
Grebbeberg,Utrecht Hill Ridge,Rhenen,53
Nokereberg,Flemish Ardennes,Nokere,60
Amerongse Berg,Utrecht Hill Ridge,Amerongen,69.2
Molenberg,Flemish Ardennes,Sint-Denijs-Boekel,26
Darthuizerberg,Utrecht Hill Ridge,Leersum,57
Geulhemmerberg,Plateau of Margraten,Geulhem,118
Sousberg,Plateau of Margraten,Schin op Geul,140
