col0,col1,col2,col3,col4
Nordic combined at the 2020 Winter Youth Olympics,2020-01-01,Nordic combined at the 2016 Winter Youth Olympics,France,Les Tuffes Nordic Centre
Field hockey at the 2018 Summer Youth Olympics,2018-01-01,Field hockey at the 2014 Summer Youth Olympics,Argentina,Parque Polideportivo Roca
Taekwondo at the 2018 Summer Youth Olympics,2018-01-01,Taekwondo at the 2014 Summer Youth Olympics,Argentina,Parque Polideportivo Roca
Equestrian at the 2014 Summer Youth Olympics,2014-01-01,Equestrian at the 2010 Summer Youth Olympics,People's Republic of China,Nanjing International Exhibition Center
Freestyle skiing at the 2016 Winter Youth Olympics,2016-01-01,Freestyle skiing at the 2012 Winter Youth Olympics,Norway,Kanthaugen Freestyle Arena
Snowboarding at the 2016 Winter Youth Olympics,2016-01-01,Snowboarding at the 2012 Winter Youth Olympics,Norway,Kanthaugen Freestyle Arena
Biathlon at the 2016 Winter Youth Olympics,2016-01-01,Biathlon at the 2012 Winter Youth Olympics,Norway,Birkebeineren Ski Stadium
Cross-country skiing at the 2016 Winter Youth Olympics,2016-01-01,Cross-country skiing at the 2012 Winter Youth Olympics,Norway,Birkebeineren Ski Stadium
Short track speed skating at the 2016 Winter Youth Olympics,2016-01-01,Short track speed skating at the 2012 Winter Youth Olympics,Norway,Gjøvik Olympic Cavern Hall
Luge at the 2016 Winter Youth Olympics,2016-01-01,Luge at the 2012 Winter Youth Olympics,Norway,Lillehammer Olympic Bobsleigh and Luge Track
Speed skating at the 2016 Winter Youth Olympics,2016-01-01,Speed skating at the 2012 Winter Youth Olympics,Norway,Vikingskipet
Fencing at the 2018 Summer Youth Olympics,2018-01-01,Fencing at the 2014 Summer Youth Olympics,Argentina,Villa Soldati
Sailing at the 2018 Summer Youth Olympics,2018-01-01,Sailing at the 2014 Summer Youth Olympics,Argentina,Club Universitario de Buenos Aires
Ice hockey at the 2016 Winter Youth Olympics,2016-01-01,Ice hockey at the 2012 Winter Youth Olympics,Norway,Kristins Hall
Curling at the 2016 Winter Youth Olympics,2016-01-01,Curling at the 2012 Winter Youth Olympics,Norway,Kristins Hall
Cycling at the 2018 Summer Youth Olympics,2018-01-01,Cycling at the 2014 Summer Youth Olympics,Argentina,Parque Tres de Febrero
Athletics at the 2010 Summer Youth Olympics,2010-01-01,Athletics at the 1998 World Youth Games,Singapore,Bishan Stadium
Alpine skiing at the 2016 Winter Youth Olympics,2016-01-01,Alpine skiing at the 2012 Winter Youth Olympics,Norway,Hafjell
Canoeing at the 2018 Summer Youth Olympics,2018-01-01,Canoeing at the 2014 Summer Youth Olympics,Argentina,Puerto Madero
Skeleton at the 2020 Winter Youth Olympics,2020-01-01,Skeleton at the 2016 Winter Youth Olympics,Switzerland,Olympia Bobrun St. Moritz–Celerina
