col0,col1,col2
Peñitas Dam,560,420
Mingechevir Hydro Power Plant,1550,420
Rybinsk Hydroelectric Station,524,356.4
Mauá Hydroelectric Plant,745,363
Três Marias Dam,2700,396
Génissiat Dam,165,420
Waneta Dam Expansion,290,335
Barrage de l'Aigle,289,349
Nova Avanhandava Dam,2038,347.4
Colíder Dam,1525,300
Fortuna Dam,600,300
Ust-Kamenogorsk Hydroelectric Power Plant,92,339.4
Trängslet Dam,850,300
Grodno Hydroelectric Power Station,95,17.8
Upper Kon tum hydropower plant,274,220
Se San 3 Hydropower plant,391,260
Ohau B,240,222
Buôn Kuốp Hydroelectric Power Station,1828,280
Kaptai Dam,670,230
Jägala cardboard factory,94,1.978
