col0,col1,col2,col3
Kungzandra Monastery,Bhutan,Tang Gewog,1488-01-01
Ghum Monastery,India,Ghum,1875-01-01
Chuzang,People's Republic of China,Huzhu Tu Autonomous County,1649-01-01
Chone Monastery,People's Republic of China,Jonê County,1269-01-01
Tashilhunpo Monastery,People's Republic of China,Shigatse,1447-01-01
Labrang Monastery,People's Republic of China,Xiahe County,1709-01-01
Ralung Monastery,People's Republic of China,Gyangzê County,1180-01-01
Ganden Sumtseling Monastery,People's Republic of China,Shangri-La City,1683-01-01
Paro Taktsang,Bhutan,Paro,1692-01-01
Meida Zhao,People's Republic of China,Baotou,1575-01-01
Katok Monastery,People's Republic of China,Baiyü County,1159-01-01
Yonghe Temple,People's Republic of China,Dongcheng District,1694-01-01
Rato Monastery,People's Republic of China,Qüxü County,1050-01-01
Nyethang Drolma Lhakhang Temple,People's Republic of China,Qüxü County,1055-01-01
Kumbum Monastery,People's Republic of China,Huangzhong County,1560-01-01
Amarbayasgalant Monastery,Mongolia,Selenge Province,1736-01-01
Lerab Ling,France,Roqueredonde,2006-01-01
Dargye Monastery,People's Republic of China,Garzê Tibetan Autonomous Prefecture,1642-01-01
Palyul,People's Republic of China,Garzê Tibetan Autonomous Prefecture,1665-01-01
Kagyu Samyé Ling Monastery and Tibetan Centre,United Kingdom,Dumfries and Galloway,1967-01-01
