col0,col1,col2,col3
The devil's chessboard,American English,geopolitics,political literature
The Hunt for Red October,English,Cold War,novel
Die Trying,English,terrorism,novel
Dead or Alive,English,terrorism,thriller
Men at Arms,English,World War II,novel
The Teeth of the Tiger,English,Central Intelligence Agency,crime novel
Spark of Life,German,The Holocaust,novel
A Dangerous Fortune,English,19th century,historical novel
The Dagger of Kamui,Japanese,ninja,novel
The Tristan Betrayal,English,World War II,thriller
Cathedral of the Sea,Spanish,Barcelona,historical novel
Red Rabbit,English,Central Intelligence Agency,novel
Pompeii,English,Pompeii,historical novel
The Man from St. Petersburg,English,Cold War,novel
TiHKAL,English,pharmacology,pharmacology
The Pillars of the Earth,English,12th century,historical novel
A Place Called Freedom,English,18th century,historical novel
The Key to Rebecca,English,World War II,thriller
The Broker,English,United States of America,thriller
The Phenomenology of Spirit,German,philosophy,philosophy
