col0,col1,col2,col3,col4
Saugos Eldership,4204,Lithuania,Saugos,190
Šateikiai Eldership,2811,Lithuania,Šateikiai,133.6
Tirkšliai Eldership,3883,Lithuania,Tirkšliai,119
Tverai Eldership,1305,Lithuania,Tverai,142
Seredžius Eldership,2464,Lithuania,Seredžius,136.64
Laižuva Eldership,965,Lithuania,Laižuva,58
Papilė Eldership,3752,Lithuania,Papilė,238
Maišiagala Eldership,2846,Lithuania,Maišiagala,101
Skaudvilė Eldership,3811,Lithuania,Skaudvilė,120
Pašvitinys Eldership,1700,Lithuania,Pašvitinys,157
Upyna Eldership,1830,Lithuania,Upyna,105.6
Aukštadvaris Eldership,2935,Lithuania,Aukštadvaris,213
Endriejavas Eldership,1960,Lithuania,Endriejavas,145
Gaurė Eldership,3005,Lithuania,Gaurė,218
Teneniai Eldership,530,Lithuania,Teneniai,42
Šaukėnai Eldership,2420,Lithuania,Šaukėnai,250
Mickūnai Eldership,5529,Lithuania,Mickūnai,82
Šimkaičiai Eldership,1997,Lithuania,Šimkaičiai,241
Rudamina Eldership,5982,Lithuania,Rudamina,47
Skaistgirys Eldership,2368,Lithuania,Skaistgirys,136
