col0,col1,col2
Bratten,Sweden,Lapland
Vormsele,Sweden,Lapland
Betsele,Sweden,Lapland
Brattfors,Sweden,Ångermanland
Håknäs,Sweden,Ångermanland
Sunnansjö,Sweden,Ångermanland
Gräsmyr,Sweden,Ångermanland
Mullsjö,Sweden,Ångermanland
Norrfors,Sweden,Ångermanland
Nyåker,Sweden,Ångermanland
Kyrkesund,Sweden,Bohuslän
Ormaryd,Sweden,Småland
Sattajärvi,Sweden,Pajala Municipality
Juhonpieti and Erkheikki,Sweden,Pajala Municipality
Aareavaara,Sweden,Pajala Municipality
Kaunisvaara,Sweden,Pajala Municipality
Svanabyn,Sweden,Dorotea Municipality
Avaträsk,Sweden,Dorotea Municipality
Högland,Sweden,Dorotea Municipality
Laiksjö,Sweden,Dorotea Municipality
Västra Ormsjö,Sweden,Dorotea Municipality
Lavsjö,Sweden,Dorotea Municipality
Lönneberga,Sweden,Lönneberga
Värmskog,Sweden,Värmskog
Storsjö,Sweden,Storsjö
