col0,col1,col2
Lindisfarne,4,Holy Island
St Michael's Mount,0.09,Cornwall
Cramond Island,0.077,City of Edinburgh
Bumpkin Island,0.25,Hingham
Lihou,36,Saint Peter's
île Madame,0.78,Port-des-Barques
Île d'Er,0.04,Plougrescant
Noirmoutier,48.7,Noirmoutier-en-l'Île
Hilbre Island,0.047,West Kirby
Tombelaine,0.03,Genêts
île-Grande,300,Pleumeur-Bodou
"Sanday, Inner Hebrides",1.84,Highland
Bernera Island,34,Argyll and Bute
Erraid,187,Argyll and Bute
Calve Island,0.72,Argyll and Bute
Island Davaar,0.52,Argyll and Bute
Oronsay,540,Argyll and Bute
Grand Bé,0.06,Saint-Malo
Petit Bé,0.02,Saint-Malo
St Patrick's Isle,0.05,Peel
