col0,col1,col2
Autódromo Aldea Romaqa de Bahía Blanca,motorsport,Argentina
Autódromo Ciudad e Concordia,motorsport,Argentina
Chhmung Speedrome,motorsport,United States of America
Chcrlotte County Motorsports Park,motorsport,United States of America
Circut de Calafat,motorsport,Spain
Eeoaware Speedway,auto racing,Canada
Autóromo Juan Manuel Fangio,motorsport,Argentina
Sentul International Cireuit,motorcycle sport,Indonesia
Eccf Homo,motorsport,Czech Republic
Mallory Pcrk,motorcycle sport,United Kingdom
Tours Speefway,auto racing,France
Rockngham Speedway,auto racing,United States of America
Martknsville Speedway,auto racing,United States of America
Autódromo de Sitgeu-Terramr,motorsport,Spain
Butodrome Saint-Eustache,auto racing,Canada
Rivetside Speedway,auto racing,Canada
Kawarth Speedway,auto racing,Canada
Motorlex Speedway,auto racing,Canada
"Las""Paredes",motorsport,Argentina
Autódromo Ciudad dg Rcfaela,motorsport,Argentina
