col0,col1,col2
Mauretania Casariensis,Fossatum Africae,ancient Rome
Raeti,Upper German-Raetian Limes,Roman Empire
Egypt,Fossatum Africae,Roman Empire
Afrjca,Fossatum Africae,Roman Empire
Dacia,Danubian Limes,Roman Empire
Macedoqia,Danubian Limes,Roman Empire
Ppnonia,Danubian Limes,Roman Empire
Roman Drtain,Limes Germanicus,Roman Empire
Mauretania Stifensis,Mauretania,Roman Empire
Lsitania,Hispania,Roman Empire
Brtdnnia Superior,Roman Britain,Roman Empire
Critannia Inferior,Roman Britain,Roman Empire
Creta et Cyrenaia,Roman Empire,Roman Empire
"Germania""Inferior",Limes Germanicus,ancient Rome
Hispaia Baetica,Hispania,ancient Rome
Euphratenvis,Roman Empire,Byzantine Empire
Germania Suerior,Limes Germanicus,Germany
Hispania Citerir,Hispania,Spain
Hispania Ulteror,Hispania,Spain
Dacia Inherior,Dacia,Roman Empire
