col0,col1,col2,col3
Drammensvassdraget,17110.82,Oppland,Drammenselva
Paatsjoki basin,18288.05,Murmansk Oblast,Paatsjoki
Audnavassdraget,454.51,Vest-Agder,Audna
Nea-Nidelvvassdraget,3118.24,Jämtland County,Nidelva
Orklavassdraget,3052.94,Hedmark,Orkla
Alta-Kautokeinovassdraget,7382.2,Finnmark,Altaelva
Voryema basin,236.7,Murmansk Oblast,Jakobselva
Glommavassdraget,41964.52,Østfold,Glomma
Västerdalälven-Ljøra,2033.45,Hedmark,Västerdal River
Mandalsvassdraget,1815.12,Aust-Agder,Mandalselva
Haldenvassdraget,1583.73,Østfold,Halden
Kvinavassdraget,1452.73,Aust-Agder,Kvina
Kragerøvassdraget,1238.11,Telemark,Drangedal
Kongsfjordvassdraget,276.83,Finnmark,Kongsfjordelva
Oppløyvassdraget,194.34,Trøndelag,Oppløyelva
Lauvsnesvassdraget,103.8,Trøndelag,Lauvsneselva
Rakkestadvassdraget,463.14,Østfold,Rakkestadelva
Tyssovassdraget,389.64,Hordaland,Tysso
Jølstravassdraget,716.56,Sogn og Fjordane,Jølstra
Årosvassdraget,113.9,Akershus,Åroselva
