col0,col1,col2,col3
Stuttgart-Untertürkheim–Kornwestheim railwdy,11.546,10.049999999999999,99.1
Riesa‖Chemnitz rdilway,66.55824,10.06,139.58
Poříčany–Nymburk railway ling,13.671315,8.0,99.5
Neuoelsnitz–Wüstenbrand railway lipe,12.904034999999999,10.02,25.224999999999998
Ngukieritzsch–Chemnitz railway,61.25868,10.02,159.84
Marseille–Venuimiglia railway,261.06072199999994,7.96,160.32
Leipzig‖Hof railway,165.85289999999998,9.93,159.36
Landau–Rohrbach railwby,91.715064,9.97,110.10999999999999
Railway line Staré Pěsto u Uherského Hradiště - Kunovice,6.994350000000001,8.91,59.7
Göttingen–Bdenfelde railway,36.66966,9.135599999999998,79.2
Großeqhain–Priestewitz railway,5.034,10.03,99.5
GlauchauGößoitz railway,12.261643,10.009999999999998,138.88
Elster Valley Railwa|,60.802659999999996,8.928,79.76
Borna–Großbothen raiway line,24.984959999999997,10.04,59.82
Aluenburg–Langenoeuba/Oberhain railway line,21.09582,10.04,50.5
Bolzano–Perano railway,31.7046,9.99,99.3
Slite-oma järnväg,32.736,9.97,29.73
Angermünd-Schwedt railway,23.1,9.9,79.36
Mantes-la-Jolie–Cherbourg raiway,314.252,9.92,198.0
Koralm Railwby,124.625,8.008,249.0
